<?xml version="1.0" encoding="utf-8"?>
<COLLADA xmlns="http://www.collada.org/2005/11/COLLADASchema" version="1.4.1" xmlns:xsi="http://www.w3.org/2001/XMLSchema-instance">
  <asset>
    <contributor>
      <author>Blender User</author>
      <authoring_tool>Blender 4.4.3 commit date:2025-04-29, commit time:14:09, hash:802179c51ccc</authoring_tool>
    </contributor>
    <created>2025-07-08T13:22:12</created>
    <modified>2025-07-08T13:22:12</modified>
    <unit name="meter" meter="1"/>
    <up_axis>Z_UP</up_axis>
  </asset>
  <library_cameras>
    <camera id="Camera-camera" name="Camera">
      <optics>
        <technique_common>
          <perspective>
            <xfov sid="xfov">39.59775</xfov>
            <aspect_ratio>1.777778</aspect_ratio>
            <znear sid="znear">0.1</znear>
            <zfar sid="zfar">100</zfar>
          </perspective>
        </technique_common>
      </optics>
      <extra>
        <technique profile="blender">
          <shiftx sid="shiftx" type="float">0</shiftx>
          <shifty sid="shifty" type="float">0</shifty>
          <dof_distance sid="dof_distance" type="float">10</dof_distance>
        </technique>
      </extra>
    </camera>
  </library_cameras>
  <library_lights>
    <light id="Light-light" name="Light">
      <technique_common>
        <point>
          <color sid="color">1000 1000 1000</color>
          <constant_attenuation>1</constant_attenuation>
          <linear_attenuation>0</linear_attenuation>
          <quadratic_attenuation>0</quadratic_attenuation>
        </point>
      </technique_common>
      <extra>
        <technique profile="blender">
          <type sid="type" type="int">0</type>
          <flag sid="flag" type="int">0</flag>
          <mode sid="mode" type="int">2097153</mode>
          <red sid="red" type="float">1</red>
          <green sid="green" type="float">1</green>
          <blue sid="blue" type="float">1</blue>
          <energy sid="blender_energy" type="float">1000</energy>
          <spotsize sid="spotsize" type="float">75</spotsize>
          <spotblend sid="spotblend" type="float">0.15</spotblend>
          <clipsta sid="clipsta" type="float">0.04999995</clipsta>
          <clipend sid="clipend" type="float">40</clipend>
          <radius sid="radius" type="float">0.1</radius>
          <area_shape sid="area_shape" type="int">1</area_shape>
          <area_size sid="area_size" type="float">0.1</area_size>
          <area_sizey sid="area_sizey" type="float">0.1</area_sizey>
          <area_sizez sid="area_sizez" type="float">1</area_sizez>
        </technique>
      </extra>
    </light>
  </library_lights>
  <library_effects>
    <effect id="Shape_006-effect">
      <profile_COMMON>
        <technique sid="common">
          <lambert>
            <emission>
              <color sid="emission">0 0 0 1</color>
            </emission>
            <diffuse>
              <color sid="diffuse">1 0 0 1</color>
            </diffuse>
            <index_of_refraction>
              <float sid="ior">1.5</float>
            </index_of_refraction>
          </lambert>
        </technique>
      </profile_COMMON>
    </effect>
    <effect id="Shape_001-effect">
      <profile_COMMON>
        <technique sid="common">
          <lambert>
            <emission>
              <color sid="emission">0 0 0 1</color>
            </emission>
            <diffuse>
              <color sid="diffuse">0.003178052 0.003178052 0.003178052 1</color>
            </diffuse>
            <index_of_refraction>
              <float sid="ior">1.5</float>
            </index_of_refraction>
          </lambert>
        </technique>
      </profile_COMMON>
    </effect>
    <effect id="Shape_005-effect">
      <profile_COMMON>
        <technique sid="common">
          <lambert>
            <emission>
              <color sid="emission">0 0 0 1</color>
            </emission>
            <diffuse>
              <color sid="diffuse">1 0 0 1</color>
            </diffuse>
            <index_of_refraction>
              <float sid="ior">1.5</float>
            </index_of_refraction>
          </lambert>
        </technique>
      </profile_COMMON>
    </effect>
    <effect id="Shape_007-effect">
      <profile_COMMON>
        <technique sid="common">
          <lambert>
            <emission>
              <color sid="emission">0 0 0 1</color>
            </emission>
            <diffuse>
              <color sid="diffuse">1 0.168627 0.168627 1</color>
            </diffuse>
            <index_of_refraction>
              <float sid="ior">1.5</float>
            </index_of_refraction>
          </lambert>
        </technique>
      </profile_COMMON>
    </effect>
    <effect id="Shape_008-effect">
      <profile_COMMON>
        <technique sid="common">
          <lambert>
            <emission>
              <color sid="emission">0 0 0 1</color>
            </emission>
            <diffuse>
              <color sid="diffuse">1 0 0 1</color>
            </diffuse>
            <index_of_refraction>
              <float sid="ior">1.5</float>
            </index_of_refraction>
          </lambert>
        </technique>
      </profile_COMMON>
    </effect>
    <effect id="Shape_009-effect">
      <profile_COMMON>
        <technique sid="common">
          <lambert>
            <emission>
              <color sid="emission">0 0 0 1</color>
            </emission>
            <diffuse>
              <color sid="diffuse">1 0 0 1</color>
            </diffuse>
            <index_of_refraction>
              <float sid="ior">1.5</float>
            </index_of_refraction>
          </lambert>
        </technique>
      </profile_COMMON>
    </effect>
  </library_effects>
  <library_images/>
  <library_materials>
    <material id="Shape_006-material" name="Shape.006">
      <instance_effect url="#Shape_006-effect"/>
    </material>
    <material id="Shape_001-material" name="Shape.001">
      <instance_effect url="#Shape_001-effect"/>
    </material>
    <material id="Shape_005-material" name="Shape.005">
      <instance_effect url="#Shape_005-effect"/>
    </material>
    <material id="Shape_007-material" name="Shape.007">
      <instance_effect url="#Shape_007-effect"/>
    </material>
    <material id="Shape_008-material" name="Shape.008">
      <instance_effect url="#Shape_008-effect"/>
    </material>
    <material id="Shape_009-material" name="Shape.009">
      <instance_effect url="#Shape_009-effect"/>
    </material>
  </library_materials>
  <library_geometries>
    <geometry id="Shape_IndexedFaceSet_006-mesh" name="Shape_IndexedFaceSet.006">
      <mesh>
        <source id="Shape_IndexedFaceSet_006-mesh-positions">
          <float_array id="Shape_IndexedFaceSet_006-mesh-positions-array" count="7194">-0.02353495 0.241825 -0.004999995 -0.02353495 0.241825 0.007999956 -0.01999896 0.2382889 0 -0.01999896 0.2382889 0.007999956 -0.01976299 0.2429239 0.007984995 -0.01989316 0.2432168 -0.004999995 -0.01957732 0.2445859 0.00798887 -0.019194 0.2449508 -0.004999995 -0.01819682 0.241885 0.007981419 -0.01850879 0.2419509 -0.004999995 -0.01804161 0.2452524 0.007984995 -0.01753491 0.2451048 -0.004999995 -0.01695042 0.2425292 -0.004999995 -0.01667553 0.2429817 0.007985889 -0.01682251 0.2444357 0.007988572 -0.01663911 0.2439592 -0.004999995 -0.01521998 0.2397716 -0.005034327 -0.01349461 0.245238 -0.005068004 -0.01257526 0.2335857 -0.005114495 -0.01361036 0.238488 -0.005607962 -0.01315194 0.2421486 -0.005838096 -0.01278018 0.2404825 -0.006766438 -0.01260191 0.2393931 -0.007415115 -0.01187151 0.2447636 -0.006103992 -0.01256799 0.230858 -0.02499997 -0.01256799 0.230858 -0.004999995 -0.01252144 0.2410694 -0.02499997 -0.009050846 0.2489858 -0.005302071 -0.01178371 0.2437234 -0.007530331 -0.01130223 0.2447173 -0.02499997 -0.01048272 0.2468864 -0.005872189 -0.01111537 0.2352147 -0.01475471 -0.01062846 0.2345538 -0.01652735 -0.006385564 0.2509721 -0.005045115 -0.01019638 0.2340484 -0.01329392 -0.009904921 0.2463384 -0.007202029 -0.009951293 0.2381312 -0.02500081 -0.01007801 0.2410506 -0.004999995 -0.009208858 0.2434461 -0.02499997 -0.009555697 0.2374408 -0.004999458 -0.009341299 0.2332973 -0.01633363 -0.009340941 0.2370928 -0.01487511 -0.008760571 0.2328652 -0.01463472 -0.008728981 0.2361694 -0.01651555 -0.008143603 0.2475195 -0.02499997 -0.008540987 0.235951 -0.01339054 -0.008578121 0.2550923 0.007984876 -0.00805521 0.2354653 -0.02499973 -0.007428169 0.2349281 -0.00500065 -0.007375299 0.2480315 -0.006875038 -0.008544683 0.2554107 -0.004999995 -0.007912337 0.2535625 0.007986783 -0.00797981 0.2536241 -0.004999995 -0.007612228 0.2351016 -0.01640594 -0.007583975 0.2564388 0.007985889 -0.007662415 0.2351452 -0.0136094 -0.006849825 0.2566087 -0.004999995 -0.006955623 0.2346946 -0.01482647 -0.006248712 0.2533706 0.007992267 -0.006125986 0.2533975 -0.004999995 -0.005810856 0.2458023 -0.02499997 -0.007478415 0.245176 -0.004999995 -0.00631088 0.2564092 0.007990181 -0.005345106 0.2485051 -0.007515728 -0.00540471 0.2339466 -0.02500057 -0.005059838 0.2485114 -0.02499997 -0.00585699 0.259502 -0.004999995 -0.00585699 0.259502 0.007999956 -0.005255699 0.2552805 -0.004999995 -0.005385398 0.2555737 0.007985174 1.79781e-4 0.2502815 -0.005051374 -0.005715966 0.2240059 0 -0.005715966 0.2240059 0.007999956 -0.003646314 0.2500045 -0.005450606 -0.00541526 0.2542994 0.007988691 -0.003706932 0.2490471 -0.006409883 -0.00330007 0.2338755 -0.004999995 -0.00196433 0.2458187 -0.02500081 -0.00217086 0.2459198 -0.00499916 -0.003594934 0.2250316 -0.02499997 -0.003538072 0.2248192 -0.004999995 -0.003186643 0.2275007 -0.02499997 -0.003419041 0.2269376 -0.004999995 -0.002158224 0.2484107 -0.007510721 -0.001800358 0.222747 -0.02499997 -0.001948773 0.2228891 -0.004999995 -0.002140045 0.2285475 -0.004999995 -0.001360952 0.2481835 -0.02499997 -0.002320945 0.255967 0 -0.002320945 0.255967 0.007999956 -0.00217998 0.21247 -0.02499997 -0.002157628 0.2124089 -0.01746022 -0.002188861 0.212595 -0.01461851 -0.002194643 0.2126902 -0.002371728 -0.002198696 0.2126013 3.80044e-4 -0.00217998 0.2124699 0.007999956 -0.00217998 0.2136756 -0.01666337 -0.00217998 0.213761 -0.0154438 -0.00217998 0.2136756 -0.001663386 -0.00217998 0.213761 -4.43797e-4 -0.00217992 0.2176836 -0.01638025 -0.00217992 0.2176836 -0.001380264 -0.002180039 0.2180922 -0.01502305 -0.002180039 0.2180922 -2.30737e-5 -0.00217992 0.2189207 -0.01739227 -0.00217998 0.2187394 -0.002335488 -0.002180099 0.2196878 -0.01464045 -0.00217992 0.2192203 3.92138e-4 -0.00217998 0.2199278 -0.002119004 -0.00217998 0.2204126 -0.0165959 -0.00217992 0.2204561 -6.18903e-4 -0.00217998 0.22047 -0.02499997 -0.00217998 0.22047 0.007999956 -0.001563072 0.2344166 -0.02499997 -0.001997351 0.2251849 -0.004999995 -0.001999497 0.2252885 0.007999956 -0.001152396 0.2289562 -0.02499997 -0.001585543 0.2270454 -0.004999995 -0.001684367 0.2269465 0.007999956 -0.001191616 0.2114815 -0.01495844 -9.21695e-4 0.2112116 -0.001782417 -0.001191616 0.2114815 4.15129e-5 -9.98396e-4 0.2241873 0.007999956 -4.82878e-4 0.2240446 -0.004999995 -8.25971e-4 0.211116 -0.01634293 -3.02719e-4 0.248597 -0.005821228 -0.001080989 0.2452779 -0.01482671 0.001006424 0.2362776 -0.004999995 -4.74421e-4 0.2449015 -0.0163626 -2.01705e-4 0.244697 -0.01348429 8.43459e-5 0.2225871 -0.004999995 7.24817e-5 0.2273605 -0.004999995 1.76167e-4 0.2273584 0.007999956 -6.7803e-5 0.2289787 -0.004999995 6.68491e-4 0.2471915 -0.007503092 -1.8e-4 0.21047 -0.02499997 -1.8e-4 0.21047 0.007999956 5.26457e-4 0.2440017 -0.02499979 8.961e-4 0.2435724 -0.005000948 4.67562e-4 0.2243661 0.007999956 0.001118421 0.2365999 -0.02499997 5.60982e-4 0.243949 -0.01657444 9.8218e-4 0.2434231 -0.01368081 0.001512467 0.2230563 -0.02499997 0.001317203 0.2285469 -0.02499997 9.94848e-4 0.2248934 -0.004999995 0.001173615 0.2263594 -0.004999995 6.94157e-4 0.2471279 -0.01487565 0.001232564 0.2429986 -0.01556366 0.001316368 0.2258439 0.007999956 0.002073824 0.2472176 -0.005871891 0.00191605 0.2461597 -0.01670557 0.001974821 0.2235412 -0.004999995 0.001818239 0.2281624 -0.004999995 0.001869678 0.2462247 -0.01336199 0.002095162 0.2411706 -0.02500039 0.0018996 0.2104686 -0.01776033 0.0018996 0.2104686 -0.00276035 0.001795887 0.2112058 -0.01526677 0.001795887 0.2112058 -2.66818e-4 0.001768946 0.2138411 -0.01564252 0.001762151 0.2138385 -6.29517e-4 0.001744627 0.2176238 -0.01577782 0.001777648 0.2177376 -6.3108e-4 0.001778364 0.2204018 -0.01636976 0.001778364 0.2204018 -0.001369774 0.001925468 0.2224709 -0.01418519 0.001935064 0.2224711 8.20618e-4 0.001828908 0.2179847 -0.001960039 0.001823306 0.2201912 -0.01510941 0.001845777 0.2200965 5.97731e-5 0.00180453 0.2112747 -0.01667755 0.00180453 0.2112747 -0.001677572 0.001828491 0.2135303 -0.01688843 0.001828491 0.2135303 -0.001888453 0.001880466 0.2183266 -0.01716065 0.001906275 0.2185314 2.83685e-4 0.00191766 0.2195041 -0.01733875 0.00191766 0.2195041 -0.002338767 0.001935362 0.2123395 -0.01741135 0.001935362 0.2123395 -0.002411365 0.001928865 0.2127122 -0.01462024 0.001929461 0.2127123 3.79727e-4 0.001929521 0.2188681 -0.01462018 0.002087891 0.2104684 -0.01385766 0.002081692 0.2104667 0.001133978 0.002065777 0.2224727 -0.01809197 0.002065777 0.2224727 -0.003091931 0.002061009 0.240289 -0.004999995 0.004552304 0.2471362 -0.005032479 0.002903342 0.2260816 -0.02499997 0.002963423 0.2449368 -0.01403391 0.002606391 0.2169128 -0.02499997 0.002926528 0.2157284 -0.01963341 0.002647459 0.2170589 -0.01285719 0.002637922 0.2165095 -0.0041278 0.002778172 0.217512 0.002372503 0.002606391 0.2166273 0.007999956 0.002845704 0.2176041 -0.01946896 0.002845704 0.2159358 0.002468943 0.002854406 0.2258837 -0.004999995 0.002901554 0.2158845 -0.01245588 0.002923488 0.2176741 -0.004573523 0.00295943 0.2449298 -0.01580363 0.003032386 0.2157797 -0.02499997 0.003032445 0.2177603 0.007999956 0.003598868 0.2153775 -0.005398392 0.003832042 0.2152807 0.008000075 0.003269076 0.2179362 -0.02499991 0.003598868 0.2181625 -0.0116015 0.004293143 0.210471 -0.02101016 0.003629446 0.2104701 -0.01159936 0.003664314 0.2104702 -0.005426228 0.003629446 0.2104702 0.003400564 0.003629446 0.2224697 -0.02040058 0.003664433 0.2224696 -0.01157361 0.003629446 0.2224697 -0.005400598 0.003664433 0.2224696 0.003426313 0.004467725 0.2448706 -0.005568683 0.004612267 0.2154351 -0.02499997 0.004663467 0.2154561 -0.01080268 0.004449725 0.2154065 0.004054784 0.004040837 0.2181465 -0.02074152 0.004041552 0.2181459 -0.005742132 0.004101812 0.2181634 0.003794252 0.00461179 0.218105 0.007999956 0.00456959 0.2180654 -0.02500003 0.005138993 0.2158162 -0.02144318 0.005161225 0.2159608 -0.00644201 0.005151569 0.2175713 -0.02143722 0.00534904 0.217351 -0.01046645 0.005220174 0.2174944 -0.006471633 0.005465567 0.2170367 0.004584312 0.00538659 0.2164378 0.007999897 0.006153166 0.2438151 -0.005048871 0.005387544 0.2169162 -0.02499991 0.006328463 0.2104691 -0.01000404 0.005973577 0.2104697 -0.006822407 0.006328463 0.210469 0.004995882 0.006329476 0.2224714 -0.0219962 0.005423963 0.22247 -0.01044499 0.006329476 0.2224714 -0.006996214 0.005423963 0.22247 0.004554986 0.008600592 0.210469 -0.02212905 0.00859946 0.2224713 -0.009870767 0.00859946 0.2224713 0.005129218 0.007695078 0.2367469 -0.02499997 0.007695078 0.2374271 -0.004999995 0.008339047 0.234961 -0.004999995 0.008339047 0.2392129 -0.02499997 0.01388764 0.2224699 -0.01601582 0.01388764 0.2224699 -0.001015841 0.008513092 0.234856 -0.02499997 0.008513092 0.2393179 -0.004999995 0.009153664 0.2104697 -0.006942689 0.009368956 0.2362835 -0.004999995 0.009284436 0.2374615 0.007999956 0.009879112 0.2356331 0.007999956 0.009599387 0.2381658 -0.004999995 0.009554982 0.21047 -0.01020395 0.009554982 0.21047 0.004795968 0.009554982 0.22247 -0.02179598 0.009554982 0.22247 -0.006795942 0.009549975 0.2171627 -0.02499985 0.00967282 0.2171875 -0.02176123 0.009588897 0.2165538 -0.01021182 0.009588897 0.2169861 -0.006788134 0.00967282 0.2163525 0.004761219 0.009650766 0.2162085 0.007999897 0.009843111 0.2159695 -0.02170884 0.009843111 0.2175705 0.004708886 0.01019591 0.2386235 0.007999956 0.01002436 0.2158 -0.006638169 0.01028102 0.218013 -0.01045823 0.01007777 0.2178288 0.008000016 0.01058 0.2153794 -0.02500003 0.01052403 0.2154475 -0.01057112 0.01052868 0.2154451 0.004426479 0.01052868 0.2180948 -0.02142643 0.01052403 0.2180925 -0.006428837 0.01120954 0.2337716 -0.02499997 0.01101171 0.2338206 -0.004999995 0.01101171 0.2403534 -0.02499997 0.01120954 0.2404024 -0.004999995 0.01105737 0.2354031 -0.004999995 0.01141536 0.2387393 -0.004999995 0.01130431 0.2153658 -0.02098178 0.01130276 0.2153655 -0.005982816 0.01095026 0.2153934 0.007999956 0.01134091 0.2181742 -0.02499997 0.01130431 0.2181742 0.003981828 0.01146948 0.2104701 -0.02085703 0.01143157 0.2104704 -0.01112508 0.01084494 0.21047 -0.006238996 0.01143157 0.2104704 0.003874897 0.01143699 0.2224695 -0.02087211 0.01146942 0.2224697 -0.01114284 0.01143699 0.2224695 -0.00587213 0.01146942 0.2224697 0.003857076 0.01187872 0.2179895 0.008000075 0.01177954 0.2356787 0.007999956 0.01168137 0.2385519 0.007999956 0.01218801 0.2159122 -0.01178342 0.0117321 0.2156029 0.003633439 0.01215666 0.217645 -0.02024686 0.01206147 0.2177629 -0.01165348 0.01174038 0.2179337 -0.005623579 0.01213282 0.2159469 -0.02499997 0.01224344 0.2160381 0.007999956 0.01196199 0.241683 0 0.01196199 0.241683 0.007999956 0.01315349 0.2104678 -0.004163265 0.01227813 0.2162842 -0.0200895 0.01243036 0.2168141 0.002924203 0.01232933 0.2171396 -0.02499997 0.01242613 0.2167288 -0.004928648 0.01265197 0.2367812 -0.004999995 0.0126301 0.2371575 0.007999956 0.0132904 0.2348567 -0.004999995 0.0132606 0.2394905 -0.02499991 0.0133 0.2104677 -0.0187714 0.01330113 0.2104686 -0.01321762 0.01330113 0.2104675 0.001782298 0.01330906 0.2224717 -0.01877212 0.01331341 0.2224717 -0.01324933 0.01330906 0.2224717 -0.003772139 0.01331341 0.2224717 0.001750588 0.01367485 0.2353578 -0.02499997 0.01367485 0.2388162 -0.004999995 0.01373666 0.2118978 -0.01727598 0.01371711 0.2127627 -0.01464903 0.01373666 0.2118979 -0.002275943 0.01371711 0.2127627 3.50934e-4 0.01373481 0.2185357 -0.01728498 0.01371634 0.2193455 -0.01464235 0.01373481 0.2185357 -0.002284944 0.01371634 0.2193455 3.57612e-4 0.01379412 0.2134984 -0.01705688 0.01379412 0.2134984 -0.002056837 0.01379436 0.2200969 -0.01705908 0.01379436 0.2200969 -0.002059102 0.01379317 0.211452 -0.01497334 0.01379317 0.211452 2.66349e-5 0.01380717 0.2179839 -0.01504123 0.01380717 0.2179839 -4.12617e-5 0.01385211 0.2137656 -0.01546192 0.01385211 0.2137656 -4.61971e-4 0.01385617 0.2203655 -0.0154615 0.01385617 0.2203655 -4.61541e-4 0.01549798 0.21047 -0.02499997 0.01388829 0.2104711 -0.01598459 0.01388829 0.210472 -9.84589e-4 0.01387202 0.2111234 -0.01633512 0.01387202 0.2111234 -0.001335144 0.01386189 0.2177391 -0.01638251 0.01386189 0.2177391 -0.001382529 0.01410669 0.2367427 -0.004999995 0.01410669 0.2374312 -0.02499997 0.01549798 0.21047 0.007999956 0.01549798 0.238148 -0.004999995 0.01749795 0.2361482 0.007999956 0.01624834 0.211214 -0.01521527 0.01614272 0.2111159 -6.57249e-4 0.01651155 0.2114834 -0.0170421 0.01651173 0.2114834 -0.002042055 0.01747548 0.2124091 4.60237e-4 0.01749795 0.2124699 -0.02499997 0.01753652 0.2130852 -0.01730275 0.01751494 0.2126908 -0.01462835 0.01752722 0.213083 -0.002303719 0.01749795 0.2124699 0.007999956 0.01749789 0.213843 -0.01564037 0.01749789 0.213843 -6.404e-4 0.01749795 0.2176836 -0.01561969 0.01749795 0.2176836 -6.19723e-4 0.01749801 0.2180886 -0.01697456 0.01749801 0.2182029 -0.002115488 0.01749795 0.2189207 -0.01460766 0.01749795 0.2189207 3.9229e-4 0.01749795 0.2192203 -0.01739209 0.01749795 0.2193999 -0.002335846 0.01749801 0.2200509 -0.01502507 0.01749801 0.2200509 -2.50746e-5 0.01749795 0.2204561 -0.01638108 0.01749795 0.2204561 -0.001381039 0.01749795 0.2361479 -0.02499997 0.002065598 0.08449184 -0.07299995 0.001782059 0.08283144 -0.023 0.001917243 0.0811882 -0.07299995 0.00229001 0.08005446 -0.023 0.002802729 0.0859512 -0.023 0.003157198 0.0786491 -0.07299995 0.002774536 0.08151811 -0.07299995 0.002786695 0.08214783 -0.023 0.003750205 0.08564013 -0.07299995 0.003410875 0.08503764 -0.023 0.003596723 0.07973939 -0.023 0.003969073 0.08716273 -0.07299995 0.004368782 0.0774827 -0.023 0.004589021 0.07862442 -0.07299995 0.005374431 0.08802998 -0.023 0.006260335 0.07760185 -0.023 0.005828142 0.07674562 -0.07299995 0.006370186 0.0874316 -0.023 0.006508171 0.08840268 -0.07299995 0.00663042 0.08740383 -0.07299995 0.007293641 0.07744014 -0.07299995 0.007488489 0.07646209 -0.023 0.008151412 0.08853787 -0.023 0.009171843 0.08736145 -0.07299995 0.009811818 0.08825433 -0.07299995 0.009131789 0.07659727 -0.07299995 0.01005232 0.07792919 -0.023 0.009392023 0.08726406 -0.023 0.01026546 0.07696998 -0.023 0.01096749 0.07843661 -0.07299995 0.01127117 0.08751726 -0.023 0.01201456 0.08547061 -0.07299995 0.01153665 0.08597284 -0.023 0.01167088 0.07783722 -0.07299995 0.01242899 0.08034694 -0.023 0.01248276 0.08635085 -0.07299995 0.01283723 0.07904875 -0.023 0.01285314 0.08175927 -0.07299995 0.01280564 0.08327764 -0.023 0.01334995 0.08494549 -0.023 0.0135743 0.08050811 -0.07299995 0.01372265 0.08381175 -0.07299995 0.0138579 0.08216857 -0.023 0.001890897 0.01709997 3.34225e-4 0.001967251 0.22247 6.37148e-4 0.00202322 0.01709997 -0.002652645 0.001967132 0.22247 -0.002441585 0.00355339 0.01709997 -0.005328595 0.003336489 0.22247 -0.00510329 0.002877533 0.01709997 1.6975e-4 0.002952754 0.22247 4.51122e-4 0.003446578 0.01709997 -0.003720343 0.003280699 0.22247 -0.003433227 0.003715693 0.01709997 0.003482401 0.003951072 0.22247 0.003687143 0.005099654 0.01709997 0.003373324 0.00538671 0.22247 0.003539264 0.006650209 0.01709997 -0.005942404 0.006368875 0.22247 -0.005867183 0.006790697 0.01709997 -0.006989836 0.007061243 0.22247 -0.00710082 0.007600903 0.01709997 0.005143702 0.00732243 0.22247 0.005057036 0.008989691 0.01709997 0.00394243 0.009271085 0.22247 0.003867208 0.0105403 0.01709997 -0.005373358 0.01025325 0.22247 -0.005539238 0.010993 0.01709997 -0.006265163 0.01087331 0.22247 0.004255175 0.01068186 0.22247 -0.006304442 0.01114106 0.01709997 0.004030644 0.01219338 0.01709997 0.001720309 0.01235926 0.22247 0.001433193 0.01291382 0.22247 -0.004314959 0.01276242 0.01709997 -0.002169728 0.0126872 0.22247 -0.002451121 0.01350599 0.01709997 0.001338303 0.01332843 0.22247 0.001568496 0.01358515 0.01709997 -0.002923905 0.01383578 0.22247 -0.001379191 0.002044856 0.01709997 -0.01789265 0.001753687 0.22247 -0.01637393 0.001909196 0.01709997 -0.01481807 0.002359926 0.22247 -0.01344627 0.003056108 0.22247 -0.01977384 0.003158092 0.01709997 -0.01210039 0.002842545 0.01709997 -0.0146774 0.002709925 0.22247 -0.01664036 0.003417551 0.01709997 -0.01853287 0.003689765 0.01709997 -0.02038997 0.003798723 0.22247 -0.01289778 0.004291772 0.22247 -0.01105141 0.004717767 0.22247 -0.02002125 0.005287051 0.01709997 -0.01159757 0.006497383 0.01709997 -0.02097737 0.006371736 0.01709997 -0.02190268 0.00663203 0.22247 -0.02203202 0.005697429 0.01709997 -0.01035827 0.007179617 0.22247 -0.01088994 0.008391141 0.22247 -0.009878814 0.008460342 0.22247 -0.02110999 0.008664429 0.01709997 -0.009981393 0.009142577 0.01709997 -0.01102256 0.01000177 0.01709997 -0.02167218 0.0103529 0.01709997 -0.02040243 0.01092219 0.22247 -0.01197868 0.01030129 0.22247 -0.02149319 0.01241999 0.01709997 -0.01192122 0.01264971 0.22247 -0.01219618 0.01184123 0.22247 -0.01910215 0.0122224 0.01709997 -0.01346707 0.01279741 0.01709997 -0.01732259 0.01285248 0.01709997 -0.01940757 0.01266956 0.22247 -0.01966303 0.01293003 0.22247 -0.01535964 0.01389658 0.01709997 -0.01592135 0.01389241 0.22247 -0.01623392 0.00193727 -0.22247 -0.002526998 0.001742362 -0.01709997 -9.93005e-4 0.002119541 -0.22247 0.001107096 0.003173112 -0.01709997 0.00302571 0.002827823 -0.01709997 -0.004466354 0.002933979 -0.22247 -0.002627968 0.003109216 -0.01709997 0.001082062 0.003089487 -0.01709997 -0.002848267 0.003863334 -0.22247 -0.00561279 0.003284811 -0.22247 0.001286566 0.004344403 -0.22247 0.003985822 0.005533397 -0.22247 -0.005535125 0.0057379 -0.01709997 -0.005710721 0.005201637 -0.01709997 -0.006429255 0.006191968 -0.22247 0.003885924 0.00597167 -0.01709997 0.003730475 0.006906032 -0.01709997 0.00500822 0.006564021 -0.22247 -0.006895482 0.008418321 -0.22247 0.005118489 0.008122324 -0.01709997 -0.007070243 0.009447932 -0.22247 -0.005885958 0.00990206 -0.01709997 0.003710746 0.009641826 -0.22247 -0.006798267 0.00966829 -0.01709997 -0.00573045 0.01010656 -0.22247 0.003535151 0.009872436 -0.01709997 0.004666805 0.01104104 -0.01709997 -0.006094753 0.01222217 -0.22247 0.003189921 0.01243144 -0.01709997 0.002958178 0.01235514 -0.22247 -0.00328654 0.01253074 -0.01709997 -0.003082036 0.01215976 -0.22247 -0.005182862 0.01270598 -0.22247 6.27974e-4 0.01255047 -0.01709997 8.48302e-4 0.01313048 -0.01709997 -0.003954648 0.01370471 -0.22247 -0.002518832 0.01366561 -0.22247 4.69443e-4 0.01386696 -0.01709997 -3.90421e-4 0.001745402 -0.22247 -0.01581305 0.001886188 -0.01709997 -0.01494085 0.002056419 -0.01709997 -0.01792687 0.003049075 -0.22247 -0.01987773 0.002942979 -0.22247 -0.01237416 0.003135442 -0.01709997 -0.01212853 0.002724647 -0.22247 -0.01675021 0.002743124 -0.01709997 -0.01586383 0.00375545 -0.22247 -0.01295393 0.004291772 -0.01709997 -0.01224744 0.00406748 -0.01709997 -0.01952821 0.003783464 -0.01709997 -0.02047717 0.004773914 -0.22247 -0.02006453 0.005374252 -0.22247 -0.01049101 0.00679636 -0.01709997 -0.009937644 0.0073421 -0.22247 -0.02212929 0.00698626 -0.01709997 -0.02209103 0.007069766 -0.22247 -0.01090461 0.007956147 -0.01709997 -0.01092314 0.008570194 -0.22247 -0.02109533 0.007683813 -0.01709997 -0.02107685 0.008312284 -0.22247 -0.009941995 0.01150721 -0.01709997 -0.01108098 0.01086598 -0.22247 -0.01193541 0.01157248 -0.01709997 -0.01247179 0.01134818 -0.01709997 -0.0197525 0.01139336 -0.22247 -0.02091586 0.01166093 -0.01709997 -0.02080017 0.01120096 -0.22247 -0.01101011 0.01188451 -0.22247 -0.019046 0.01291531 -0.22247 -0.01524978 0.01322144 -0.22247 -0.01321423 0.01289683 -0.01709997 -0.0161361 0.01380574 -0.22247 -0.01739984 0.01352065 -0.01709997 -0.01404231 0.01379525 -0.01709997 -0.01710796 -0.02353495 -0.241825 -0.004999995 -0.02353495 -0.241825 0.007999956 -0.01999896 -0.2382889 0 -0.01999896 -0.2382889 0.007999956 -0.01976364 -0.2442614 0.007986247 -0.01974374 -0.2428959 -0.004999995 -0.01946401 -0.2424097 0.007981598 -0.01958984 -0.244555 -0.004999995 -0.01883727 -0.2450948 0.007988631 -0.01838415 -0.2419345 -0.004999995 -0.01785582 -0.2452542 -0.004999995 -0.01756298 -0.2451241 0.007984995 -0.01740539 -0.2420948 0.007985472 -0.01687359 -0.2426293 -0.004999995 -0.01666754 -0.2440653 -0.004999995 -0.01656979 -0.2437786 0.007986843 -0.01444214 -0.2429579 -0.005065917 -0.01500958 -0.2382467 -0.005045533 -0.01352703 -0.238124 -0.005604863 -0.01257646 -0.2338718 -0.005155503 -0.01153469 -0.2478433 -0.005070686 -0.01340663 -0.2413713 -0.005878448 -0.01262247 -0.239544 -0.007358431 -0.01213014 -0.2448712 -0.00576055 -0.01222294 -0.2427539 -0.007207036 -0.01240563 -0.2419639 -0.02499997 -0.01256799 -0.230858 -0.02499997 -0.01256799 -0.230858 -0.004999995 -0.01051598 -0.2468546 -0.005872547 -0.01051795 -0.2457063 -0.007258355 -0.01069903 -0.245398 -0.02499997 -0.01113903 -0.235244 -0.01463347 -0.01070773 -0.2346642 -0.01633304 -0.009955823 -0.2338078 -0.01329404 -0.008482396 -0.2502354 -0.005034208 -0.009451627 -0.2333766 -0.01652747 -0.009912073 -0.2417501 -0.02499997 -0.009797275 -0.2420966 -0.004999995 -0.009826004 -0.2381076 -0.02500027 -0.009888112 -0.2382451 -0.004999697 -0.009293496 -0.2370207 -0.01471811 -0.008977651 -0.2364919 -0.01635283 -0.008238554 -0.2475131 -0.007497489 -0.008860111 -0.2363427 -0.01360982 -0.008790373 -0.2328893 -0.01475238 -0.008547961 -0.2359623 -0.02499973 -0.008570611 -0.2359782 -0.005000174 -0.007481813 -0.2479035 -0.02499997 -0.007528543 -0.2484784 -0.006130695 -0.008499324 -0.2553524 0.007991433 -0.008479356 -0.2554821 -0.004999995 -0.008149206 -0.2537221 0.007982432 -0.007923424 -0.2534741 -0.004999995 -0.008053362 -0.2354634 -0.01339066 -0.00789076 -0.2446815 -0.02499997 -0.007691383 -0.2448391 -0.004999995 -0.007835268 -0.2352749 -0.01651543 -0.007714629 -0.256341 0.00798726 -0.00656712 -0.2496401 -0.005443811 -0.006987512 -0.2566087 -0.004999995 -0.006911337 -0.2346637 -0.01487594 -0.006250858 -0.2564384 0.007985055 -0.006516516 -0.2533143 0.007987439 -0.006409168 -0.2343612 -0.02500033 -0.006084144 -0.2341574 -0.004998922 -0.005664885 -0.253751 -0.004999995 -0.004806101 -0.2486085 -0.007517755 -0.00473684 -0.2460963 -0.02499997 -0.004374086 -0.246128 -0.004999995 -0.00585699 -0.259502 -0.004999995 -0.00585699 -0.259502 0.007999956 -0.005404829 -0.2556009 -0.004999995 -0.00538522 -0.2542383 0.007986068 -0.005715966 -0.2240059 0 -0.005715966 -0.2240059 0.007999956 -0.00291872 -0.2511104 -0.005041599 -0.005414724 -0.2555133 0.007990002 -0.003746986 -0.2490482 -0.00641036 -0.003122806 -0.2499352 -0.005446493 -0.00205028 -0.248474 -0.02499997 -0.003358602 -0.2339356 -0.02499997 0.001171767 -0.2365257 -0.004999995 -0.003538072 -0.2248192 -0.02499997 -0.003594934 -0.2250316 -0.004999995 -0.003295838 -0.2273115 -0.02499997 -0.003360867 -0.227078 -0.004999995 -0.003006815 -0.2212969 -0.0155434 -0.003006815 -0.2212969 -5.43413e-4 -0.002858936 -0.2211489 -0.01671612 -0.002858936 -0.2211489 -0.001716136 -0.002227604 -0.2341691 -0.004999995 -0.00156933 -0.2288951 -0.004999995 -0.001948773 -0.2228891 -0.02499997 -0.001800358 -0.222747 -0.004999995 -0.001728057 -0.2482824 -0.007495343 -0.002151608 -0.2202901 -0.01737231 -0.002144873 -0.2202243 -0.01457935 -0.002141118 -0.2203221 -0.00236833 -0.002130031 -0.2201953 4.22465e-4 -0.002320945 -0.255967 0 -0.002320945 -0.255967 0.007999956 -0.00217998 -0.22047 -0.02499997 -0.00217998 -0.22047 0.007999956 -0.002180039 -0.2189886 -0.01697456 -0.002180039 -0.2189886 -0.001974582 -0.00217998 -0.2185836 -0.01561969 -0.00217992 -0.2185836 -6.19726e-4 -0.00217998 -0.21247 -0.02499997 -0.00217992 -0.214856 -0.01638102 -0.00217992 -0.214856 -0.001381039 -0.002180039 -0.2144509 -0.01502507 -0.00217998 -0.2144509 -2.50882e-5 -0.00217998 -0.2136203 -0.01739209 -0.00217998 -0.2136203 -0.002392113 -0.00217998 -0.2133207 -0.01460766 -0.00217992 -0.2133207 3.92289e-4 -0.002001106 -0.2121858 -0.01662302 -0.002185642 -0.2125207 -0.001988232 -0.002159416 -0.2124289 -0.01510804 -0.002152085 -0.2124142 -1.26993e-4 -0.00217998 -0.2124699 0.007999956 -0.002070009 -0.2253624 0.007981479 -9.73135e-4 -0.2290548 -0.02499997 -0.001924753 -0.2250769 -0.004999995 -0.001801073 -0.2120911 -0.001210153 -0.001770853 -0.226736 -0.004999995 -0.001404821 -0.2271183 0.007985889 -0.00178498 -0.245609 -0.02499997 -4.31521e-4 -0.2449001 -0.005000948 -6.10416e-5 -0.2352882 -0.02499997 -8.5786e-4 -0.2241918 0.007990896 -5.65191e-4 -0.2241156 -0.004999995 -0.001053035 -0.2452609 -0.01528185 -5.23296e-4 -0.244944 -0.01364636 8.95627e-4 -0.2487249 -0.005450427 -2.57236e-4 -0.2274308 -0.004999995 1.56326e-4 -0.2444216 -0.01672935 -4.24191e-6 -0.244533 -0.02499985 2.56107e-4 -0.2273055 0.007986009 8.43459e-5 -0.2225871 -0.02499997 9.47706e-4 -0.2470158 -0.00740683 -1.49218e-4 -0.2479463 -0.006670117 -1.8e-4 -0.21047 -0.02499997 -1.8e-4 -0.21047 0.007999956 3.89783e-4 -0.2243381 0.007992804 6.9182e-4 -0.243803 -0.01348412 0.001096487 -0.2249823 -0.004999995 0.001317203 -0.2285469 -0.004999995 0.001512467 -0.2230563 -0.004999995 9.73499e-4 -0.2266385 -0.004999995 0.003439962 -0.2483664 -0.005037903 8.23451e-4 -0.2470359 -0.01561552 0.001211464 -0.2467646 -0.01363426 0.001296401 -0.225739 0.007983982 0.002120018 -0.2471012 -0.00594592 0.001303613 -0.2428789 -0.01512396 0.001818239 -0.2281624 -0.02499997 0.001974821 -0.2235412 -0.02499997 0.001812815 -0.2420459 -0.02500092 0.001912713 -0.2418383 -0.00499916 0.001908659 -0.2461832 -0.01664113 0.001798152 -0.238192 -0.02499997 0.001766026 -0.2213454 -0.01599967 0.001766026 -0.2213454 -9.99692e-4 0.001753687 -0.2185326 -0.01607459 0.001753687 -0.2185326 -0.001074552 0.001787841 -0.2147656 -0.01546198 0.001787841 -0.2147656 -4.6199e-4 0.001748979 -0.2120233 -0.01607102 0.001748979 -0.2120233 -0.001071035 0.001845777 -0.2144984 -0.017057 0.001845777 -0.2144984 -0.002057015 0.001870989 -0.2208344 -0.0171405 0.001870989 -0.2208344 -0.002140462 0.00185132 -0.2209392 -0.01498717 0.00185132 -0.2209392 1.27805e-5 0.001752018 -0.2224686 -0.01601564 0.001752018 -0.2224686 -0.001015663 0.001752257 -0.2104707 -0.01598411 0.001752257 -0.2104707 -9.84166e-4 0.001905202 -0.2194357 -0.01728492 0.001927375 -0.2195529 -0.01463365 0.001905202 -0.2194357 -0.002284944 0.001927375 -0.2195529 3.66329e-4 0.001904904 -0.212935 -0.01728469 0.001943171 -0.2132726 -0.01455247 0.001904904 -0.212935 -0.002284705 0.001943171 -0.2132726 4.47492e-4 0.002286136 -0.2224707 -0.0186125 0.002261757 -0.222471 -0.013489 0.002286136 -0.2224707 -0.003612518 0.002261757 -0.222471 0.001510918 0.002258598 -0.2104691 -0.01850426 0.002284228 -0.2104696 -0.01339131 0.002258598 -0.2104691 -0.003504216 0.002284288 -0.2104693 0.001608669 0.002627849 -0.2453793 -0.01358634 0.002903342 -0.2260816 -0.004999995 0.002863764 -0.2450718 -0.01611894 0.002854406 -0.2258837 -0.02499997 0.003057241 -0.2447866 -0.01475852 0.003097951 -0.221119 -0.02499997 0.005482971 -0.2442599 -0.005237281 0.005033612 -0.2224725 -0.02150291 0.004823446 -0.2224718 -0.01057183 0.005033493 -0.2224724 -0.006507694 0.004823446 -0.2224718 0.004428088 0.004871249 -0.2104678 -0.02145999 0.005093097 -0.2104675 -0.01046633 0.004869043 -0.2104686 -0.006453871 0.005093038 -0.2104667 0.004533588 0.006105661 -0.2198187 -0.02499991 0.00622636 -0.2193805 -0.02183985 0.006055116 -0.2201723 -0.01021069 0.006055176 -0.2197677 -0.006789922 0.006167232 -0.220459 0.004822731 0.00604844 -0.2197358 0.007999837 0.006105661 -0.2133187 -0.02499997 0.006118118 -0.2136729 -0.02180421 0.006330072 -0.2125387 -0.01011961 0.006054878 -0.2132677 -0.006790876 0.006340861 -0.2125568 0.00488317 0.00610572 -0.2136214 0.007999956 0.006414413 -0.214443 -0.01009839 0.006400763 -0.2144289 0.004898786 0.006401419 -0.2209309 -0.02189534 0.006494104 -0.2189452 0.004913389 0.006560444 -0.2124057 -0.02192693 0.00690627 -0.2213187 -0.02500003 0.00690627 -0.2148187 -0.02500003 0.006906569 -0.2121211 0.008000016 0.006802082 -0.2211647 -0.006966948 0.007110595 -0.2213537 0.007999956 0.007110059 -0.2185864 -0.02499991 0.007127821 -0.2185862 -0.009960472 0.006768465 -0.2146412 -0.02196508 0.006802022 -0.2146647 -0.006967544 0.007110595 -0.2148537 0.007999897 0.007110059 -0.2120864 -0.02499991 0.00738424 -0.2213709 -0.009949922 0.007730245 -0.2214158 0.005072355 0.007482051 -0.2185496 -0.02205693 0.007725536 -0.2185274 -0.007069051 0.00773853 -0.2185234 0.007999897 0.007724642 -0.2120273 -0.007072389 0.007467985 -0.22247 -0.02203994 0.007467985 -0.22247 -0.009959995 0.007467985 -0.22247 -0.007039964 0.007467985 -0.22247 0.005039989 0.007975816 -0.2212913 -0.02205592 0.007997035 -0.2212788 -0.00705558 0.0079723 -0.2186472 0.005055785 0.007975518 -0.2147915 -0.02205705 0.008010506 -0.2147848 -0.009944796 0.00799632 -0.2147791 -0.007056653 0.008019864 -0.2147833 0.005054891 0.008020102 -0.212157 -0.02205407 0.00798875 -0.2121582 -0.009939491 0.007967293 -0.2121457 0.005060553 0.009490251 -0.2104697 -0.02196192 0.007467985 -0.21047 -0.009959995 0.009490251 -0.2104698 -0.006961882 0.007467985 -0.21047 0.005039989 0.007717609 -0.237824 -0.02499997 0.007695078 -0.2367469 -0.004999995 0.008339047 -0.2392129 -0.004999995 0.008339047 -0.234961 -0.02499997 0.008651852 -0.2191184 -0.009998857 0.008513092 -0.234856 -0.004999995 0.008857131 -0.2205903 -0.02500015 0.008719384 -0.2207198 -0.01001203 0.008473277 -0.2209476 0.008000016 0.008473634 -0.2189928 -0.02500003 0.008857131 -0.2140903 -0.02500015 0.008473277 -0.2144476 0.008000016 0.008473634 -0.2124928 -0.02500003 0.00885725 -0.2128497 0.008000135 0.008878886 -0.2395979 -0.02499997 0.008967995 -0.2197237 -0.0219478 0.008926391 -0.2200091 -0.006950855 0.008930385 -0.2199261 0.004950404 0.008890092 -0.219819 0.007999956 0.008930206 -0.2135134 -0.02194952 0.008926391 -0.2135091 -0.006950139 0.00892651 -0.2134302 -0.01004981 0.008930385 -0.2134261 0.00494951 0.01012164 -0.2224727 -0.0217638 0.009910464 -0.2224736 -0.01019155 0.01012164 -0.2224727 -0.006763815 0.009910464 -0.2224736 0.004808366 0.01011484 -0.2104686 -0.01023203 0.0101149 -0.2104679 0.004767894 0.009368777 -0.2378906 -0.004999995 0.009368956 -0.2362835 0.007999956 0.009599387 -0.2381658 0.007999956 0.009493947 -0.2362077 -0.004999995 0.01120954 -0.2404024 -0.02499997 0.01101171 -0.2403534 -0.004999995 0.01101177 -0.2338206 -0.02499997 0.01120954 -0.2337716 -0.004999995 0.01074558 -0.2354031 -0.004999995 0.01084536 -0.2387459 -0.004999995 0.01141536 -0.2387393 0.007999956 0.01105731 -0.2354031 0.007999956 0.01236432 -0.2380115 -0.004999995 0.01228147 -0.2361099 -0.004999995 0.01196199 -0.241683 0 0.01196199 -0.241683 0.007999956 0.01265197 -0.2367812 0.007999956 0.01349544 -0.2224739 -0.01842272 0.01343619 -0.2224727 -0.01336097 0.01349538 -0.2224739 -0.003422796 0.01343619 -0.2224727 0.001638948 0.01343864 -0.2104679 -0.01863443 0.01349866 -0.2104678 -0.01358133 0.01343864 -0.2104682 -0.003634452 0.01349866 -0.2104671 0.00141865 0.0132904 -0.2393172 -0.004999995 0.01329046 -0.2348567 -0.02499997 0.01346176 -0.239353 -0.02499997 0.01367485 -0.2353578 -0.004999995 0.01372253 -0.2204042 -0.01733875 0.01373136 -0.2194306 -0.01471668 0.01372253 -0.2204042 -0.002338707 0.01373136 -0.2194306 2.83296e-4 0.01374584 -0.2142118 -0.01727312 0.01371836 -0.2132948 -0.01465499 0.01374584 -0.2142118 -0.002273142 0.01371836 -0.2132948 3.44982e-4 0.01379424 -0.2209966 -0.01494026 0.01379424 -0.2209966 5.9696e-5 0.01373332 -0.2139549 -0.01471918 0.01373332 -0.2139549 2.80813e-4 0.01381105 -0.2188847 -0.01696008 0.01381105 -0.2188847 -0.001960039 0.01379919 -0.2124278 -0.01698791 0.01379919 -0.2124278 -0.001987874 0.01384359 -0.2122045 -0.01526612 0.01384359 -0.2122045 -2.66172e-4 0.01549798 -0.21047 -0.02499997 0.01387101 -0.2148411 -0.01564258 0.01387101 -0.2148411 -6.4259e-4 0.01386129 -0.2213018 -0.01636987 0.01386129 -0.2213018 -0.001369893 0.01386231 -0.2186376 -0.01563107 0.01386231 -0.2186376 -6.3109e-4 0.01387 -0.22247 -0.01599997 0.01387 -0.22247 -0.000999987 0.01387 -0.21047 -0.01599997 0.01387 -0.21047 -0.000999987 0.01410669 -0.2374312 -0.004999995 0.01410669 -0.2367427 -0.02499997 0.01549798 -0.238148 -0.004999995 0.01749795 -0.2361481 0.007999956 0.01549798 -0.21047 0.007999956 0.01711952 -0.2120921 -0.01576727 0.01731908 -0.2121846 -3.72721e-4 0.01747006 -0.2124143 -0.01687312 0.01747006 -0.2124143 -0.001873135 0.01749795 -0.2361479 -0.02499997 0.01749795 -0.2213126 -0.0165959 0.01749795 -0.221261 -4.43825e-4 0.01749795 -0.2211756 -0.001663327 0.01749807 -0.2205878 -0.01464045 0.01749789 -0.2200203 -0.002432465 0.01749795 -0.2201203 3.92137e-4 0.01749795 -0.2198207 -0.01739227 0.01749801 -0.2189922 -0.01502305 0.01749801 -0.2189922 -2.30705e-5 0.01749795 -0.2185836 -0.01638025 0.01749795 -0.2185836 -0.001380264 0.01749789 -0.2149168 -0.01576632 0.01749789 -0.2149168 -7.66359e-4 0.01749789 -0.213705 -0.0174492 0.01749789 -0.213705 -0.002449214 0.01749795 -0.2136203 -0.01460784 0.01749795 -0.2136203 3.92137e-4 0.0175032 -0.2125167 -0.01501274 0.01749795 -0.2124699 -0.02499997 0.01749795 -0.2124699 0.007999956 -0.01609998 -0.0151 -0.004999995 -0.01609998 -0.0151 0.007999956 -0.01609998 -0.01009994 0 -0.01609998 -0.01009994 0.007999956 -0.01609998 0.01009994 0 -0.01609998 0.01009994 0.007999956 -0.01609998 0.0151 -0.004999995 -0.01609998 0.0151 0.007999956 -0.01265549 -0.01198834 0.007986009 -0.01265549 0.0132116 0.007986009 -0.01253134 -0.01360672 -0.004999995 -0.01253134 0.01159322 -0.004999995 -0.01258993 -0.01323586 0.007988572 -0.01258993 0.01196408 0.007988572 -0.01210671 -0.01116859 -0.004999995 -0.01210671 0.01403135 -0.004999995 -0.01171159 -0.0141555 0.007986009 -0.01171159 0.01104444 0.007986009 -0.01173585 -0.01111 0.007988572 -0.01173585 0.01408994 0.007988572 -0.01009321 -0.01403135 -0.004999995 -0.01048809 -0.01104432 0.007986068 -0.01009321 0.01116859 -0.004999995 -0.01048809 0.01415562 0.007986068 -0.01046395 -0.01408988 0.007988452 -0.009668588 -0.01159322 -0.004999995 -0.01046401 0.01111006 0.007988452 -0.009668588 0.01360672 -0.004999995 -0.00954473 -0.01321059 0.007984936 -0.009543895 0.01198881 0.007986843 -0.009607911 -0.01196449 0.007991969 -0.009609162 0.01323568 0.007990002 -0.003099977 -0.03009998 -0.02199995 -0.003099977 -0.03009998 0.007999956 -0.003099977 -0.02674251 -0.01540386 -0.003099977 -0.02674251 -4.03873e-4 -0.003099977 -0.02649378 -0.01681983 -0.003100037 -0.02602189 -0.002357184 -0.003099918 -0.02516311 -0.01744776 -0.003099977 -0.02524596 -0.01460963 -0.003100037 -0.0247783 3.57329e-4 -0.003099977 -0.02405726 -0.001595795 -0.003099918 -0.02395313 -0.01576626 -0.003099918 -0.02024674 -0.01623398 -0.003099977 -0.02014249 -4.03873e-4 -0.003100037 -0.01942187 -0.002357184 -0.003099918 -0.019037 -0.01455229 -0.003099977 -0.01895487 -0.01739025 -0.003100097 -0.01817834 3.57329e-4 -0.003099977 -0.0174573 -0.01659578 -0.003099977 -0.0174573 -0.001595795 -0.003099977 -0.01770615 -0.01518011 -0.003099977 -0.0151 -0.02199995 -0.003099977 -0.0151 -0.01649999 -0.003099977 -0.0151 -0.004999995 -0.003099977 -0.0151 0.007999956 -0.003099977 -0.001741945 -0.004999995 -0.003099977 0.001741945 -0.004999995 -0.003099977 0.0151 -0.02199995 -0.003099977 0.0151 -0.01649999 -0.003099977 0.0151 -0.004999995 -0.003099977 0.0151 0.007999956 -0.003099977 0.01745748 -0.01540386 -0.003099977 0.01745748 -4.03873e-4 -0.003100037 0.01817804 -0.01735717 -0.003099977 0.01770621 -0.001819849 -0.003099918 0.01903682 -0.002447724 -0.003100037 0.01942163 -0.01464265 -0.003099977 0.01895403 3.90368e-4 -0.003099977 0.02014267 -0.01659584 -0.003099918 0.0202468 -7.66314e-4 -0.003099918 0.02395319 -0.01623398 -0.003099918 0.02395319 -0.001233935 -0.003099918 0.02516293 -0.01455229 -0.003099918 0.02516293 4.47658e-4 -0.003099977 0.02524507 -0.01739025 -0.003099977 0.02524513 -0.002390265 -0.003099977 0.02674269 -0.01659584 -0.003099977 0.02674269 -0.001595795 -0.003099977 0.02649378 -0.01518011 -0.003099977 0.02649378 -1.80112e-4 -0.003099977 0.03009998 -0.02199995 -0.003099977 0.03009998 0.007999956 -10e-5 -0.03009998 -0.02499997 -10e-5 -0.0151 -0.02499997 -10e-5 0.0151 -0.02499997 -10e-5 0.03009998 -0.02499997 0.001872837 -0.03009968 -0.01742684 0.001872837 -0.03009974 -0.002426803 0.001752555 -0.02683126 -0.01595783 0.001752555 -0.02683126 -9.57853e-4 0.001790165 -0.02409368 -0.01523792 0.001790165 -0.02409368 -2.37974e-4 0.00175333 -0.02023124 -0.01595777 0.00175333 -0.02023124 -9.578e-4 0.00175637 -0.01734459 -0.0160374 0.00175637 -0.01734459 -0.001037418 0.00187242 0.01710015 -0.01740556 0.00187242 0.01710015 -0.002405524 0.001779437 0.01746892 -0.01562899 0.001779437 0.01746892 -6.29028e-4 0.001790165 0.02010625 -0.01523792 0.001790165 0.02010625 -2.37974e-4 0.00175333 0.02396869 -0.01595777 0.00175333 0.02396869 -9.578e-4 0.001778125 0.02673178 -0.01637005 0.001778125 0.02673178 -0.001370012 0.001872837 0.03009968 -0.01457315 0.001872837 0.03009968 4.26841e-4 0.001832067 0.01771885 -0.01696628 0.001832067 0.01771885 -0.001966238 0.001832664 0.02648097 -0.01503354 0.001832664 0.02648097 -3.35563e-5 0.001890242 -0.02465164 -0.0172699 0.001890242 -0.02465164 -0.002269923 0.001890063 0.01954823 -0.01726996 0.001890063 0.01954823 -0.002269983 0.001881837 -0.02613466 -0.01716715 0.001916527 -0.02584701 -0.01466619 0.001881837 -0.02613466 -0.002167105 0.001916527 -0.02584701 3.33758e-4 0.001885235 -0.01953583 -0.01716625 0.001918733 -0.01924717 -0.01466631 0.001885235 -0.01953583 -0.002166271 0.001918733 -0.01924717 3.33663e-4 0.001915693 -0.01835232 -0.01733368 0.001881659 -0.01806449 -0.01483345 0.001915693 -0.01835232 -0.002333641 0.001881659 -0.01806449 1.66526e-4 0.001916348 0.01835268 -0.01466631 0.001916348 0.01835268 3.33686e-4 0.001885235 0.0246641 -0.01716625 0.001918673 0.02495276 -0.01466631 0.001885235 0.0246641 -0.002166271 0.001918673 0.02495276 3.33663e-4 0.001915991 0.02584737 -0.01733374 0.001915991 0.02584731 -0.00233376 0.001990437 -0.03010064 -0.01428419 0.001990437 -0.03010064 7.15812e-4 0.001999437 -0.01709622 -0.017726 0.002044796 -0.01709651 -0.01408886 0.001999437 -0.01709622 -0.002726018 0.002044796 -0.01709651 9.11122e-4 0.001999437 0.01709622 -0.01427388 0.001999437 0.01709622 7.26111e-4 0.001990377 0.03010064 -0.01771569 0.001990377 0.03010052 -0.002715706 0.002499997 -0.0151 -0.01649999 0.002999961 -0.0151 -0.004999995 0.002999961 -0.001741945 -0.004999995 0.002999961 0.001741945 -0.004999995 0.002499997 0.0151 -0.01649999 0.002999961 0.0151 -0.004999995 0.003605484 -0.03009998 -0.02038753 0.003432393 -0.03009998 -0.0117855 0.003605484 -0.03009998 -0.005387544 0.003432393 -0.03009998 0.003214478 0.003432393 -0.01709997 -0.02021443 0.004255652 -0.01709997 -0.01096063 0.003432393 -0.01709997 -0.005214452 0.003605484 -0.01709997 0.00338757 0.003605484 0.01709997 -0.02038753 0.003432393 0.01709997 -0.0117855 0.003605484 0.01709997 -0.005387544 0.003432393 0.01709997 0.003214478 0.003432393 0.03009998 -0.02021443 0.00422883 0.03009998 -0.01098728 0.003432393 0.03009998 -0.005214452 0.003605484 0.03009998 0.00338757 0.003499984 -0.0151 -0.01649999 0.003499984 0.0151 -0.01649999 0.00610423 -0.03010064 -0.02182954 0.005921125 -0.03010046 -0.01021349 0.006596624 -0.03009963 -0.00697565 0.006393134 -0.03009968 0.004947125 0.005908846 -0.01709651 -0.02177512 0.005908846 -0.01709651 -0.00677514 0.00609374 -0.01709622 0.004820466 0.006093859 0.01709622 -0.02182048 0.005908846 0.01709651 -0.01022481 0.006093859 0.01709622 -0.006820499 0.005908846 0.01709651 0.004775166 0.006393194 0.03009968 -0.02194714 0.005921185 0.0301004 -0.006786465 0.00610423 0.03010064 0.004829525 0.006429672 -0.02524513 -0.02499997 0.006486117 -0.02584725 -0.02190339 0.006564795 -0.02462232 -0.010073 0.006394445 -0.02535933 -0.00687915 0.006486237 -0.02495253 0.00490123 0.006462752 -0.02602183 0.008000135 0.006462752 -0.0181781 -0.02500015 0.006486237 -0.01924741 -0.02190119 0.006394445 -0.01884061 -0.01012033 0.006545841 -0.01955687 -0.006922662 0.006486237 -0.01835244 0.004903614 0.006429672 -0.01895487 0.007999956 0.006429672 0.01895439 -0.02499997 0.006486237 0.01835244 -0.02190357 0.006380498 0.01859253 -0.01012158 0.006374061 0.01869106 -0.006876826 0.006486237 0.01924741 0.00490123 0.006462752 0.0181781 0.008000135 0.006429672 0.02555441 -0.02499997 0.006550192 0.0246514 -0.0219286 0.006380677 0.02519267 -0.01012146 0.006566226 0.02462112 -0.0069319 0.006486117 0.02584725 0.004903376 0.006429672 0.02524513 0.007999956 0.007451415 -0.01738017 -0.009941935 0.007143914 0.03009909 -0.00997579 0.006774067 -0.0263949 -0.01002901 0.006853401 -0.02648103 0.004987359 0.007058024 -0.02409356 -0.02202981 0.007058024 -0.02010637 0.005029797 0.006652891 -0.01806515 -0.02193814 0.006802976 -0.0177856 -0.006976783 0.006652891 0.01806515 0.004938185 0.006653249 0.01953512 -0.02193844 0.007058024 0.02409356 0.005029797 0.006653368 0.02613532 -0.0219382 0.006774187 0.02639484 -0.006970942 0.00684309 -0.02637773 -0.02500003 0.00684309 -0.02442216 0.008000075 0.00684309 -0.01977777 -0.02500003 0.00684309 -0.0178222 0.008000016 0.007224023 0.01745736 -0.02499997 0.00684309 0.01977777 0.008000075 0.007224023 0.02405732 -0.02499997 0.00684309 0.02637773 0.008000075 0.007355451 -0.02673655 -0.007041513 0.0075863 -0.02395313 -0.02499985 0.007471859 -0.02402949 -0.007051467 0.007471859 -0.0201705 -0.009948432 0.0075863 -0.02024686 0.007999897 0.007439672 0.02018636 -0.02499991 0.007355213 0.02013653 -0.009946823 0.007121562 0.01997971 -0.00701344 0.0075863 0.02395313 0.007999897 0.007439672 0.02678632 -0.02499991 0.007355809 0.02673667 -0.009958386 0.007776498 -0.02683115 -0.0220673 0.007776439 -0.02396881 0.005066573 0.007776439 -0.02023112 -0.02206659 0.007857441 -0.01734459 -0.02206355 0.007782101 -0.01734459 0.005063533 0.007782459 0.01734459 -0.02206355 0.007852673 0.01735049 -0.009935975 0.007787287 0.01735049 -0.007063925 0.007857441 0.01734459 0.005063533 0.007863461 0.02023112 -0.02206659 0.007776439 0.02023112 0.005066573 0.007621467 0.02402186 -0.009945571 0.007863461 0.02683115 -0.0220673 0.007776498 0.02683115 0.005067288 0.008200228 -0.02678632 -0.02499991 0.008415877 -0.02674257 0.007999956 0.008161604 -0.02402818 -0.009944379 0.008200228 -0.02401363 0.007999956 0.008200228 -0.02018636 -0.02499991 0.008161604 -0.02017176 -0.00705558 0.008415877 -0.01745736 -0.02499997 0.008200228 -0.01741361 0.007999956 0.008415877 0.01745736 0.007999956 0.008200228 0.02018636 0.007999956 0.008581936 0.02409356 -0.02202981 0.008018493 0.02402186 -0.007054328 0.008200228 0.02678632 0.007999897 0.008284747 0.02013653 -0.007053077 0.008284151 0.02673667 -0.007041513 0.008284866 -0.02673631 -0.009958446 0.008188724 -0.01738029 -0.007058024 0.009246766 -0.03009968 -0.02194714 0.009043216 -0.03009957 -0.01002424 0.008189797 -0.0267319 0.005041837 0.01376754 -0.01710015 -0.01740556 0.01376754 -0.01710015 -0.002405524 0.009043276 0.03009957 -0.00697565 0.009246766 0.03009968 0.004947125 0.008865714 -0.0263949 -0.006970942 0.008864879 -0.01780396 -0.01002705 0.008518397 0.01997971 -0.009986519 0.008865773 0.02639484 -0.01002901 0.009089767 -0.0246514 -0.0219286 0.009073674 -0.02462112 -0.0069319 0.009073734 -0.01957881 -0.01006799 0.009089827 -0.01954847 0.004928767 0.009073734 0.02462112 -0.01006805 0.009089767 0.0246514 0.004928588 0.009177207 0.0181781 -0.02500009 0.00879687 0.01977777 -0.02500003 0.009177207 0.02477812 -0.02500015 0.00879687 0.02637773 -0.02500003 0.008499979 -0.0151 -0.01649999 0.008737862 -0.01498323 -0.004999995 0.008499979 -0.001741945 -0.004999995 0.008499979 0.001741945 -0.004999995 0.008499979 0.0151 -0.01649999 0.008738756 0.01496583 -0.004999995 0.008986592 -0.02613532 -0.0219382 0.009153783 -0.02584725 0.004903376 0.009267687 -0.02516281 -0.02499991 0.008986651 -0.02466481 0.004938423 0.008986651 -0.01953512 -0.02193844 0.009267687 -0.01903712 0.007999897 0.009153723 -0.01835244 -0.02190357 0.008986473 -0.01806449 0.004938304 0.008987069 0.01806515 -0.02193814 0.009265899 0.01869106 -0.01012313 0.009259402 0.01859253 -0.006878376 0.009153723 0.01835244 0.004903614 0.009153723 0.01924741 -0.02190119 0.008986651 0.01953512 0.004938423 0.009259223 0.02519267 -0.006878495 0.009267687 0.02516281 0.007999897 0.009153783 0.02584725 -0.02190339 0.008986592 0.02613532 0.004938185 0.009245336 -0.02535963 -0.01012074 0.009210228 -0.02524554 0.007999956 0.009210228 -0.01895439 -0.02499997 0.009245395 -0.01884031 -0.006879627 0.009210228 0.01895439 0.007999956 0.009718775 -0.03010034 -0.006786465 0.009535789 -0.03010064 0.004829525 0.009546101 -0.01709622 -0.02182048 0.009731054 -0.01709651 -0.01022475 0.009731054 -0.01709651 0.004775166 0.009731113 0.01709651 -0.02177512 0.009546101 0.01709622 -0.01017946 0.009731113 0.01709651 -0.00677514 0.009546101 0.01709622 0.004820466 0.009535729 0.03010064 -0.02182954 0.009718775 0.03010028 -0.01021349 0.01018071 -0.0154072 -0.02499997 0.00943309 0.01514178 -0.02499997 0.00954324 -0.0119884 0.007988274 0.009544312 0.01321083 0.007985949 0.009668588 -0.01360672 -0.004999995 0.009668588 0.01159322 -0.004999995 0.009794354 -0.01364213 0.007984817 0.009607911 0.01196449 0.007991969 0.01009321 -0.01116859 -0.004999995 0.01009321 0.01403135 -0.004999995 0.01048743 0.01104331 0.007988333 0.01046413 -0.01110917 0.007989883 0.01046425 0.01409143 0.007991015 0.01138424 -0.01709997 -0.006039321 0.01135057 -0.01425647 0.007992982 0.01186203 -0.01548558 -0.004999995 0.01194953 0.01544195 -0.02499997 0.01175796 0.01549339 -0.004999995 0.01210671 -0.01403135 -0.004999995 0.01171159 -0.01104444 0.007986009 0.01210671 0.01116859 -0.004999995 0.01171207 0.01415622 0.007987678 0.01253134 -0.01159322 -0.004999995 0.01173585 0.01111 0.007988572 0.01253134 0.01360672 -0.004999995 0.01220756 -0.03009998 -0.02021443 0.01203447 -0.03009998 -0.01161241 0.01220756 -0.03009998 -0.005214452 0.01203447 -0.03009998 0.00338757 0.01203447 -0.01709997 -0.02038753 0.01220756 -0.01709997 -0.0117855 0.01220756 -0.01709997 0.003214478 0.01220756 0.01709997 -0.02021443 0.01203447 0.01709997 -0.01161241 0.01220756 0.01709997 -0.005214452 0.01203447 0.01709997 0.00338757 0.01203447 0.03009998 -0.02038753 0.01220756 0.03009998 -0.0117855 0.01203447 0.03009998 -0.005387544 0.01220756 0.03009998 0.003214478 0.01276683 -0.01514178 -0.02499997 0.01265549 -0.0132116 0.007986009 0.01265507 0.01198863 0.007984995 0.01258993 -0.01196408 0.007988572 0.01259082 0.01323568 0.007990002 0.01364952 -0.03010052 -0.01771569 0.01376712 -0.03009968 -0.01457315 0.01364952 -0.0301004 -0.002715706 0.01376712 -0.03009968 4.26844e-4 0.01364052 -0.01709622 -0.01427388 0.01364052 -0.01709622 7.26114e-4 0.01364052 0.01709622 -0.017726 0.01359516 0.01709651 -0.01408886 0.01364052 0.01709622 -0.002726018 0.01359516 0.01709651 9.11126e-4 0.01376712 0.03009968 -0.01742684 0.01364952 0.03010064 -0.01428413 0.01376712 0.03009968 -0.002426803 0.01364952 0.03010064 7.1582e-4 0.01372396 -0.02584737 -0.01733374 0.01372128 -0.02495276 -0.01466631 0.01372396 -0.02584737 -0.00233376 0.01372128 -0.02495276 3.33663e-4 0.01374989 -0.01954823 -0.01726996 0.01372361 -0.01835268 -0.01466631 0.01374989 -0.01954823 -0.002269983 0.01372361 -0.01835268 3.33686e-4 0.01372426 0.01835232 -0.01733368 0.01372122 0.01924717 -0.01466631 0.01372426 0.01835232 -0.002333641 0.01372122 0.01924717 3.33663e-4 0.01374971 0.02465164 -0.0172699 0.01372343 0.02584701 -0.01466619 0.01374971 0.02465164 -0.002269923 0.01372343 0.02584701 3.33758e-4 0.01380735 -0.02648103 -0.01503354 0.01380735 -0.02648103 -3.35827e-5 0.01375472 -0.0246641 -0.01716625 0.01375472 -0.0246641 -0.002166271 0.01384979 -0.02010625 -0.01523798 0.01384979 -0.02010625 -2.37986e-4 0.01380795 -0.01771885 -0.01696622 0.01380795 -0.01771885 -0.001966238 0.0137583 0.01806449 -0.01483345 0.0137583 0.01806449 1.66524e-4 0.01375472 0.01953583 -0.01716625 0.01375472 0.01953583 -0.002166271 0.01384979 0.02409368 -0.01523798 0.01384979 0.02409368 -2.37986e-4 0.01375812 0.02613466 -0.01716715 0.01375812 0.02613466 -0.002167105 0.01386183 -0.02673178 -0.01636999 0.01386183 -0.02673178 -0.001370012 0.01388663 -0.02396869 -0.01595777 0.01388663 -0.02396869 -9.57802e-4 0.01386052 -0.01746892 -0.01562899 0.01386052 -0.01746892 -6.29045e-4 0.01388359 0.01734459 -0.0160374 0.01388359 0.01734459 -0.001037418 0.01388663 0.02023124 -0.01595777 0.01388663 0.02023124 -9.57802e-4 0.01388734 0.02683126 -0.01595783 0.01388734 0.02683126 -9.57855e-4 0.01449996 -0.03009998 -0.02499997 0.01449996 -0.0151 -0.02499997 0.01449996 0.0151 -0.02499997 0.01449996 0.03009998 -0.02499997 0.01749998 -0.03009998 -0.02199995 0.01749998 -0.03009998 0.007999956 0.01749998 -0.02526247 -0.008499979 0.01749986 -0.02684682 -0.01576632 0.01749998 -0.02674269 -0.001595795 0.0175001 -0.02602159 3.57335e-4 0.01749992 -0.02563685 -0.01744776 0.01749998 -0.025554 -0.01460963 0.0175001 -0.02477806 -0.002357184 0.01749998 -0.02405744 -0.01540386 0.01749998 -0.02405744 -4.03876e-4 0.01750004 -0.02430617 -0.01681989 0.01749998 -0.0151 -0.02199995 0.01749998 -0.02014267 -0.01659578 0.01749998 -0.02209997 0.007999956 0.01749998 -0.02014267 -0.001595795 0.0175001 -0.01942157 -0.01464265 0.0175001 -0.01942157 3.57335e-4 0.0175001 -0.0181781 -0.01735717 0.0175001 -0.0181781 -0.002357184 0.01749998 -0.01745748 -0.01540386 0.01749998 -0.01745748 -4.03876e-4 0.01749998 -0.0151 -0.004999995 0.01749998 -0.01009994 0 0.01749998 -0.01009994 0.007999956 0.01749998 0.01009994 0 0.01749998 0.01009994 0.007999956 0.01749998 0.0151 -0.02199995 0.01749998 0.0151 -0.004999995 0.01749998 0.0174573 -0.01659578 0.01749998 0.0174573 -0.001595795 0.0175001 0.01817834 -0.01464265 0.0175001 0.01817834 3.57334e-4 0.0175001 0.01942187 -0.01735717 0.0175001 0.01942187 -0.002357184 0.01749998 0.02014249 -0.01540386 0.01749998 0.02014249 -4.03876e-4 0.01749998 0.02405726 -0.01659578 0.01749998 0.02405726 -0.001595795 0.0175001 0.02477836 -0.01464265 0.0175001 0.02477836 3.57334e-4 0.0175001 0.02602189 -0.01735717 0.0175001 0.02602189 -0.002357184 0.01749998 0.02674251 -0.01540386 0.01749998 0.02674251 -4.03876e-4 0.01749998 0.03009998 -0.02199995 0.01749998 0.03009998 -0.008499979 0.01749998 0.03009998 0.007999956 -0.002155661 -0.0895245 -0.02507549 -0.00217998 -0.08950001 0.004999995 -0.00217998 -0.08903098 -0.001919269 -0.00217998 -0.08902853 -0.01653814 -0.00217998 -0.08862656 9.08497e-4 -0.00217998 -0.08875077 -0.01449108 -0.00217998 -0.08814406 -0.01834237 -0.00217998 -0.08683276 -0.004301011 -0.00217998 -0.08651179 -0.01270908 -0.00217998 -0.08615142 0.002293288 -0.00217998 -0.08590638 -0.01931214 -0.002151548 -0.08388662 -0.02534306 -0.00217998 -0.08344978 0.001370966 -0.00217998 -0.08376789 -0.01338255 -0.00217998 -0.08332991 -0.003243029 -0.00217998 -0.08328294 -0.01824301 -0.00217992 -0.08273029 -0.02405071 -0.00217998 -0.0825026 -0.01545947 -0.00217998 -0.0825259 -0.001399636 -0.00217998 -0.08187353 -0.01805388 -0.00217998 -0.08137357 0.001540541 -0.00217998 -0.08138686 -0.01356548 -0.002171933 -0.08111625 -0.02514469 -0.00217998 -0.0808466 -0.003850638 -0.00217998 -0.07950443 -0.01270663 -0.00217998 -0.07847172 -0.01936715 -0.0021649 -0.07548916 -0.02499055 -0.00217998 -0.07865768 0.002276062 -0.00217998 -0.07802981 -0.004177749 -0.00217998 -0.07680279 -0.01362895 -0.00217998 -0.07653653 0.001028716 -0.00217998 -0.07591301 -0.01675093 -0.00217998 -0.07586979 -0.001749932 -0.00217998 -0.07549995 0.004999995 -0.002015948 -0.08159887 -0.02659034 -0.002021133 -0.08324897 -0.02675157 -0.001594483 -0.08325666 -0.03076559 -0.001583337 -0.08190107 -0.03076243 -0.001345217 -0.08720201 -0.02931725 -0.001345515 -0.07731497 -0.02918493 -7.55835e-4 -0.07405859 -0.02931338 -0.001416623 -0.08388197 -0.03201597 -0.001514732 -0.08115357 -0.03159958 -7.206e-4 -0.090963 -0.02915298 -0.001370251 -0.08123397 -0.0325275 -0.001340925 -0.08341944 -0.03308153 -0.001342713 -0.08204638 -0.03332751 -4.13401e-4 -0.0883665 -0.03174495 -0.001213133 -0.08343786 -0.03500211 -6.86796e-4 -0.07944238 -0.0350008 -5.33035e-4 -0.07686537 -0.03163051 -6.8e-4 -0.08913397 -0.001750946 -6.8e-4 -0.08908694 -0.01675093 -6.8e-4 -0.08824419 0.001370966 -6.8e-4 -0.08819717 -0.01362895 -6.8e-4 -0.08771055 -0.00369054 -6.8e-4 -0.08766353 -0.01869058 -6.79865e-4 -0.08731162 -8.19104e-4 -6.79867e-4 -0.08726465 -0.01581883 -6.79982e-4 -0.08634787 -0.002305567 -6.79982e-4 -0.0863009 -0.01730555 -6.8e-4 -0.08486121 -0.004301011 -6.8e-4 -0.08481419 -0.01930099 -6.79999e-4 -0.08584737 4.37629e-4 -6.79999e-4 -0.0858004 -0.01456236 -6.8e-4 -0.08554255 0.002293288 -6.8e-4 -0.08549553 -0.01270663 -6.80087e-4 -0.08482199 -0.002018153 -6.80087e-4 -0.08477503 -0.01701819 -6.80023e-4 -0.08455377 -4.52223e-4 -6.80023e-4 -0.08450675 -0.0154522 -6.8e-4 -0.08306735 9.08501e-4 -6.8e-4 -0.08302038 -0.01409149 -6.8e-4 -0.08266299 -0.001919269 -6.8e-4 -0.08261597 -0.01691931 -6.8e-4 -0.08248698 -0.01675093 -6.8e-4 -0.08252692 -9.11799e-4 -6.8e-4 -0.08159714 -0.01362895 -6.8e-4 -0.08162963 -0.003143906 -6.8e-4 -0.08119034 0.001616597 -6.8e-4 -0.08106356 -0.01869052 -6.8e-4 -0.07945722 -0.004358172 -6.79867e-4 -0.08066469 -0.01581883 -6.79874e-4 -0.08062183 -8.20183e-4 -6.79982e-4 -0.07970088 -0.01730555 -6.79982e-4 -0.07965737 -0.002305746 -6.8e-4 -0.07821416 -0.01930099 -6.79999e-4 -0.07920038 -0.01456236 -6.79999e-4 -0.07915711 4.37875e-4 -6.8e-4 -0.07889556 -0.01270663 -6.8e-4 -0.07885181 0.002293348 -6.80087e-4 -0.078175 -0.01701819 -6.80089e-4 -0.07813298 -0.002018988 -6.80023e-4 -0.07790678 -0.0154522 -6.80028e-4 -0.07786434 -4.51289e-4 -6.8e-4 -0.07717365 -0.003603458 -6.8e-4 -0.07642036 -0.01409149 -6.8e-4 -0.07667225 0.001192748 -6.8e-4 -0.076016 -0.01691931 -6.8e-4 -0.07582378 -0.00150913 5.37328e-4 -0.08985871 -0.03235161 7.35844e-4 -0.09242373 -0.02557545 4.61264e-4 -0.0752173 -0.03235155 0.002127408 -0.074081 -0.03142488 0.00303018 -0.09164482 -0.02944397 -1.87863e-5 -0.08697837 -0.03499877 9.09901e-4 -0.07668066 -0.03499859 8.07743e-4 -0.07250964 -0.0250926 0.002185344 -0.09085303 -0.03163051 8.2e-4 -0.09249997 0.007999956 8.2e-4 -0.07249999 0.007999956 0.003751873 -0.07313793 -0.02874577 0.002000629 -0.08941006 -0.03499859 0.001696288 -0.09249931 -0.01604205 0.001909494 -0.09249967 -0.002824246 0.001733839 -0.08717966 -6.32225e-4 0.001733779 -0.08713269 -0.01563221 0.001723468 -0.08447444 -6.52431e-4 0.001723468 -0.08442747 -0.01565241 0.001732587 -0.08053231 -0.01563078 0.001732707 -0.08048832 -6.28347e-4 0.001720309 -0.07782703 -0.01565474 0.001726925 -0.07781559 -5.83766e-4 0.001696288 -0.07250064 -0.01595789 0.001758337 -0.07250022 -0.001620352 0.001785397 -0.08693236 -0.001954913 0.001785457 -0.08688461 -0.01695543 0.001785457 -0.08028614 -0.01695317 0.001785457 -0.08024293 -0.001953125 0.001840829 -0.0783413 -0.002240359 0.00184524 -0.08511453 -0.002266943 0.00184524 -0.08506757 -0.01726698 0.00185132 -0.07846868 -0.01726818 0.001760303 -0.0826739 -0.03338766 0.001770794 -0.08293622 -0.03062766 0.00176084 -0.08266454 -0.02689057 0.001764774 -0.0828551 -0.02412712 0.001760542 -0.08248054 -0.03499978 0.001758635 -0.08252161 -0.02300053 0.001892209 -0.08124434 -0.0327354 0.001860558 -0.08139908 -0.03110843 0.001896858 -0.08124411 -0.02623122 0.001866936 -0.08139306 -0.02459925 0.006790161 -0.07262617 -0.02643179 0.002077043 -0.09250032 0.001415133 0.001901268 -0.08593487 4.75176e-4 0.001901268 -0.08588784 -0.01452481 0.001900017 -0.07928788 -0.01452475 0.001900076 -0.07924443 4.75561e-4 0.002025604 -0.07249993 0.001103818 0.001940071 -0.08394187 -0.03224658 0.001883924 -0.08364534 -0.02626913 0.001923143 -0.08385562 -0.02520394 0.002305924 -0.08536314 -0.0350005 0.002117574 -0.0846374 -0.02299952 0.002104103 -0.08041322 -0.0350002 0.002328634 -0.0795924 -0.02299827 0.003341615 -0.07466119 -0.03499877 0.002262175 -0.09250009 -0.01861351 0.002527177 -0.09250044 -0.01263755 0.002349853 -0.07249981 -0.01890027 0.002586007 -0.07249957 -0.01249074 0.002349972 -0.07249963 -0.003900468 0.006354928 -0.09247577 -0.02537721 0.004467725 -0.0877456 -0.02299904 0.004471242 -0.07725161 -0.0350002 0.004225134 -0.09249997 -0.02100312 0.004941046 -0.09250056 -0.006563782 0.004938304 -0.07249933 0.004562079 0.005455911 -0.09125912 -0.03500312 0.005211949 -0.09250026 0.004626393 0.004944264 -0.07249999 -0.02144837 0.005211949 -0.07249981 -0.006626427 0.006539583 -0.09179252 -0.03145414 0.005203068 -0.08800399 -0.03500008 0.005198478 -0.07699853 -0.02299964 0.006433904 -0.07355177 -0.03500074 0.00570935 -0.09250009 -0.01024025 0.006852269 -0.07250028 -0.009911537 0.006459772 -0.07249379 -0.02492237 0.007396697 -0.09249997 -0.02214604 0.006405651 -0.08838677 -0.03170734 0.006479442 -0.08840072 -0.02507776 0.006520926 -0.08529621 -0.01004338 0.006377398 -0.08559751 -0.006927132 0.006543636 -0.08506703 0.004968881 0.006370782 -0.08556497 0.007999897 0.006536543 -0.07866734 -0.0100398 0.006377518 -0.07899737 -0.006926357 0.006542146 -0.0784682 0.004966676 0.006427705 -0.07934927 0.007999956 0.006476819 -0.07659786 -0.03155368 0.006420493 -0.07660961 -0.02587664 0.006574749 -0.07316642 -0.03128188 0.006776154 -0.08684104 -0.00997883 0.00653547 -0.07967293 -0.01004225 0.00655651 -0.0916897 -0.03253453 0.006607174 -0.07332092 -0.03267079 0.007010936 -0.08852559 -0.02674806 0.006749808 -0.0867179 0.005006372 0.006749808 -0.08011788 0.005008995 0.006684303 -0.07655608 -0.03278321 0.007225036 -0.07785707 0.007999956 0.007018983 -0.0885095 -0.03316581 0.006990909 -0.07649397 -0.02434945 0.00777316 -0.08858811 -0.03499954 0.007866322 -0.08858883 -0.02300149 0.00786674 -0.07641184 -0.03499954 0.007773518 -0.07641112 -0.02300018 0.00749588 -0.09231036 -0.02690267 0.007364153 -0.09166395 -0.03332632 0.007454574 -0.08717983 -0.007099032 0.006995975 -0.08688992 0.008000016 0.007717847 -0.0806545 -0.009877264 0.007020294 -0.08031356 -0.007047772 0.007590115 -0.08064961 0.007999897 0.007745504 -0.0919485 -0.03056555 0.007777214 -0.07333493 -0.03343003 0.008045375 -0.09249997 -0.02405297 0.007825434 -0.08856403 -0.03056961 0.007776618 -0.0885666 -0.02406883 0.007437229 -0.08447664 -0.009912967 0.007617235 -0.08442014 -0.007101595 0.008050024 -0.08435046 0.007999897 0.007436692 -0.0778768 -0.009910762 0.007613897 -0.07782059 -0.007103741 0.007857084 -0.07643312 -0.03342491 0.007984519 -0.0764302 -0.03053838 0.007583618 -0.07644915 -0.0268681 0.007804632 -0.09249991 -0.009892463 0.007838368 -0.09249991 -0.007106065 0.007801532 -0.09249991 0.005106091 0.008243262 -0.07249999 -0.02214604 0.007803559 -0.0725001 -0.007104337 0.007836401 -0.0725001 0.005104303 0.008144557 -0.07268959 -0.02690249 0.008146643 -0.07305508 -0.0305984 0.008448719 -0.08715856 0.0050866 0.008414685 -0.08714312 0.007999956 0.008172154 -0.0844264 0.005098044 0.008157193 -0.08057218 -0.007100343 0.008449673 -0.0805583 0.005090355 0.008174359 -0.07782685 0.005100011 0.008004367 -0.07250005 -0.02411949 0.009277582 -0.09143364 -0.03500062 0.008704662 -0.08850401 -0.03317642 0.00836879 -0.08708453 -0.009921193 0.00819081 -0.07645803 -0.02416867 0.008780539 -0.08471339 -0.009965896 0.008808493 -0.07812786 -0.009970545 0.008738934 -0.09166091 -0.03308206 0.00868076 -0.08849567 -0.02659463 0.008677005 -0.07650333 -0.02659964 0.008902609 -0.0867238 -0.007004201 0.009075045 -0.08501911 -0.00697273 0.008866965 -0.07823669 -0.007009148 0.008643984 -0.07811003 0.008000016 0.008854508 -0.09237927 -0.02642214 0.009015917 -0.07332342 -0.0327081 0.009200394 -0.0917921 -0.03158038 0.009152293 -0.08840489 -0.031533 0.009241402 -0.08838206 -0.02522796 0.009148895 -0.07964265 -0.01004838 0.009269118 -0.07943475 0.007999897 0.009240686 -0.07661825 -0.02527678 0.009284973 -0.07252418 -0.02537733 0.009147226 -0.07321536 -0.03160661 0.009288251 -0.07662737 -0.03215491 0.009207785 -0.09247434 -0.02532112 0.009179949 -0.08605831 -0.01005762 0.009199559 -0.08555746 0.004938066 0.009212136 -0.08564966 0.007999956 0.009177446 -0.07949596 -0.006942808 0.009199678 -0.07895749 0.004937946 0.01026701 -0.0737518 -0.03500354 0.01069569 -0.09249997 -0.02144837 0.01071918 -0.09250032 -0.0104475 0.01042801 -0.09250015 -0.006626427 0.01069891 -0.09250062 0.004563748 0.009933769 -0.07249987 -0.01024144 0.01070165 -0.07249951 -0.006562113 0.01042801 -0.07249969 0.004626393 0.01145368 -0.09160745 -0.0309109 0.01118916 -0.08772915 -0.03500026 0.01042985 -0.0880084 -0.0229997 0.0104255 -0.07698947 -0.03500008 0.01119321 -0.07727372 -0.02299898 0.01522135 -0.07291322 -0.02662652 0.01141482 -0.07249999 -0.02100312 0.01205545 -0.07335203 -0.02982771 0.01229828 -0.09033882 -0.03499877 0.01313275 -0.07249963 -0.01265913 0.01345461 -0.07414692 -0.03163051 0.01333051 -0.08537673 -0.02299827 0.01331502 -0.07959818 -0.03500038 0.01368653 -0.0907334 -0.03174489 0.01316541 -0.09190481 -0.02793693 0.01276445 -0.09249997 -0.01960361 0.01276445 -0.09249997 -0.004603624 0.01329183 -0.07249957 0.001897513 0.01484215 -0.09247803 -0.02506572 0.01363933 -0.07558989 -0.03499859 0.0137304 -0.09249967 -0.01417559 0.01362389 -0.09249997 0.001102626 0.01338273 -0.07249993 -0.01860517 0.01338267 -0.07249981 -0.003605246 0.01383715 -0.0837031 -0.03499972 0.01353049 -0.08039104 -0.02299946 0.0137611 -0.09249967 -0.01736634 0.01384031 -0.09249955 -0.002040565 0.01371508 -0.08386301 -0.03174328 0.01371908 -0.08384513 -0.02581578 0.01373583 -0.08120471 -0.03130388 0.01371723 -0.08114463 -0.02520298 0.01378113 -0.08356297 -0.03291827 0.01377308 -0.08360666 -0.02459901 0.01378339 -0.08145403 -0.03294616 0.01381236 -0.0815621 -0.0266056 0.01377183 -0.08535891 -0.002329051 0.0137732 -0.08628791 3.08317e-4 0.01377183 -0.08531194 -0.01732903 0.0137732 -0.08624094 -0.01469165 0.01376938 -0.07871198 -0.01732903 0.01380312 -0.0799911 -0.01480191 0.01375281 -0.07941782 -0.002417027 0.01376008 -0.07878726 3.70861e-4 0.01381921 -0.08496934 1.29193e-4 0.01381921 -0.08492237 -0.01487076 0.01381671 -0.07832348 -0.01486963 0.01383191 -0.08679676 -0.002045989 0.01383191 -0.08674979 -0.01704603 0.01380175 -0.07990378 -0.01717585 0.01383751 -0.08013343 0 0.01388251 -0.08289122 -0.03062111 0.01385307 -0.08306705 -0.026775 0.01387494 -0.08214533 -0.02412676 0.01387393 -0.07799524 -0.001803755 0.01394367 -0.07250064 -0.01604199 0.01394367 -0.07250052 -0.001042008 0.01391965 -0.08722037 -6.55531e-4 0.01391965 -0.0871734 -0.01565551 0.01387947 -0.0824809 -0.02300071 0.01387435 -0.08254712 -0.03337478 0.01391911 -0.08446806 -0.001198053 0.01391911 -0.08442109 -0.01619809 0.01392263 -0.08059346 -0.01619374 0.01392257 -0.08055007 -0.001195788 0.01392149 -0.07782089 -0.01619631 0.01390606 -0.07782477 -6.30433e-4 0.01473009 -0.0883193 -0.03499859 0.01517874 -0.08978265 -0.03235161 0.01482355 -0.07250291 -0.02506017 0.01510262 -0.07514125 -0.03235161 0.01565879 -0.07802164 -0.03499877 0.01481997 -0.09249997 0.007999956 0.01481997 -0.07249999 0.007999956 0.01628297 -0.09104061 -0.02915298 0.016173 -0.08813464 -0.03163051 0.01623898 -0.07680743 -0.03142493 0.01656812 -0.08494687 -0.03500372 0.01636058 -0.07403695 -0.02915298 0.01676821 -0.08111393 -0.03500074 0.01631999 -0.08913397 -2.49021e-4 0.01631999 -0.08908694 -0.01524901 0.01631999 -0.08846884 -0.003027081 0.01631999 -0.08842188 -0.01802712 0.01631999 -0.08771055 0.001690566 0.01631999 -0.08766353 -0.01330941 0.01631999 -0.08714026 -4.52402e-4 0.01631999 -0.08703869 -0.00170046 0.01631999 -0.08709329 -0.01545238 0.01631999 -0.08699172 -0.01670044 0.01631999 -0.08636999 -0.004272043 0.01631999 -0.08632296 -0.01927202 0.01631999 -0.08486121 0.002300977 0.01631999 -0.08481419 -0.01269894 0.01631999 -0.08584713 -0.002437591 0.01631999 -0.0858466 4.3763e-4 0.01631999 -0.08580017 -0.01743757 0.01631999 -0.08579963 -0.01456236 0.01631999 -0.08455371 -0.001547634 0.01631999 -0.08465486 -2.99954e-4 0.01631999 -0.08450675 -0.01654767 0.01631999 -0.08460789 -0.01529991 0.01631999 -0.08398789 -0.003742992 0.01631999 -0.08394086 -0.01874303 0.01631999 -0.08240306 -9.1671e-4 0.01631999 -0.08235603 -0.0159167 0.01631999 -0.08248698 -0.01524901 0.01631999 -0.0821532 5.46067e-4 0.01631999 -0.08206713 -0.002702116 0.01631999 -0.08182185 -0.01802712 0.01631999 -0.08106356 -0.01330941 0.01631999 -0.07945728 0.002358138 0.01631999 -0.08049327 -0.01545238 0.01631987 -0.08062189 -0.001179575 0.01631999 -0.08039176 -0.01670044 0.01631999 -0.07972294 -0.01927202 0.01631999 -0.07967978 -0.004272103 0.01631993 -0.07965636 3.06395e-4 0.01631999 -0.07821416 -0.01269894 0.01631999 -0.07920014 -0.01743757 0.01631999 -0.07919961 -0.01456236 0.01631999 -0.07915687 -0.002437829 0.01632004 -0.07813334 1.9608e-5 0.01631999 -0.07790672 -0.01654767 0.01631999 -0.07800787 -0.01529991 0.01631999 -0.07786428 -0.001548588 0.01631999 -0.0773409 -0.01874303 0.01631999 -0.07694083 -0.003541171 0.01631999 -0.07717365 0.001603484 0.01631999 -0.07582378 -4.90827e-4 0.01631999 -0.07575607 -0.0159167 0.01696795 -0.08673554 -0.02982771 0.01718205 -0.0784319 -0.02874565 0.01740676 -0.08990138 -0.02662652 0.01698708 -0.0823388 -0.03335851 0.01698207 -0.08356058 -0.03298109 0.01698958 -0.08134776 -0.03281956 0.01710319 -0.08382874 -0.03161668 0.01715344 -0.08125197 -0.03128105 0.01726502 -0.08282476 -0.0305972 0.01781034 -0.07548773 -0.0250926 0.01765817 -0.08174806 -0.02675145 0.01781111 -0.08950835 -0.02502787 0.0176559 -0.0834006 -0.02659088 0.01779156 -0.08111339 -0.02534282 0.01781088 -0.08388382 -0.02514547 0.01782 -0.08950001 0.004999995 0.01782 -0.08929091 -9.16727e-4 0.01782 -0.08924388 -0.0159167 0.01782 -0.08770608 -0.003742992 0.01782 -0.08765906 -0.01874303 0.01782 -0.08720225 0.002087414 0.01782 -0.08678579 -0.01269894 0.01782 -0.08532398 -0.004272043 0.01782 -0.08440941 -0.01915132 0.01782 -0.08396595 0.001798272 0.01782 -0.08328294 -0.01375693 0.01782 -0.08293688 -0.002702832 0.01781994 -0.08226966 -0.02405065 0.01782 -0.0825026 -0.01654046 0.01782 -0.0825299 -5.59925e-4 0.01782 -0.08205324 -0.01431506 0.01782 -0.08137357 -0.003540515 0.01782 -0.08105909 -0.01874303 0.01782 -0.08014202 0.002300918 0.01782 -0.07974457 -0.0126726 0.01782 -0.07867699 -0.01927202 0.01782 -0.07863318 -0.004272103 0.01782 -0.07733643 -0.01330941 0.01782 -0.07663995 0.001243054 0.01782 -0.07657808 -0.01802712 0.01782 -0.07598465 -0.002344071 0.01782 -0.07591301 -0.01524901 0.01782 -0.07549995 0.004999995 -0.002155661 0.07547545 -0.02507549 -0.00217998 0.07549995 0.004999995 -0.00217998 0.07596898 -0.001919269 -0.00217998 0.07597142 -0.01653814 -0.00217998 0.07637339 9.08489e-4 -0.00217998 0.07624924 -0.01449108 -0.00217998 0.07685589 -0.01834237 -0.00217998 0.0781672 -0.004301011 -0.00217998 0.07848817 -0.01270908 -0.00217998 0.07884854 0.002293288 -0.00217998 0.07909357 -0.01931214 -0.002151548 0.08111333 -0.02534306 -0.00217998 0.08155018 0.001370966 -0.00217998 0.08123213 -0.01338255 -0.00217998 0.08167004 -0.003243029 -0.00217998 0.08171707 -0.01824301 -0.00217992 0.08226966 -0.02405071 -0.00217998 0.08249741 -0.01545947 -0.00217998 0.08247405 -0.001399636 -0.00217998 0.08312642 -0.01805388 -0.00217998 0.08362644 0.001540541 -0.00217998 0.08361309 -0.01356548 -0.002171933 0.0838837 -0.02514469 -0.00217998 0.08415335 -0.003850638 -0.00217998 0.08549553 -0.01270663 -0.00217998 0.08652824 -0.01936715 -0.0021649 0.08951079 -0.02499055 -0.00217998 0.08634227 0.002276062 -0.00217998 0.08697015 -0.004177749 -0.00217998 0.08819717 -0.01362895 -0.00217998 0.08846342 0.001028716 -0.00217998 0.08908694 -0.01675093 -0.00217998 0.08913022 -0.001749932 -0.00217998 0.08950001 0.004999995 -0.002015948 0.08340108 -0.0265904 -0.002021133 0.08175098 -0.02675157 -0.001594483 0.08174329 -0.03076559 -0.001583337 0.08309888 -0.03076243 -0.001345217 0.07779794 -0.02931725 -0.001345515 0.08768498 -0.02918493 -7.55836e-4 0.09094136 -0.02931338 -0.001416623 0.08111798 -0.03201597 -0.001514732 0.08384639 -0.03159958 -7.206e-4 0.07403695 -0.02915298 -0.001370251 0.08376598 -0.0325275 -0.001340925 0.08158051 -0.03308153 -0.001342713 0.08295357 -0.03332751 -4.13406e-4 0.07663345 -0.03174495 -0.001213133 0.0815621 -0.03500211 -6.86796e-4 0.08555757 -0.0350008 -5.33028e-4 0.08813464 -0.03163051 -6.8e-4 0.07586598 -0.001750946 -6.8e-4 0.07591301 -0.01675093 -6.8e-4 0.07675576 0.001370966 -6.8e-4 0.07680279 -0.01362895 -6.8e-4 0.0772894 -0.00369054 -6.8e-4 0.07733643 -0.01869058 -6.79865e-4 0.07768833 -8.19102e-4 -6.79868e-4 0.0777353 -0.01581889 -6.79982e-4 0.07865208 -0.002305567 -6.79982e-4 0.07869905 -0.01730555 -6.8e-4 0.0801388 -0.004301011 -6.8e-4 0.08018577 -0.01930099 -6.79999e-4 0.07915258 4.37629e-4 -6.79999e-4 0.07919955 -0.01456236 -6.8e-4 0.0794574 0.002293288 -6.8e-4 0.07950443 -0.01270663 -6.80087e-4 0.08017796 -0.002018153 -6.80087e-4 0.08022493 -0.01701819 -6.80023e-4 0.08044618 -4.52225e-4 -6.80023e-4 0.08049321 -0.0154522 -6.8e-4 0.0819326 9.085e-4 -6.8e-4 0.08197957 -0.01409149 -6.8e-4 0.08233696 -0.001919269 -6.8e-4 0.08238399 -0.01691931 -6.8e-4 0.08251303 -0.01675093 -6.8e-4 0.08247303 -9.11802e-4 -6.8e-4 0.08340281 -0.01362895 -6.8e-4 0.08337032 -0.003143906 -6.8e-4 0.08380967 0.001616597 -6.8e-4 0.08393645 -0.01869058 -6.8e-4 0.08554273 -0.004358172 -6.79868e-4 0.08433532 -0.01581883 -6.79874e-4 0.08437812 -8.20178e-4 -6.79982e-4 0.08529907 -0.01730555 -6.79982e-4 0.08534258 -0.002305746 -6.8e-4 0.08678579 -0.01930099 -6.79999e-4 0.08579957 -0.01456236 -6.79999e-4 0.08584284 4.37874e-4 -6.8e-4 0.08610445 -0.01270663 -6.8e-4 0.08614814 0.002293348 -6.80087e-4 0.08682495 -0.01701819 -6.80089e-4 0.08686697 -0.002018988 -6.80023e-4 0.08709323 -0.0154522 -6.80028e-4 0.08713561 -4.51297e-4 -6.8e-4 0.08782631 -0.003603458 -6.8e-4 0.08857959 -0.01409149 -6.8e-4 0.0883277 0.001192748 -6.8e-4 0.08898395 -0.01691931 -6.8e-4 0.08917617 -0.00150913 5.37324e-4 0.07514125 -0.03235161 7.50494e-4 0.07256126 -0.02552884 4.61265e-4 0.08978265 -0.03235161 0.002127408 0.09091895 -0.03142493 0.00303018 0.07335513 -0.02944397 -1.87917e-5 0.07802164 -0.03499877 9.09906e-4 0.0883193 -0.03499859 8.09343e-4 0.09249198 -0.02508622 0.002185344 0.07414692 -0.03163051 8.2e-4 0.07249999 0.007999956 8.2e-4 0.09249997 0.007999956 0.003751933 0.09186202 -0.02874577 0.002000629 0.07558989 -0.03499859 0.001752674 0.07250022 -0.01662045 0.001799643 0.07250046 4.06078e-5 0.001733779 0.0778203 -6.32235e-4 0.001733779 0.07786732 -0.01563221 0.001723468 0.08052551 -6.52432e-4 0.001723468 0.08057248 -0.01565241 0.001732587 0.08446764 -0.01563084 0.001732707 0.08451163 -6.28345e-4 0.001720309 0.08717292 -0.01565474 0.001726925 0.08718436 -5.83772e-4 0.001696288 0.09249931 -0.01595789 0.001752674 0.09249973 -3.79542e-4 0.001785397 0.0780676 -0.001954972 0.001785457 0.07811534 -0.01695543 0.001785516 0.08471381 -0.01695322 0.001785457 0.08475703 -0.001953125 0.001840829 0.08665865 -0.002240359 0.00184524 0.07988542 -0.002266943 0.00184524 0.07993239 -0.01726698 0.00185132 0.08653134 -0.01726818 0.001760303 0.08232605 -0.03338766 0.001770794 0.08206373 -0.03062766 0.00176084 0.08233541 -0.02689057 0.001764774 0.08214485 -0.02412712 0.001760542 0.08251941 -0.03499978 0.001758635 0.08247834 -0.02300053 0.001892209 0.08375561 -0.0327354 0.001860558 0.08360087 -0.03110843 0.001896858 0.08375585 -0.02623122 0.001866936 0.08360689 -0.02459925 0.006790161 0.09237378 -0.02643179 0.001878857 0.07250028 -0.01463365 0.002016007 0.07249999 -0.00310254 0.001901268 0.07906508 4.75176e-4 0.001901268 0.07911211 -0.01452481 0.001900017 0.08571207 -0.01452475 0.001900076 0.08575552 4.75559e-4 0.002088546 0.0925002 -0.003418385 0.001940071 0.08105808 -0.03224658 0.001883924 0.08135467 -0.02626913 0.001923143 0.08114433 -0.02520394 0.002305924 0.07963681 -0.0350005 0.002117574 0.08036255 -0.02299952 0.002104103 0.08458673 -0.0350002 0.002328634 0.08540755 -0.02299827 0.003341674 0.09033882 -0.03499877 0.002262175 0.07249993 -0.01861351 0.002349853 0.09250015 -0.01890027 0.002255678 0.09250015 -0.01339781 0.002255678 0.09250015 0.001602232 0.003170371 0.07249999 -0.01195842 0.002875447 0.07249999 0.00260359 0.006354928 0.07252514 -0.02537781 0.004467725 0.07725435 -0.02299904 0.004471242 0.08774828 -0.0350002 0.004225134 0.07249999 -0.02100312 0.004941046 0.07249939 -0.006563782 0.004225134 0.09249997 -0.01099681 0.004938304 0.09250062 0.004562079 0.005455911 0.07374083 -0.03500312 0.005211949 0.07249969 0.004626393 0.004944264 0.09249997 -0.02144837 0.005211949 0.0925002 -0.006626427 0.006539583 0.07320743 -0.03145414 0.005203127 0.0769959 -0.03500008 0.005198478 0.08800143 -0.02299964 0.006433904 0.09144818 -0.03500074 0.00570935 0.07249993 -0.01024025 0.006459772 0.09250599 -0.02492243 0.007396697 0.07249999 -0.02214604 0.006151974 0.09249997 -0.01013797 0.006405651 0.07661318 -0.03170734 0.006479442 0.07659924 -0.02507776 0.006520926 0.07970374 -0.01004338 0.00637108 0.07909405 -0.006926 0.006462812 0.07947623 0.004942297 0.006370782 0.07943499 0.007999897 0.006371259 0.08590584 -0.01007479 0.006377518 0.08600258 -0.006926357 0.006542146 0.08653175 0.004966676 0.006427705 0.08565068 0.007999956 0.006476819 0.08840209 -0.03155368 0.006420493 0.08839035 -0.02587664 0.006574749 0.09183353 -0.03128188 0.006776154 0.07815891 -0.00997883 0.00655651 0.07331025 -0.03253453 0.006607174 0.09167903 -0.03267079 0.007010936 0.07647436 -0.02674806 0.006749808 0.07828205 0.005006372 0.006749749 0.08488208 0.005008995 0.006684303 0.08844387 -0.03278321 0.007225036 0.08714288 0.007999956 0.007018983 0.07649046 -0.03316581 0.006990909 0.08850598 -0.02434945 0.00777316 0.07641184 -0.03499954 0.007866322 0.07641112 -0.02300018 0.00786674 0.08858811 -0.03499954 0.007773518 0.08858883 -0.02300149 0.00749588 0.07268959 -0.02690267 0.007364153 0.07333606 -0.03332632 0.006995975 0.07811003 0.008000016 0.007479727 0.08057153 -0.007098615 0.007268846 0.08049499 0.005083501 0.007717847 0.08434545 -0.009877264 0.007448077 0.08442145 -0.007105469 0.007590174 0.08435034 0.007999897 0.007745504 0.07305145 -0.03056555 0.007777214 0.09166502 -0.03343003 0.008045375 0.07249999 -0.02405297 0.007825434 0.07643592 -0.03056961 0.007776618 0.07643336 -0.02406883 0.00761044 0.07781171 -0.007103204 0.007790684 0.08063709 -0.009886503 0.008050024 0.08064949 0.007999897 0.007436633 0.08712321 -0.009910762 0.007613897 0.08717936 -0.007103741 0.007857084 0.08856683 -0.03342491 0.007984519 0.08856976 -0.03053838 0.007583618 0.0885508 -0.0268681 0.008788645 0.0725004 -0.009911715 0.009038448 0.07250016 -0.007059097 0.008818209 0.07250046 0.005081892 0.008243262 0.09249997 -0.02214604 0.007835149 0.09249991 -0.009892284 0.007803559 0.09249991 -0.007104337 0.007836401 0.09249985 0.005104303 0.008144557 0.09231036 -0.02690249 0.008146643 0.09194487 -0.0305984 0.00844866 0.07784146 0.0050866 0.008414685 0.07785689 0.007999956 0.008446693 0.08444082 0.005089342 0.008174359 0.0871731 0.005100011 0.008004367 0.09249991 -0.02411949 0.009277522 0.07356631 -0.03500062 0.008704662 0.07649594 -0.03317642 0.00836879 0.07791543 -0.009921193 0.00819087 0.08854198 -0.02416867 0.008451998 0.08042615 0.005073308 0.008808493 0.0868721 -0.009970545 0.008738934 0.07333904 -0.03308206 0.00868076 0.07650429 -0.02659463 0.008677005 0.08849662 -0.02659964 0.008806765 0.07820606 -0.007019221 0.009161353 0.07988059 -0.006956279 0.008902609 0.08487617 -0.007007002 0.009076356 0.08657985 -0.006970405 0.008643984 0.08688992 0.008000016 0.008854508 0.07262068 -0.02642214 0.009015917 0.09167659 -0.0327081 0.009200394 0.07320785 -0.03158038 0.009152293 0.07659506 -0.031533 0.009241402 0.07661789 -0.02522796 0.009262442 0.07940334 -0.01007539 0.009148836 0.0853573 -0.01004838 0.009269118 0.0855652 0.007999897 0.009240686 0.0883817 -0.02527678 0.009285032 0.09247529 -0.02537763 0.009147226 0.09178459 -0.03160661 0.009288251 0.08837258 -0.03215491 0.009207785 0.07252562 -0.02532112 0.009199261 0.07944309 0.004937529 0.009212136 0.07935029 0.007999956 0.009199619 0.08604252 0.004938125 0.01026701 0.09124815 -0.03500354 0.01069569 0.07249999 -0.02144837 0.01040649 0.09250015 -0.01036375 0.01070165 0.0925005 -0.006562113 0.01040315 0.09250032 0.004637897 0.01145368 0.07339251 -0.0309109 0.01118916 0.0772708 -0.03500026 0.01042985 0.07699155 -0.0229997 0.01042556 0.08801048 -0.03500008 0.01119327 0.08772623 -0.02299898 0.01523166 0.09207516 -0.02664941 0.01141482 0.09249997 -0.02100312 0.01208424 0.091641 -0.02983146 0.01229834 0.07466119 -0.03499877 0.01186501 0.07249999 -0.01140975 0.0131126 0.07249963 -0.004362583 0.01302063 0.07249939 0.002542555 0.01345461 0.09085303 -0.03163051 0.01333051 0.07962322 -0.02299827 0.01331502 0.08540177 -0.03500038 0.01368653 0.07426655 -0.03174489 0.01316547 0.07309514 -0.02793693 0.01276445 0.07249999 -0.01960361 0.01329195 0.09250038 -0.01310265 0.01329183 0.09250038 0.001897513 0.01483613 0.07251578 -0.02504038 0.01363927 0.08941006 -0.03499859 0.0137304 0.07250034 -0.01417559 0.01338273 0.09250009 -0.01860517 0.01338267 0.09250003 -0.003605186 0.01383715 0.08129686 -0.03499972 0.01353049 0.08460891 -0.02299946 0.0137611 0.07250028 -0.01736634 0.01371508 0.08113694 -0.03174328 0.01371908 0.08115482 -0.02581584 0.01373583 0.08379524 -0.03130388 0.01371723 0.08385533 -0.02520298 0.01378113 0.08143699 -0.03291827 0.01377308 0.0813933 -0.02459901 0.01378339 0.08354592 -0.03294616 0.01381236 0.08343786 -0.0266056 0.01377183 0.07964104 -0.002329051 0.0137732 0.07871204 3.08317e-4 0.01377183 0.07968801 -0.01732903 0.0137732 0.07875901 -0.01469165 0.01376938 0.08628797 -0.01732903 0.01380312 0.08500885 -0.01480191 0.01375281 0.08558213 -0.002417027 0.01376008 0.08621269 3.70861e-4 0.01381921 0.08003062 1.29193e-4 0.01381921 0.08007764 -0.01487076 0.01381671 0.08667647 -0.01486963 0.01383191 0.0782032 -0.002045989 0.01383191 0.07825022 -0.01704603 0.01380175 0.08509618 -0.01717585 0.01383751 0.08486652 0 0.01388251 0.08210873 -0.03062111 0.01385307 0.0819329 -0.02677494 0.01387494 0.08285462 -0.02412676 0.01387393 0.08700472 -0.001803755 0.01394367 0.07250064 -9.57845e-4 0.01394367 0.09249931 -0.01604199 0.01394367 0.09249931 -0.001042008 0.01391965 0.07777959 -6.5552e-4 0.01391965 0.07782655 -0.01565551 0.01387947 0.08251905 -0.02300071 0.01387435 0.08245283 -0.03337478 0.01391911 0.08053189 -0.001198053 0.01391911 0.08057886 -0.01619809 0.01392263 0.08440649 -0.01619374 0.01392257 0.08444988 -0.001195788 0.01392149 0.08717906 -0.01619637 0.01390606 0.08717519 -6.30435e-4 0.01473009 0.07668066 -0.03499859 0.01517874 0.0752173 -0.03235155 0.01482254 0.09249812 -0.0250563 0.01510262 0.08985871 -0.03235161 0.01565873 0.08697837 -0.03499877 0.01481997 0.07249999 0.007999956 0.01481997 0.09249997 0.007999956 0.01628297 0.07395941 -0.02915298 0.016173 0.07686537 -0.03163051 0.01623898 0.08819252 -0.03142493 0.01656812 0.08005309 -0.03500372 0.01636058 0.090963 -0.02915298 0.01676821 0.08388596 -0.03500074 0.01631999 0.07586598 -2.49012e-4 0.01631999 0.07591301 -0.01524901 0.01631999 0.07653111 -0.003027081 0.01631999 0.07657814 -0.01802712 0.01631999 0.0772894 0.001690566 0.01631999 0.07733643 -0.01330935 0.01631999 0.07785969 -4.5241e-4 0.01631999 0.0779612 -0.00170046 0.01631999 0.07790666 -0.01545238 0.01631999 0.07800823 -0.01670044 0.01631999 0.07863003 -0.004272043 0.01631999 0.07867699 -0.01927202 0.01631999 0.0801388 0.002300977 0.01631999 0.08018577 -0.01269894 0.01631999 0.07915282 -0.002437591 0.01631999 0.07915335 4.37629e-4 0.01631999 0.07919979 -0.01743757 0.01631999 0.07920038 -0.01456236 0.01631999 0.08044624 -0.001547634 0.01631999 0.08034509 -2.99958e-4 0.01631999 0.08049327 -0.01654767 0.01631999 0.08039206 -0.01529991 0.01631999 0.08101207 -0.003742992 0.01631999 0.08105909 -0.01874303 0.01631999 0.08259689 -9.16712e-4 0.01631999 0.08264392 -0.0159167 0.01631999 0.08251303 -0.01524901 0.01631999 0.08284682 5.46062e-4 0.01631999 0.08293282 -0.002702116 0.01631999 0.0831781 -0.01802712 0.01631999 0.08393645 -0.01330935 0.01631999 0.08554273 0.002358138 0.01631999 0.08450669 -0.01545238 0.01631987 0.08437812 -0.001179575 0.01631999 0.08460825 -0.01670044 0.01631999 0.08527702 -0.01927202 0.01631999 0.08532017 -0.004272103 0.01631993 0.08534359 3.06395e-4 0.01631999 0.08678579 -0.01269894 0.01631999 0.08579981 -0.01743757 0.01631999 0.08580034 -0.01456236 0.01631999 0.08584308 -0.002437829 0.01632004 0.08686667 1.9607e-5 0.01631999 0.08709323 -0.01654767 0.01631999 0.08699208 -0.01529991 0.01631999 0.08713567 -0.001548588 0.01631999 0.08765912 -0.01874303 0.01631999 0.08805912 -0.003541171 0.01631999 0.08782631 0.001603484 0.01631999 0.08917617 -4.90829e-4 0.01631999 0.08924388 -0.0159167 0.01696795 0.07826447 -0.02982771 0.01718205 0.08656799 -0.02874565 0.01740676 0.07509857 -0.02662652 0.01698708 0.08266115 -0.03335851 0.01698207 0.08143937 -0.03298109 0.01698958 0.08365225 -0.0328195 0.01710319 0.08117121 -0.03161668 0.01715344 0.08374798 -0.03128111 0.01726502 0.08217519 -0.0305972 0.01781034 0.08951222 -0.0250926 0.01765817 0.08325189 -0.02675145 0.01781111 0.0754916 -0.02502787 0.0176559 0.08159929 -0.02659082 0.01779156 0.08388656 -0.02534282 0.01781088 0.08111613 -0.02514547 0.01782 0.07549995 0.004999995 0.01782 0.07570904 -9.1673e-4 0.01782 0.07575607 -0.0159167 0.01782 0.07729387 -0.003742992 0.01782 0.0773409 -0.01874303 0.01782 0.07779771 0.002087414 0.01782 0.07821416 -0.01269894 0.01782 0.07967597 -0.004272043 0.01782 0.08059054 -0.01915132 0.01782 0.081034 0.001798272 0.01782 0.08171707 -0.01375693 0.01782 0.08206307 -0.002702832 0.01781994 0.08273035 -0.02405065 0.01782 0.08249741 -0.01654046 0.01782 0.08247005 -5.59922e-4 0.01782 0.08294671 -0.01431506 0.01782 0.08362644 -0.003540515 0.01782 0.08394086 -0.01874303 0.01782 0.08415335 0.001850664 0.01782 0.08525538 -0.0126726 0.01782 0.08632296 -0.01927202 0.01782 0.08636677 -0.004272103 0.01782 0.08617967 0.00225538 0.01782 0.08766353 -0.01330941 0.01782 0.08836001 0.001243054 0.01782 0.08842188 -0.01802712 0.01782 0.0890153 -0.002344071 0.01782 0.08908694 -0.01524901 0.01782 0.08950001 0.004999995 0.002014815 -0.08048796 -0.07299995 0.001937687 -0.08407557 -0.023 0.002133786 -0.08032113 -0.023 0.002291083 -0.0851804 -0.07299995 0.002686023 -0.08275616 -0.07299995 0.002818942 -0.08343124 -0.023 0.003317236 -0.08649152 -0.023 0.003342449 -0.08008664 -0.023 0.003729045 -0.0795468 -0.07299995 0.005139529 -0.07697111 -0.07299995 0.003828406 -0.07799726 -0.023 0.00406903 -0.08587539 -0.07299995 0.004217922 -0.08603352 -0.023 0.005807936 -0.08830511 -0.07299995 0.005641102 -0.0881862 -0.023 0.006081163 -0.07771903 -0.07299995 0.005491852 -0.07802313 -0.023 0.006244421 -0.07661771 -0.023 0.006990671 -0.08757263 -0.07299995 0.006406366 -0.08734339 -0.023 0.007969141 -0.07745695 -0.023 0.009832024 -0.07669484 -0.07299995 0.009395539 -0.08838224 -0.023 0.008947134 -0.08741801 -0.023 0.009036123 -0.07760316 -0.07299995 0.009998857 -0.07681375 -0.023 0.01050043 -0.08802884 -0.07299995 0.0110805 -0.08647394 -0.07299995 0.01078051 -0.07836264 -0.023 0.01154685 -0.08596289 -0.023 0.01160782 -0.07910424 -0.07299995 0.01181149 -0.08700275 -0.023 0.01334887 -0.07981956 -0.07299995 0.01232272 -0.07850843 -0.023 0.01255476 -0.08075696 -0.023 0.01295667 -0.08267825 -0.07299995 0.01280367 -0.083287 -0.023 0.01362514 -0.08451199 -0.07299995 0.01350617 -0.08467888 -0.023 0.01370227 -0.08092445 -0.023</float_array>
          <technique_common>
            <accessor source="#Shape_IndexedFaceSet_006-mesh-positions-array" count="2398" stride="3">
              <param name="X" type="float"/>
              <param name="Y" type="float"/>
              <param name="Z" type="float"/>
            </accessor>
          </technique_common>
        </source>
        <source id="Shape_IndexedFaceSet_006-mesh-normals">
          <float_array id="Shape_IndexedFaceSet_006-mesh-normals-array" count="34485">-1.2867e-7 0 -1 0.05357688 0.06849789 -0.9962116 -0.006636142 0.003066956 -0.9999733 -4.89712e-7 0 -1 0.01161962 0.01053243 -0.9998771 0.01661264 0.0166136 -0.999724 4.00579e-7 0 -1 0 0 -1 -0.003760337 -5.35586e-4 -0.9999929 1.69401e-7 0 -1 -0.003748059 0.01009905 -0.999942 9.8982e-4 0.01849746 -0.9998285 0.002244174 0.01836347 -0.9998289 -0.002582788 0.01185655 -0.9999265 -0.07847088 -0.04202479 -0.9960303 -0.01973253 6.73162e-5 -0.9998053 -0.02372545 0.005165398 -0.9997052 -0.01640981 -0.01283204 -0.999783 -0.0174759 0.01960104 -0.9996552 -0.007074713 0.01276266 -0.9998936 -0.5579057 0.7483372 0.3587935 -0.6472828 0.6249459 0.4364259 -0.4673134 0.7564091 0.4576719 -0.7795805 -0.1397592 -0.6105093 -0.8364008 -0.2491965 -0.4881956 -0.7027158 -0.2485712 -0.6666355 0.4049807 0.200465 -0.8920788 0.3735558 0.3093484 -0.8745054 0.3573799 0.0929141 -0.9293259 -0.3674243 -0.1345582 -0.9202682 -0.3589366 -0.2310204 -0.9043197 -0.5317257 -0.1035435 -0.8405634 0.646033 0.5581766 -0.5206539 0.547155 0.6254951 -0.556217 0.6095441 0.4996826 -0.6154457 0.6648609 0.4360378 -0.6064907 0.5341042 0.4859195 -0.6918201 0.4990358 0.5829161 -0.6412271 0.2707238 0.2449871 -0.9309618 0.2665417 0.1750126 -0.9478006 0.07977753 0.2978999 -0.9512578 -0.930553 0.1582592 -0.3301898 -0.9295507 0.02235037 -0.3680162 -0.8306534 0.1087194 -0.5460724 0.5445551 0.7175855 -0.4342015 0.5567182 0.7542102 -0.3481838 0.3648201 0.8623358 -0.3511172 -0.868627 0.1937027 -0.4560334 -0.8123892 0.02987557 -0.5823498 -0.8191174 0.009863376 -0.5735412 -0.4392725 0.03586232 -0.8976379 -0.4405725 0.03311663 -0.8971061 -0.2697404 -0.09790563 -0.957943 0.1630963 0.4658499 -0.8697031 0.1984987 0.2500594 -0.9476648 0.2774273 0.2825807 -0.9182496 -0.4207532 0.220834 -0.8798859 -0.6018489 0.1557278 -0.7832797 -0.5657654 0.06021726 -0.8223646 -0.8226573 -7.33048e-4 -0.5685371 -0.8543231 0.2168357 -0.4723498 -0.8731754 0.1828073 -0.4518254 -0.5100315 0.04071247 -0.8591918 -0.5000572 0.2693573 -0.8230367 -0.5399254 0.2534062 -0.8026618 -0.8500889 0.3048976 -0.4294024 -0.8160196 0.3629789 -0.4498428 -0.8311539 0.4884033 -0.2657921 -0.3404712 0.3074243 -0.8885774 -0.4729515 0.4452852 -0.7602882 -0.5227687 0.3630474 -0.7713038 -0.7231737 0.4558109 -0.518899 -0.7039761 0.6224173 -0.3420735 -0.743035 0.5798822 -0.3341193 -0.4227056 0.4440788 -0.7900089 -0.5028588 0.4130425 -0.7592951 -0.3910667 0.5979014 -0.6997005 -0.7717804 0.4209588 -0.4766014 -0.6253017 0.6095259 -0.4873151 -0.6583164 0.6075278 -0.4444431 -0.3825142 0.411042 -0.8274825 -0.3226824 0.4833462 -0.813789 -0.4719395 0.5700594 -0.6725366 -0.432644 0.6754679 -0.5971285 -0.4348506 0.8108198 -0.3917608 -0.5171745 0.7540701 -0.404857 -0.1667823 0.1604526 -0.9728509 -0.05622577 0.3258194 -0.9437587 0.006632566 0.3005777 -0.9537343 -0.1501924 0.6155511 -0.7736532 -0.1128901 0.6240935 -0.7731514 -0.1067777 0.7822877 -0.6136975 -0.09400159 0.7050577 -0.7028921 -0.1291577 0.8453162 -0.5184195 -0.2403479 0.7942148 -0.5580824 -0.2763804 0.9366285 -0.2152696 -0.2986127 0.9315513 -0.2074679 -0.134006 0.9887236 -0.0668441 -0.09486585 0.8628768 -0.4964315 0.09535574 0.9223577 -0.3743841 0.07129365 0.9288077 -0.3636392 0.0475642 0.4080392 -0.9117246 -0.05513787 0.476433 -0.8774803 0.1654791 0.5022282 -0.8487541 -0.0475893 0.4058869 -0.9126836 0.1766422 0.4148982 -0.8925565 0.1730698 0.4270566 -0.8875075 0.1651842 0.6078547 -0.7766769 0.2406803 0.7578305 -0.6064371 0.1721961 0.7666828 -0.6185032 0.1155927 0.9079415 -0.4028405 0.1392696 0.9008277 -0.411234 0.2910292 0.92334 -0.2504906 0.2319401 0.8245432 -0.5160741 0.4425496 0.8077467 -0.3894807 0.3882972 0.8479203 -0.3609107 0 0 1 -0.7070867 0.7071269 0 0.7070291 0.7071845 0 0.7070181 0.7071955 1.39744e-5 0.7071312 0.7070824 1.752e-4 0.7070901 0.7071235 -1.17187e-4 0.707007 0.7072066 0 0.7070071 0.7072066 0 -0.707107 -0.7071066 0 -0.707107 -0.7071067 0 -0.7071068 -0.7071067 0 -0.7071068 -0.7071068 0 -0.7071069 -0.7071067 0 -0.707107 -0.7071067 0 -0.7071069 -0.7071067 0 0.7071067 -0.707107 0 -0.002841055 0.003926336 0.9999883 0.007836103 -0.01226687 0.9998942 -0.005205154 0.002901911 0.9999822 -0.011029 0.01370209 0.9998454 -0.005807459 0.005808055 0.9999663 -0.001795291 0.001716196 0.999997 -0.01044082 0.0103988 0.9998915 0.004793763 -0.002848088 0.9999845 0.004871845 -0.004351556 0.9999787 0.01053917 -0.01053959 0.999889 -0.003417074 -0.00267136 0.9999907 -0.002766489 -0.002766966 0.9999924 -0.003559708 -0.009926378 0.9999444 -0.01224422 0.01167488 0.9998569 0.02827721 -0.03650766 0.9989333 -6.30294e-5 0.001208603 0.9999993 0.001142323 -0.001759886 0.9999979 0.00344181 0.00344181 0.9999883 0.003461122 0.001726925 0.9999926 -0.707087 0.7071266 0 -2.4241e-4 -1.65783e-6 1 -1.20931e-5 6.88261e-6 1 -5.84386e-5 6.62173e-6 1 4.8202e-7 1.0459e-6 1 1.28437e-4 2.91595e-4 1 -1.5469e-5 -4.69476e-5 1 -8.40328e-6 3.09088e-6 1 0 -2.05211e-5 1 -7.39059e-6 -3.32105e-6 1 4.07542e-5 7.86594e-5 1 1.75583e-5 -4.71414e-6 1 3.89413e-7 0 1 4.12348e-7 -6.33366e-7 1 -1.33019e-5 -8.92605e-6 1 2.19284e-5 0 1 -4.55169e-5 -6.86533e-5 1 -6.31836e-7 0 1 1.23759e-6 6.36179e-6 1 0 0 1 3.38322e-7 0 1 -3.58882e-7 0 1 3.62672e-7 0 1 3.38354e-7 -1.85423e-7 1 -3.17976e-6 -1.39146e-6 1 1.54847e-6 -1.68246e-7 1 -5.6344e-5 2.59978e-5 1 -6.01045e-7 -5.82099e-7 1 2.01825e-6 0 1 -3.77958e-7 0 1 9.09498e-7 0 1 -5.2766e-7 0 1 -0.8250375 0.565078 -3.98719e-4 -0.6507809 0.7592421 -0.005969107 -0.825086 0.5649831 -0.005223393 -0.8451696 0.5341106 0.02035367 -0.8451479 0.5340933 0.02167022 -0.9546087 0.2971665 0.02035826 -0.9942674 -0.1060091 -0.01394659 -0.9878773 0.1548611 -0.0107876 -0.9943094 -0.1060555 -0.01006275 -0.7345853 -0.6784296 0.01086062 -0.7342496 -0.6785731 0.0203998 -0.5339987 -0.8454156 0.01086241 -0.5675235 -0.8233439 0.004677355 -0.7608247 -0.6487408 0.01677429 -0.567023 -0.823552 0.01572155 0.1062787 -0.994246 -0.01341736 -0.1546367 -0.987862 -0.01470851 0.1062806 -0.9942401 -0.01383215 0.4638702 -0.8856363 0.02174407 0.4638956 -0.8854682 0.02733063 0.6772882 -0.735396 0.02176052 0.8749119 -0.4839053 -0.01910167 0.7200677 -0.6937919 -0.01246315 0.8750831 -0.4838165 -0.01230138 0.984659 0.174217 0.009755074 0.9845092 0.1744285 0.01778501 0.9060352 0.4230901 0.00975883 0.8572302 0.5148074 -0.01139938 0.9612306 0.2757327 -0.00270015 0.8571403 0.5150745 -0.002994894 0.2486894 0.9685749 0.004044532 0.2482966 0.9685816 0.01409 -0.01041638 0.9999377 0.004044234 -0.01678866 0.9998303 -0.007593989 0.2420869 0.9702481 0.003534913 -0.01722455 0.9998481 0.00267899 -0.9413148 0.3372735 0.01315468 -0.9412845 0.3372349 0.01600456 -0.9965264 0.08223181 0.01315504 -0.9734977 -0.228317 -0.01318228 -0.9994598 0.03130447 -0.01002299 -0.973522 -0.2283522 -0.01050853 -0.8606154 -0.5091284 0.0113762 -0.8605692 -0.5091335 0.01427233 -0.6995463 -0.7144968 0.01137632 -0.4433009 -0.8962463 -0.01506668 -0.6601372 -0.7510414 -0.01248693 -0.4432967 -0.8962967 -0.01184409 -0.03716057 -0.9991999 0.01478922 -0.03709 -0.9991266 0.01924663 0.2226913 -0.9747769 0.01478898 0.5139725 -0.8576096 -0.01838564 0.2746105 -0.9614594 -0.01359987 0.5140665 -0.8576328 -0.01419699 0.8707127 -0.4915079 0.01671534 0.8706708 -0.491337 0.02281546 0.9682508 -0.2494216 0.01671868 0.9996525 0.01830387 -0.01897072 0.9704709 -0.2408859 -0.01265794 0.9997569 0.018462 -0.01205933 0.7662481 0.6424704 0.009786367 0.7660096 0.6425799 0.01790285 0.5738905 0.8188736 0.009793221 0.4407417 0.8974747 -0.01691222 0.6578638 0.7530804 -0.009226143 0.4405791 0.8976715 -0.00872302 -0.2223035 0.9748908 0.01300406 -0.2224336 0.974749 0.01969373 -0.4670194 0.8841515 0.01300799 -0.6853839 0.7278535 -0.02186757 -0.4738403 0.8804756 -0.01543396 -0.6855545 0.7278443 -0.01605278 -3.58251e-4 -8.86007e-6 -1 1.76773e-6 0 -1 -1.49969e-5 2.0013e-5 -1 -7.18032e-4 -7.25169e-4 -0.9999996 -1.55078e-6 0 -1 -9.5917e-7 0 -1 9.86953e-6 2.3563e-5 -1 4.77572e-5 7.91828e-5 -1 1.48044e-4 1.10576e-5 -1 3.30295e-7 0 -1 4.39695e-5 -3.36521e-5 -1 5.80896e-5 -1.51198e-5 -1 -8.30631e-7 1.42082e-6 -1 4.85045e-6 7.11438e-6 -1 -9.78497e-7 0 -1 -1.28602e-4 1.69697e-4 -1 0 -9.12349e-6 -1 4.418e-6 2.34653e-6 -1 -3.21056e-6 5.02708e-6 -1 -5.73728e-6 2.79662e-6 -1 -2.15308e-4 6.105e-5 -1 1.5144e-4 2.85672e-4 -1 -1.93892e-4 -2.79078e-4 -1 0.003892719 0.004789054 -0.999981 1.04889e-6 0 -1 0 2.3283e-7 -1 -9.79762e-7 -8.30939e-7 -1 -1.18621e-6 0 -1 -0.00411427 -0.003306388 -0.9999862 3.58206e-4 2.44931e-4 -1 7.58282e-7 2.00412e-6 -1 -4.45194e-7 -5.91958e-7 -1 0 -6.74797e-7 -1 -4.98634e-5 -2.2489e-5 -1 -3.73873e-7 -2.51132e-6 -1 -1.98899e-6 1.54395e-6 -1 1.70753e-6 -1.32498e-7 -1 -9.00372e-6 5.35129e-6 -1 1.89451e-5 3.71319e-5 -1 -9.91609e-5 -1.46896e-4 -1 1.11498e-5 1.33065e-5 -1 1.00887e-5 -3.30116e-6 -1 -5.95672e-5 6.65329e-5 -1 1.64366e-5 2.06993e-5 -1 -3.32933e-6 0 -1 2.04997e-5 -5.71955e-6 -1 1.7434e-4 2.08527e-4 -1 -1.20544e-4 -1.34869e-4 -1 2.79464e-5 1.40291e-5 -1 1.64578e-6 -1.33082e-6 -1 -7.74358e-7 8.64244e-7 -1 -3.91351e-5 -7.43714e-5 -1 -0.9367852 0.3497483 -0.01047915 -0.9169836 0.3989253 1.91756e-4 -0.9722114 0.2339475 -0.008588314 -0.9703822 0.2414373 -0.008159041 -0.9139886 0.4056772 0.007129192 -0.9745595 0.2240658 -0.005321145 -0.9949151 -0.1003353 -0.008762776 -0.9949041 -0.09935426 -0.01716291 -0.9792857 -0.2003171 -0.02954232 -0.7758342 0.6308532 0.01027625 -0.844435 0.5355844 0.008882999 -0.8462939 0.5326812 0.00611639 -0.7325307 0.680616 -0.01268112 -0.6091418 0.7929983 -0.01000893 -0.5892473 0.8079112 -0.008201539 -0.5149677 0.8572078 0.001795351 -0.5946814 0.8039512 -0.004049181 -0.5945754 0.8040225 -0.005304813 -0.3148955 0.9490461 -0.01233953 -0.2907402 0.9567582 -0.009163558 -0.1741495 0.9843621 -0.02652007 -0.3960773 0.9182121 0.003064692 -0.2585116 0.965998 -0.004434823 -0.2135711 0.9769216 -0.003432691 0.1164743 0.9931671 -0.007289826 0.1832459 0.983049 -0.005968391 -0.007611274 0.9999711 -2.98539e-4 0.0893898 0.9959922 -0.003027617 -0.03503966 0.9993845 0.001742005 -0.03149688 0.9995039 1.87038e-4 0.4435007 0.8962672 0.003524243 0.3487277 0.9372091 0.005309343 0.3487485 0.9372058 0.004466354 0.5790007 0.8152415 0.01182144 0.6616687 0.7497775 0.005313515 0.6867735 0.7268514 0.005411088 0.5949949 0.803655 0.01094424 0.5938106 0.8043491 0.02028942 0.3936237 0.9192053 0.01104575 0.5290434 0.8485454 0.009158372 0.5154768 0.8568738 0.007147073 0.4726864 0.8671543 0.1568793 0.3818792 0.9241948 -0.005679249 0.5383303 0.8425413 0.0180214 0.5732294 0.8191863 0.01849251 0.5696857 0.82184 -0.006109356 0.7038459 0.7102196 -0.01375609 0.6786865 0.734312 -0.01305758 0.6828354 0.7302336 -0.0222404 0.6828472 0.730241 -0.02163046 0.8328273 0.5530827 -0.02232694 0.8845979 0.4662154 0.01138776 0.8002921 0.5996066 -0.002118647 0.8319576 0.5548073 0.005960404 0.8782961 0.478015 -0.009881019 0.8488596 0.5286149 0.001982748 0.8254294 0.5644709 0.006250441 0.8765724 0.4810127 0.0157417 0.7489074 0.6623107 0.02196234 0.7420319 0.6701626 0.01645904 -0.7197718 -0.6941007 0.01237034 -0.7435745 -0.6685208 0.01330989 -0.8294752 -0.5583261 0.01558619 -0.6794525 -0.733551 0.01572364 -0.679458 -0.7335668 0.01471877 -0.4920004 -0.8704515 0.01580435 -0.5292389 -0.8484728 -1.9944e-4 -0.5157696 -0.8567268 -0.001053869 -0.519425 -0.8526531 0.05639636 -0.4800141 -0.8772122 0.009234666 -0.5304142 -0.8477311 -0.003614604 -0.5663759 -0.8241262 -0.005870163 -0.5118049 -0.8587171 -0.0257042 -0.6884868 -0.7246168 -0.03027224 -0.6960388 -0.7175195 -0.02637904 -0.6548832 -0.7557301 9.74345e-5 -0.6976406 -0.7164474 -8.62662e-4 -0.6548477 -0.7557555 -0.002870023 -0.8486224 -0.5101978 -0.13978 -0.8568374 -0.5155375 0.007136702 -0.8605731 -0.5092858 0.006478309 -0.9250959 -0.3795186 0.01277655 -0.8204734 -0.5714908 0.01488977 -0.8126547 -0.5825817 0.01382106 -0.8271853 -0.5619286 8.20454e-4 -0.8277367 -0.5611141 -0.001728594 -0.8029648 -0.5960255 0.001096248 -0.5138003 -0.8578565 0.009572446 -0.524787 -0.851233 -0.00114113 -0.5135723 -0.8579692 -0.01150983 -0.1122384 -0.9936683 0.005087971 -0.1118566 -0.9936187 0.01448827 0.1198805 -0.9927756 0.005039989 0.2521257 -0.967333 -0.02645069 0.02247637 -0.9995607 -0.01932209 0.2523639 -0.9674403 -0.01928395 0.4708194 -0.8819648 0.02162051 0.4708085 -0.88192 0.02358978 0.6615509 -0.7495884 0.02162355 0.901941 -0.4309707 -0.02769482 0.7782456 -0.6273839 -0.02689689 0.9019608 -0.4309799 -0.02689152 0.9673816 -0.2519595 0.02625846 0.9673101 -0.2519129 0.02917349 0.9994108 -0.02205926 0.02629542 0.9662891 0.2566797 -0.02002894 0.9995279 0.02708309 -0.01451593 0.9663498 0.2568204 -0.0145446 0.8595521 0.5109258 0.01118689 0.8591379 0.5116489 -0.009884893 0.8527231 0.5223621 0.001149117 0.3673832 0.9300436 -0.006971657 0.4925597 0.8702504 0.007022857 0.367667 0.9299059 -0.009802401 0.1326455 0.9908962 -0.02302271 0.357585 0.9336125 -0.02237808 0.1326471 0.99091 -0.02241027 -0.005485594 0.9998536 0.01620942 -0.005494415 0.9998726 0.01499062 -0.235886 0.9716461 0.01617991 -0.5849136 0.8109412 -0.01583158 -0.3821716 0.9239053 -0.01854616 -0.5849167 0.8108813 -0.01854449 -0.5372253 0.843392 0.008894801 -0.5375649 0.8432224 -3.62521e-4 -0.7172378 0.6967717 0.008897185 -0.9472503 0.320488 -0.002104878 -0.9475099 0.3194327 0.01370316 -0.9956206 0.09346312 -0.002087354 -0.9899986 0.1408937 -0.007184863 -0.931264 0.3642216 0.009492456 -0.9901493 0.1396943 0.009486854 -0.8974026 -0.4410998 -0.009986877 -0.9748095 -0.2224451 -0.01626789 -0.8972505 -0.4412249 -0.01619833 -0.9443663 -0.3284651 -0.01682388 -0.9443036 -0.3285911 -0.01785361 -0.8901773 -0.4556118 0.001591563 1.77821e-4 -1.12148e-4 -1 -4.87217e-4 6.65412e-5 -1 1.88867e-4 6.98588e-5 -1 0 0 -1 0 0 -1 -1.90785e-4 -3.72144e-4 -1 3.71433e-5 8.16604e-4 -0.9999997 -0.2276567 0.4477485 -0.8646929 -0.3921817 0.5808196 -0.7133318 -0.2448715 0.4313055 -0.8683396 -0.2057206 0.1357482 -0.96915 -0.200866 0.1401421 -0.9695428 -0.1156206 0.04437536 -0.9923018 -0.5446407 0.5134298 -0.6631413 -0.5577635 0.4972636 -0.6645516 -0.6641787 0.5980008 -0.448622 -0.6584247 0.6530483 0.3741724 -0.6387314 0.6759521 0.3675746 -0.5980052 0.6374067 0.4859039 -0.6752934 0.662111 0.324943 -0.6210946 0.6485345 0.4400505 -0.6396735 0.6260885 0.4459049 -0.1011221 0.1409713 0.9848358 -0.081496 0.1536681 0.9847561 -0.01209503 0.04640322 0.9988496 -0.02529674 -0.01168698 0.9996117 -0.09444153 0.09549814 0.9909394 -0.001848936 0.003655135 0.9999916 0.4518653 -0.6086007 0.6522446 0.4793163 -0.5789151 0.6596313 0.5860141 -0.6783528 0.4431986 0.6543542 -0.5916025 0.4709854 0.647053 -0.6003499 0.4700026 0.6928378 -0.6296449 0.3514585 0.5507666 -0.5658797 -0.6135441 0.3915237 -0.4688257 -0.7917776 0.4161148 -0.4379435 -0.7969028 0.6221351 -0.5254932 -0.5803489 0.5981152 -0.5576785 -0.575546 0.4678741 -0.4381875 -0.7675191 0.3872357 -0.4937299 -0.7786396 0.530214 -0.6062574 -0.5927269 0.5186805 -0.6181492 -0.5906457 0.4781578 -0.5248962 -0.7041656 0.4983518 -0.4998455 -0.7083784 0.6148791 -0.6084494 -0.5017102 0.6957376 -0.6224678 0.3584454 0.6794529 -0.6424946 0.3543226 0.640169 -0.6049829 0.4734759 0.4868997 -0.6987766 0.5240611 0.3437695 -0.6047789 0.7183767 0.3700172 -0.5806042 0.7252491 0.1762976 -0.05808991 0.9826214 0.2384246 -0.1210103 0.9635924 0.08195441 0.03181856 0.9961281 -0.4877681 0.5422477 0.6841416 -0.4909996 0.5928627 0.6383051 -0.3854132 0.4344499 0.81407 -0.3338593 0.1966188 0.9218889 -0.4759673 0.3740491 0.7959538 -0.3136456 0.2154208 0.9247813 -0.7433784 0.6655449 0.06662356 -0.7582082 0.6489329 0.06329894 -0.7445613 0.6644189 -0.0646227 -0.6254203 0.7579296 -0.1854515 -0.6038793 0.7334347 -0.3120951 -0.5888364 0.7469015 -0.3088849 0.01389896 0.0748099 -0.997101 0.02592414 0.0900647 -0.9955985 -0.07631707 0.1686565 -0.9827161 -0.2789045 0.167651 -0.9455716 -0.2814125 0.1648985 -0.9453124 -0.3656426 0.2523161 -0.8959031 -0.7900058 -0.6099649 0.06191825 -0.8034477 -0.594159 0.0380395 -0.7139837 -0.6996978 -0.02550166 -0.7561736 -0.6542199 0.01406335 -0.7819345 -0.6230894 0.01839154 -0.7182186 -0.6957596 0.00897932 -0.6657408 -0.7461443 -0.007613718 -0.6214473 -0.7834295 -0.006465077 -0.5897074 -0.8076125 -0.002701044 0.7390064 0.6736162 0.01053589 0.8099686 0.5843744 -0.04957336 0.787757 0.6148647 -0.03715282 0.7038578 0.7103338 0.003173172 0.7099374 0.7039647 0.02055734 0.6860055 0.7270554 0.02805149 0.6794533 0.7336626 -0.009083092 0.6365328 0.7707463 -0.02786237 0.6060934 0.7946755 -0.03379166 1 -1.57368e-6 0 0.9999689 0.007543742 0.00231117 0.9997287 -1.37234e-4 0.02329176 1 1.09759e-6 5.71126e-6 0.9999876 -1.21401e-7 -0.005008816 0.9998602 7.74945e-5 -0.01672405 0.9999944 0.003180384 -0.001101374 0.9999976 0.001399099 -0.001716136 0.9998744 0.006497204 0.0144599 0.9998245 0.006541609 0.01755768 1 0 -2.93804e-6 1 -3.65795e-5 7.96974e-5 1 3.24926e-5 -6.01293e-5 1 -5.70844e-6 5.03543e-5 0.9997956 -1.12789e-4 0.02021801 0.999984 -0.004857122 -0.002942025 1 -5.02119e-6 -7.76515e-6 1 -3.46206e-6 9.93411e-7 0.9999952 -0.001121997 -0.002913117 0.99987 0.005147933 0.01527976 0.9996603 0.004765331 0.02562707 0.9999892 0.004638493 2.41765e-4 1 1.90518e-4 1.37204e-5 1 2.20452e-5 9.93425e-7 0.5185448 0.8550504 -6.11253e-4 0.5110071 0.8595119 -0.01054096 0.5214251 0.8532971 -3.07306e-4 0.5296708 0.8481895 0.004839003 -0.9999811 0.004553973 -0.004141867 -0.9999965 -0.002668678 0 -0.9999898 -0.004495859 2.50779e-4 -0.9999131 0.0103228 -0.00820291 -0.9999971 0 0.00245732 -1 -7.15212e-6 -5.92478e-5 -1 -8.12835e-6 -6.70365e-5 -1 8.60122e-6 3.02387e-6 -0.9999997 -1.87559e-4 8.20399e-4 -1 7.80653e-6 3.84045e-6 -1 1.9744e-4 3.20002e-6 -0.9999799 0.005761861 -0.002669334 -1 -3.75831e-6 1.97052e-6 -1 1.2853e-4 8.7475e-7 -1 -7.37947e-5 1.44407e-6 -0.9999966 -0.002613902 0 -1 8.52781e-6 -4.2281e-6 -1 6.05965e-6 2.91384e-5 -0.9999998 9.25829e-5 6.80523e-4 -0.9998831 0.01528507 -5.86764e-4 -1 6.81563e-5 -1.40756e-5 -1 -1.38817e-5 1.03776e-5 -0.9999957 0 0.002962112 -1 -2.2252e-5 7.41654e-6 -1 1.84509e-6 -1.70617e-4 -0.9998871 -0.01165384 -0.00949788 -1 7.06927e-6 2.41251e-5 -1 4.31596e-6 3.5624e-6 0.002833843 -0.9999958 6.3324e-4 -7.03543e-4 -0.9999998 1.09578e-6 -0.001606464 -0.9999988 6.0269e-5 0.005436062 -0.9999853 6.07297e-5 5.50011e-4 -0.9999998 -3.47988e-4 -6.70201e-4 -0.9999997 -6.11723e-4 2.75858e-4 -1 3.1482e-4 0 -1 -3.36236e-4 -3.16377e-4 -0.9999998 6.08543e-4 -7.47276e-4 -0.9999998 -1.3468e-5 -6.7353e-4 -0.9999998 0 1.24692e-4 -1 -2.33101e-4 -7.92808e-4 -0.9999995 6.7461e-4 0.003561317 -0.9999933 -8.67488e-4 0.004253506 -0.999991 -1.03779e-5 -8.43153e-4 -0.9999997 -9.88035e-5 7.31696e-5 -1 2.36591e-4 2.08177e-4 -1 -7.08555e-5 -0.001911818 -0.9999919 -0.0035609 -0.003072321 -0.9999878 -0.003891527 -0.004264056 -0.9999909 -1.77831e-4 9.58833e-4 -0.9999997 2.7454e-5 0.001061022 -0.9999992 8.31366e-4 -2.98182e-4 -1 -3.02192e-4 0 -1 3.46049e-4 2.89959e-4 -0.9999999 -5.35319e-4 0.001133203 -0.9999994 6.45675e-6 -2.22173e-4 -1 8.13871e-6 -4.8976e-4 -0.9999999 1.399e-4 1.67038e-5 -1 1.9643e-4 2.83119e-4 -1 -4.4594e-5 -6.54559e-4 -0.9999998 8.29449e-6 -0.002550959 -0.9999968 -3.67487e-4 -0.612384 -0.03349423 -0.7898507 -0.7134175 -0.01508623 -0.7005769 -0.5556831 -0.03079241 -0.8308238 -0.342904 -0.002166271 -0.939368 -0.3300998 -4.40627e-4 -0.943946 -0.2994372 0.009532332 -0.9540684 -0.292992 -0.006347358 -0.9560939 -0.3541443 -0.001800239 -0.9351891 -0.3732684 -8.25148e-4 -0.9277231 -0.333049 0.0151025 -0.9427887 -0.5095916 0.01063859 -0.8603507 -0.54148 0.01488602 -0.840582 -0.5844077 0.02262115 -0.8111448 -0.5267314 0.02105027 -0.8497712 -0.5015692 0.01865267 -0.8649165 -0.5080928 -0.0319612 -0.8607091 -0.5079357 -0.03092753 -0.8608397 -0.2958496 -0.03219616 -0.9546918 -0.6631985 0.02343136 -0.7480767 -0.6598818 0.02428478 -0.7509769 -0.8178467 0.02297019 -0.5749776 -0.7513905 -0.006493806 -0.6598259 -0.7494401 -0.008373856 -0.6620192 -0.7897121 -0.1116093 -0.6032397 -0.8236884 -0.01792347 -0.5667594 -0.7034896 -0.02678042 -0.7102008 -0.6708325 -0.01783227 -0.7413945 -0.7681128 9.79784e-5 0.6403145 -0.7662796 0.001935243 0.6425045 -0.8015923 0.107258 0.5881714 -0.8230233 0.0128917 0.5678613 -0.7027371 0.01522922 0.7112867 -0.66991 0.01263082 0.7423349 -0.6590673 -0.005566835 0.7520635 -0.6921994 -3.39951e-5 0.7217064 -0.6557395 -0.005677461 0.7549659 -0.7113187 0.01717585 0.7026597 -0.5529744 0.03489506 0.8324672 -0.6101278 0.03648537 0.7914626 -0.6639885 -0.02483659 0.7473303 -0.6639571 -0.02763462 0.7472599 -0.8184371 -0.02501654 0.5740514 -0.5083694 0.009414136 0.8610877 -0.5060611 0.03223568 0.8618951 -0.2961379 0.009606301 0.9550969 -0.294095 -0.02523159 0.9554432 -0.467854 0.01960581 0.8835883 -0.4126214 0.01456922 0.9107862 -0.2981231 0.006463646 0.9545056 -0.3588747 7.40299e-4 0.9333856 -0.3780833 3.39553e-4 0.9257716 -0.3330945 -0.0171864 0.9427368 -0.5095132 -0.01230043 0.8603749 -0.5414772 -0.01691532 0.8405454 0.4327859 0.02134257 -0.9012441 0.4475929 0.003038823 -0.8942323 0.438378 0.001632213 -0.8987893 0.3995532 0.03119069 -0.9161793 0.5210266 0.01332658 -0.8534365 0.5762807 0.009033203 -0.817202 0.4389126 0.001339852 -0.8985288 0.6115018 -0.01311802 -0.7911344 0.6342496 0.001179158 -0.7731276 0.707486 -0.02220064 -0.7063786 0.6509187 -0.0288304 -0.7585999 0.7313052 -0.02872884 -0.6814451 0.6053885 0.03168326 -0.7952994 0.6052217 0.03245705 -0.7953951 0.4056118 0.03183615 -0.9134908 0.8586598 0.08486533 -0.5054712 0.8514087 0.003738939 -0.5244895 0.8457536 0.004819095 -0.5335519 0.8853179 0.01761341 -0.4646527 0.7782765 0.01942527 -0.6276214 0.7543264 0.01737886 -0.6562696 0.7619199 -0.008897662 -0.6476102 0.7642814 -0.03810083 -0.6437565 0.8907045 -0.009067535 -0.4544925 0.88546 0.02571105 -0.4640039 0.7849134 -0.02807354 -0.6189691 0.8221449 -0.02189654 -0.5688572 0.7505074 0.017407 0.6606328 0.6973335 0.0167877 0.7165502 0.772912 0.01059907 0.6344248 0.6054856 -0.01919633 0.7956247 0.6039288 -0.03746706 0.7961573 0.4056996 -0.0194109 0.9138004 0.380294 0.02656209 0.9244842 0.5551971 -0.01662468 0.8315527 0.4998275 -0.00791043 0.8660889 0.8476155 -0.009821057 0.5305203 0.8456728 -0.0114268 0.5335794 0.8638315 -0.06705921 0.4992977 0.8869287 -0.02124035 0.461418 0.7804941 -0.02231711 0.6247648 0.7566286 -0.02086907 0.6535119 0.6495326 -0.03808718 0.7593793 0.6158015 -0.04188865 0.786787 0.6154758 -0.03687506 0.7872927 0.7292618 0.05340814 0.6821473 0.7297326 0.05563449 0.6814655 0.8670419 0.05362516 0.4953411 -0.9909189 0.01744848 0.1333242 -0.9982047 0.03454911 0.04892718 -0.9991477 0.03780931 0.01656931 -0.955677 -0.006408631 0.2943475 -0.9940834 -0.01697188 0.1072859 -0.98502 -0.01690542 0.1716097 -0.9755637 -0.005515336 0.2196478 -0.975857 -0.01007115 0.2181783 -0.9424293 0.02499639 0.3334702 -0.9474004 -0.04125416 0.3173811 -0.9900718 -0.05013942 0.1313158 -0.9950782 -0.04085463 0.09028011 -0.9878403 -0.006944775 0.1553168 -0.9934999 -0.00405699 0.1137611 -0.9878395 -0.006533741 0.1553399 -0.9997854 0.01098406 0.01756417 -0.9988468 0.01161962 0.0465846 -0.9998063 0.008720517 0.01764798 -0.999732 -0.00470823 -0.02266782 -0.9997249 -0.006455957 -0.02255249 -0.998638 -0.008024096 -0.05155497 -0.9953742 -0.03851729 -0.08801549 -0.9942583 -0.05856972 -0.08955562 -0.9482063 -0.0386669 -0.3152931 -0.9425809 0.03443157 -0.3321982 -0.9871473 -0.02258926 -0.1582089 -0.9806183 -0.01154804 -0.1955875 -0.9599974 0.1055397 -0.2593577 -0.9758567 0.003929734 -0.2183764 -0.9771134 0.004043161 -0.2126808 -0.9900716 0.005205929 -0.140468 -0.9900729 0.004865705 -0.1404713 -0.9843695 0.004660904 -0.1760541 -0.9897475 0.01437509 -0.1421028 -0.9794905 0.01542574 -0.200899 -0.9450853 -0.006337344 -0.3267624 -0.9441425 -0.03840953 -0.3272914 -0.975319 0.008417308 -0.2206401 -0.9761476 0.02056974 -0.2161316 -0.9432917 0.09355723 -0.3185091 -0.9856018 0.1078129 -0.1302517 -0.9915016 0.09180527 -0.09217596 0.9683916 0.2403158 0.06682902 0.9680045 0.2505456 0.01393717 0.9556526 0.2458651 -0.1621065 0.9906069 0.003502547 -0.1366963 0.9850927 -9.91393e-4 -0.1720221 0.9906336 0.001993238 -0.1365333 0.979799 0.001077115 -0.1999819 0.9777996 -3.32398e-4 -0.2095423 0.9760438 -0.0166037 -0.2169398 0.9788973 -0.008003592 -0.2041963 0.9782154 0.01691418 -0.2069026 0.9769204 -0.001550614 -0.2135983 0.9846023 4.09062e-4 -0.1748088 0.9792634 -0.006410956 -0.2024895 0.9902591 -9.38271e-4 -0.1392344 0.9830217 0.02723288 -0.1814575 0.9856887 0.02083855 -0.1672834 0.9872691 0.02059745 -0.1577202 0.9929478 -0.008660197 0.1182363 0.9929947 -0.001517355 0.1181489 0.9973713 -0.006882369 0.07213354 0.9981871 0.008233964 0.0596221 0.9998897 0.01440799 0.003612279 0.9994418 0.01008737 0.03185069 0.9926774 -0.008544802 0.1204937 0.9859434 4.38473e-4 0.1670792 0.9720264 0.0264548 0.2333771 0.9982582 -0.02712863 -0.05239009 0.9992576 -0.03052222 -0.02351057 0.9989682 -0.03730428 -0.02590328 0.9919534 -0.09779828 -0.08039933 0.9936203 -0.1003509 -0.0514611 0.9835028 -0.09891879 0.1514514 0.9789847 8.45858e-4 0.2039324 0.9796474 -0.02173835 0.1995455 0.981575 3.1379e-4 0.1910768 0.9735047 0.0957424 0.2076585 0.9827009 -0.002611875 0.1851814 0.983784 -0.001823127 0.1793486 0.9753696 0.003666937 0.2205467 0.9808567 0.01922374 0.1937805 0.9795379 -0.03359031 0.1984367 0.984818 -0.06602865 0.1605419 0.9905444 -0.04680383 0.1289628 0.9949129 -0.03863662 0.09303569 0.98981 0.1423869 -0.001506745 0.9953299 0.0930413 0.0257259 0.9948334 0.1014755 -0.003044366 -0.9957861 -0.06115889 -0.06833451 -0.9966899 -0.07368671 -0.03434681 -0.9918789 -0.04189616 -0.1200877 -0.9922003 0.08551573 0.09069657 -0.9896842 0.109264 0.09266442 -0.9442641 0.08579218 0.3178132 -0.9403881 -0.02334976 0.3393011 -0.9923636 0.03512543 0.1182399 -0.9843668 0.01226335 0.175703 0.9993023 -0.02854955 -0.02408397 0.9997228 -0.01482737 -0.01829349 0.9998132 -0.01612579 -0.01066076 0.8938001 0.006115257 0.448424 0.8933985 -0.00831896 0.4491882 0.8553633 0.003966212 0.5180133 0.4725049 -0.01052147 0.8812653 0.4706841 -0.01009386 0.8822441 0.4477107 -0.01594585 0.8940363 0.09989923 0.06215733 0.9930543 0.1114225 0.0626077 0.9917991 0.09793019 0.06498044 0.9930697 0.1370193 0.03744453 0.9898604 0.3617007 0.03653579 0.9315782 0.1370238 0.03663986 0.98989 0.05442756 -0.02266371 0.9982605 0.05412417 -0.01438027 0.9984307 -0.1772488 -0.02256494 0.9839074 -0.3087127 -0.001076757 0.9511548 -0.3088086 -0.002420663 0.9511212 -0.3238437 -5.58728e-4 0.9461105 -0.3416005 0.001011729 0.9398448 -0.3067555 0.01432836 0.9516806 -0.343571 1.8937e-4 0.9391267 -0.8304123 0.01266378 0.5570054 -0.7430961 -0.003048062 0.6691778 -0.8308668 -0.005829632 0.556441 -0.9420454 0.006399691 0.3354245 -0.9421932 -0.008956074 0.3349504 -0.9766532 0.004087924 0.2147833 -0.9765798 0.0113753 0.2148548 -0.9432485 -0.02262187 0.3313163 -0.9755017 0.01956254 0.2191206 -0.9415153 0.01067632 -0.3368011 -0.9757619 -0.004437446 -0.2187902 -0.9413056 -0.003519475 -0.3375372 -0.8331117 0.006055474 -0.5530717 -0.832864 -0.01091659 -0.5533701 -0.7457853 0.001339256 -0.666185 -0.3120973 0.002163529 -0.9500477 -0.3271039 1.95988e-4 -0.9449884 -0.3119971 9.02624e-4 -0.9500826 0.05423587 0.0144006 -0.9984244 -0.1771863 0.02259451 -0.983918 0.05453872 0.02265912 -0.9982546 0.06227874 -0.02262938 -0.9978023 0.06260275 -0.01430749 -0.9979361 0.2907039 -0.02253633 -0.9565477 0.4118652 -0.002285957 -0.911242 0.4138275 1.47303e-4 -0.9103554 0.4242938 -0.001432538 -0.9055235 0.8946156 0.004674077 -0.4468122 0.8563511 -0.003142237 -0.5163845 0.8947809 -0.003884136 -0.4464886 0.9964907 -0.002839267 -0.08365577 0.9961356 0.02523565 -0.08412569 0.9958931 0.01126641 -0.08983319 -1.587e-4 -1 -4.6793e-4 1.06301e-4 -1 1.44356e-4 -1.50455e-4 -1 -3.92295e-4 3.25351e-4 -0.9999998 5.16246e-4 0.002440571 -0.9999964 0.001166522 -7.33085e-4 -0.9999997 -3.94852e-4 0.002471864 -0.9999963 -0.001158237 -4.54447e-4 -0.9999999 3.27445e-4 -3.88848e-4 -1 2.79371e-4 2.66388e-4 -0.9999999 -5.86059e-4 -4.1979e-4 -0.9999994 0.001004457 -0.578101 -0.02171194 -0.8156763 -0.6819429 -0.009794652 -0.7313399 -0.5196508 -0.0238403 -0.8540461 -0.2979154 -0.005693078 -0.9545754 -0.3588088 -6.29915e-4 -0.9334109 -0.3779578 -3.83657e-4 -0.9258229 -0.333049 0.01509779 -0.9427887 -0.5095992 0.01071774 -0.8603452 -0.5414799 0.01488298 -0.840582 -0.5082677 -0.01072251 -0.8611325 -0.5055267 -0.03571343 -0.8620716 -0.2960254 -0.01096153 -0.9551172 -0.2953584 0.02718573 -0.9549997 -0.4677859 -0.02210789 -0.8835653 -0.4121941 -0.01599055 -0.9109558 -0.6633459 0.01277744 -0.7482039 -0.6605668 0.02770566 -0.750256 -0.8179894 0.01235884 -0.5751006 -0.8464033 -0.02541851 -0.5319356 -0.6995969 0.009330868 -0.7144769 -0.7349572 0.001717329 -0.6781114 -0.8237393 -0.01412034 -0.566793 -0.7038044 -0.01322662 -0.7102707 -0.6708843 -0.01380485 -0.7414336 -0.6671262 0.007112979 -0.7449107 -0.7000724 0.003454804 -0.7140636 -0.6637524 0.004805326 -0.747937 -0.7506625 0.01496762 0.6605165 -0.6545704 0.02046048 0.7557241 -0.5781845 0.01538014 0.8157612 -0.6759731 0.01399594 0.7367934 -0.7081124 0.008390784 0.7060499 -0.672317 0.01188528 0.740168 -0.6833051 0.01226907 0.7300299 -0.521095 0.02785843 0.8530439 -0.5797308 0.02509963 0.8144215 -0.6641597 -0.01327151 0.747473 -0.6647731 -0.02980923 0.7464504 -0.8186084 -0.01345598 0.5741943 -0.8437348 0.0273351 0.5360639 -0.6997174 -0.01113706 0.7143331 -0.7326659 -0.003138482 0.6805813 -0.4883741 -0.01241427 0.8725462 -0.4869827 0.005747973 0.8733928 -0.2740334 -0.01228469 0.9616417 -0.3056383 -0.01919895 0.9519541 -0.4814051 0.009809911 0.8764433 -0.4265414 0.009018957 0.9044231 -0.336871 -6.84438e-5 0.9415509 -0.3240979 -0.001596152 0.9460223 -0.292034 -0.004952788 0.9563952 -0.2932766 0.00719434 0.9560006 -0.3543235 0.002028822 0.9351208 -0.3734807 8.83557e-4 0.9276375 -0.333094 -0.01719081 0.942737 -0.509503 -0.01220989 0.8603824 -0.5414766 -0.01691752 0.8405456 0.4697149 0.005170702 -0.882803 0.4535448 0.002781927 -0.8912292 0.4133549 -0.0106672 -0.9105075 0.4957244 0.008102416 -0.8684421 0.520526 0.005311965 -0.8538294 0.3965453 0.01784634 -0.9178417 0.4388642 -0.01297444 -0.8984597 0.6119593 -0.01596748 -0.790728 0.6342014 -0.0129112 -0.77306 0.7252343 -0.0213772 -0.6881703 0.6699353 -0.02468168 -0.7420092 0.7485444 -0.02320861 -0.6626784 0.6054288 0.02920383 -0.7953637 0.6050379 0.03553617 -0.7954034 0.4056524 0.02937138 -0.9135555 0.8488036 0.005617856 -0.5286786 0.8468037 0.006435751 -0.5318667 0.8631414 0.06586498 -0.5006485 0.8852293 0.01814079 -0.4648011 0.7782093 0.01857638 -0.6277301 0.7542074 0.01773214 -0.6563969 0.7000076 0.01662546 -0.7139419 0.752933 0.01878076 -0.6578292 0.7752932 0.01129019 -0.6315006 0.762533 -0.03104752 -0.6462039 0.7631333 -0.02876049 -0.6456007 0.8910201 -0.03123438 -0.4528881 0.4508886 0.00317651 0.8925746 0.4527607 0.003387272 0.8916257 0.4279993 0.01109546 0.903711 0.4099057 -0.02648353 0.9117434 0.5269916 0.008276104 0.8498302 0.5819649 0.01143115 0.8131335 0.4149199 -0.001611649 0.9098566 0.5895174 0.01817983 0.8075511 0.6135385 -0.001426398 0.7896636 0.7447735 0.01578634 0.6671307 0.6911 0.01630604 0.7225753 0.7674111 0.009944856 0.6410784 0.6054842 -0.01922565 0.7956251 0.6039307 -0.03747129 0.7961555 0.4056981 -0.01944023 0.9138005 0.3756002 0.028741 0.9263361 0.551332 -0.01432406 0.834163 0.495965 -0.004630446 0.8683302 0.8900889 0.01046979 0.4556668 0.8499822 -0.005896091 0.5267785 0.844315 -0.007033646 0.535801 0.8869433 -0.02040076 0.4614276 0.7804266 -0.02366697 0.6247994 0.7566424 -0.02007728 0.6535207 0.7636843 0.007812678 0.6455426 0.7658217 0.03520172 0.6420887 0.8919437 0.007999658 0.4520757 0.886637 -0.02374553 0.461856 0.7856711 0.02658271 0.6180732 0.8225591 0.02114439 0.5682865 -0.9997855 0.01098406 0.01756364 -0.9988468 0.01161962 0.04658406 -0.9998062 0.008720517 0.01764744 -0.999732 -0.004707336 -0.0226677 -0.9997249 -0.006455123 -0.02255237 -0.998638 -0.008023202 -0.05155479 -0.9878325 -0.006947934 0.1553665 -0.9934996 -0.00405699 0.1137635 -0.9878317 -0.006536066 0.1553896 -0.9556772 -0.006408572 0.2943471 -0.9940834 -0.01697182 0.1072855 -0.98502 -0.01690536 0.1716093 -0.9755629 -0.005514204 0.2196512 -0.9758562 -0.01007008 0.2181817 -0.9424281 0.02499747 0.3334735 -0.9957826 -0.0612418 -0.06831139 -0.9966853 -0.07376724 -0.03430664 -0.9918766 -0.0420134 -0.1200652 -0.9893896 0.0955584 0.1094393 -0.9860818 0.1228645 0.1120133 -0.937116 0.09585362 0.3355973 -0.9366349 -0.009669184 0.3501737 -0.9893966 0.05828678 0.133031 -0.9819014 0.03564941 0.1860074 -0.9599978 0.1055397 -0.2593562 -0.9758671 0.00392425 -0.2183303 -0.9771133 0.004039824 -0.2126814 -0.9900718 0.005205452 -0.1404662 -0.9900732 0.004865288 -0.1404696 -0.9843698 0.004660427 -0.1760523 -0.9897466 0.0143705 -0.1421098 -0.9794896 0.01541507 -0.2009041 -0.9450829 -0.006330668 -0.3267697 -0.9441363 -0.0383833 -0.3273124 -0.9753184 0.008402049 -0.2206434 -0.976148 0.02055352 -0.2161311 -0.9433019 0.09364545 -0.3184528 -0.9856135 0.1077879 -0.1301833 -0.9915145 0.09171658 -0.09212577 0.9694841 0.2354432 0.0683164 0.9692642 0.2455447 0.01532506 0.9571077 0.2411195 -0.1606434 0.9765121 -0.01796668 -0.2147123 0.9802558 -3.55725e-4 -0.1977337 0.9782856 -0.001744508 -0.2072541 0.9972329 0.01152729 -0.07344198 0.9964309 0.003368496 -0.08434522 0.9970661 -0.01560682 -0.07493823 0.9890559 0.01350653 -0.1469224 0.9893426 0.01279616 -0.1450431 0.9863592 0.007197916 -0.1644499 0.9782777 0.006004095 -0.2072121 0.9837716 9.74256e-4 -0.1794226 0.9896005 0.002189099 -0.1438267 0.9872741 -0.001758575 -0.159019 0.9935923 -0.003433883 -0.1129713 0.9872494 -0.004711806 -0.1591114 0.9997797 -0.002072036 0.02089065 0.9997498 -0.007353365 0.02112817 0.9987457 -0.005284368 0.04979187 0.9977981 0.001037538 0.06631839 0.9999364 -0.004789233 0.01021248 0.9992579 0.001987516 0.03846645 0.9926774 -0.008543252 0.1204936 0.9859437 4.40898e-4 0.1670773 0.9720265 0.02645486 0.2333769 0.9977943 -0.0192613 -0.06352531 0.9991076 -0.02389264 -0.0348308 0.9989043 -0.02912193 -0.03663462 0.9915438 -0.09984856 -0.08289384 0.9932824 -0.1023659 -0.05395638 0.9836733 -0.1009599 0.1489773 0.9789847 8.45867e-4 0.2039321 0.9796475 -0.02173829 0.1995452 0.9815751 3.13852e-4 0.1910766 0.9661348 0.09809947 0.2386628 0.9768944 -0.001091837 0.2137196 0.9781453 -5.9794e-4 0.2079221 0.9753695 0.003666877 0.2205467 0.9808561 0.01927155 0.1937781 0.979538 -0.03359037 0.1984369 0.9848181 -0.06602811 0.1605417 0.9905444 -0.04680341 0.1289625 0.994913 -0.03863489 0.09303557 0.9898099 0.142387 -0.001508176 0.9953298 0.09304255 0.0257253 0.9948334 0.1014758 -0.003045678 -0.9473997 -0.04125463 0.3173829 -0.9900715 -0.05013996 0.1313178 -0.9950779 -0.0408551 0.09028208 -0.9909188 0.01744955 0.1333243 -0.9982046 0.03454977 0.04892754 -0.9991477 0.03780871 0.01656812 -0.9953742 -0.03851604 -0.08801537 -0.9942583 -0.05856847 -0.08955562 -0.9482064 -0.03866571 -0.3152931 -0.9425811 0.03443115 -0.3321979 -0.9871473 -0.02258718 -0.1582092 -0.9806183 -0.01154845 -0.1955872 0.9993022 -0.02854955 -0.0240848 0.9997236 -0.01482969 -0.01824647 0.9998131 -0.01612579 -0.0106616 0.8962547 0.004140257 0.4435204 0.8961315 -0.004507184 0.4437659 0.8580649 0.002334833 0.5135362 0.4236156 9.008e-4 0.9058416 0.4359415 -2.19448e-4 0.8999751 0.4257392 0.002870857 0.9048414 -0.07781118 -7.18187e-4 0.9969679 0.1532962 0.01325631 0.9880914 -0.07866036 0.01325464 0.9968134 0.05442047 -0.01011413 0.9984669 0.05361497 0.003534197 0.9985555 -0.177303 -0.0100125 0.9841054 -0.3149732 -8.58273e-4 0.9491002 -0.3149853 -0.001240074 0.9490959 -0.3301249 -5.13784e-4 0.9439371 -0.81181 -0.004989266 0.5839004 -0.7201816 -0.01330339 0.6936581 -0.8119016 -0.01197755 0.5836715 -0.9380277 0.008193552 0.3464636 -0.9385358 -0.01178556 0.3449809 -0.9739761 0.009709835 0.2264427 -0.9725539 0.01442098 0.2322306 -0.9382929 -0.03038734 0.3445043 -0.9713296 0.02153533 0.2367596 -0.9415147 0.01067692 -0.3368027 -0.9757615 -0.004437386 -0.2187921 -0.9413051 -0.003517985 -0.3375389 -0.8384194 0.004948079 -0.5450032 -0.838459 -0.005449771 -0.5449375 -0.7520995 -0.001427888 -0.6590482 -0.3438665 -5.4733e-4 -0.9390184 -0.3419368 -0.001288831 -0.9397221 -0.3069693 -0.0139445 -0.9516173 -0.3094764 0.002467453 -0.950904 -0.3244886 4.45343e-4 -0.9458895 -0.3093639 0.001006662 -0.9509433 0.05423545 0.01440095 -0.9984244 -0.1771868 0.02259051 -0.983918 0.0545383 0.02266371 -0.9982545 0.0622794 -0.0226289 -0.9978023 0.06260335 -0.01430702 -0.997936 0.2907045 -0.02253586 -0.9565476 0.4178681 -0.001776635 -0.9085059 0.4198291 7.01059e-4 -0.9076029 0.4302527 -8.07612e-4 -0.9027082 0.8942918 0.006139397 -0.4474424 0.856196 -0.00460577 -0.5166308 0.8945952 -0.005306243 -0.446846 0.984297 -0.00663346 -0.1763954 0.9817849 0.004100322 -0.1899515 0.983138 0.006569206 -0.1827474 -1.67534e-4 -1 -4.11296e-4 1.06301e-4 -1 1.44356e-4 -1.76027e-4 -0.9999999 -4.56215e-4 3.2535e-4 -0.9999998 5.16246e-4 0.002440571 -0.9999964 0.001166522 -7.33085e-4 -0.9999997 -3.94852e-4 0.002471864 -0.9999963 -0.00118035 -4.54446e-4 -0.9999999 3.20896e-4 -3.88849e-4 -0.9999999 2.79371e-4 2.66389e-4 -0.9999998 -5.94316e-4 -4.1979e-4 -0.9999994 0.001010179 -0.9487836 -0.3099302 -0.06126254 -0.9808369 -0.1846991 -0.06201016 -0.9966903 -0.05341041 -0.06128537 -0.6447245 -0.7595122 0.08643907 -0.6453198 -0.7607309 0.06964814 -0.8203611 -0.5672585 0.07228845 -0.04181689 -0.9974461 -0.05790334 0.2181426 -0.9741985 -0.05788922 0.2180619 -0.974518 -0.05257213 0.2759476 -0.9602843 0.04131728 0.5138013 -0.8557757 0.06046748 0.5152114 -0.8561366 0.03984236 0.9242857 -0.3786113 -0.04847031 0.9908159 -0.1262363 -0.04846084 0.9912766 -0.127089 -0.03491693 0.9437178 -0.3287414 -0.03641045 0.9970338 -0.07660126 0.007484674 0.9784399 -0.2063784 0.007959008 0.4146712 0.9086006 -0.04992729 0.6358935 0.7706844 -0.04105144 0.6359146 0.7701424 -0.04993408 0.6885554 0.7246032 0.02901107 0.6881996 0.724669 0.03515923 0.7763177 0.6294041 0.03437101 -0.9135618 0.4036504 0.04971247 -0.9138662 0.4042703 0.03760784 -0.7777805 0.6263923 0.05186653 -0.558938 0.8284007 -0.03661841 -0.3253648 0.9448588 -0.03714507 -0.3253727 0.9448766 -0.03661876 -0.2405526 0.9703373 0.02408373 -0.2405579 0.9703299 0.02432858 0.0187714 0.999464 0.02681863 0.9324205 -0.3575928 0.05214774 0.8776425 -0.476442 0.05240935 0.9312945 -0.3584355 0.06492167 -0.9990792 -0.003931641 0.04272609 -0.9896875 -0.1360222 0.04490995 -0.9898251 -0.1357238 0.04272502 -0.9154726 -0.4014977 -0.02663546 -0.9154576 -0.4018309 -0.02166414 -0.7929087 -0.6081834 -0.03753453 -0.2684096 -0.9632996 -0.003187775 -0.2704445 -0.9625354 0.01963645 -0.0123263 -0.9995276 0.02815616 -0.2496482 -0.9680382 0.02404218 0.007958233 -0.9988838 0.04656046 0.009375512 -0.9996622 0.02424174 0.7264082 -0.6857091 -0.04619717 0.7259564 -0.6869292 -0.03340268 0.8088697 -0.5871543 -0.03129816 0.9601653 0.2748782 -0.05024844 0.9606062 0.2744089 -0.04399484 0.916662 0.3976224 -0.04033929 0.7269114 0.6850968 0.04735285 0.726915 0.6855635 0.03996825 0.8096531 0.5856143 0.03896069 0.4590821 0.8873127 -0.04381883 0.459093 0.8877406 -0.03391575 0.2136651 0.9759671 -0.04284536 -0.8302938 0.5549673 -0.05122238 -0.6581138 0.7511108 -0.05214411 -0.6584238 0.7512204 -0.04632753 -0.3550021 0.9329789 0.05936199 -0.3550711 0.9330974 0.05704092 -0.101334 0.9936014 0.049878 0.8183221 0.5714457 -0.06163483 0.8189699 0.5715085 -0.05163687 0.6429215 0.7641903 -0.05162543 -0.9028134 -0.4202476 -0.09121477 -0.9503314 -0.2978448 -0.09032559 -0.840323 -0.5345321 -0.09018206 -0.7050982 -0.7060121 0.06620872 -0.6085979 -0.7890244 0.08396011 -0.6081875 -0.7909738 0.06684625 0.08349901 -0.9950453 -0.05397135 0.08279263 -0.9958016 -0.03904688 0.3378402 -0.9403927 -0.03905779 0.3009496 -0.9535678 0.01174378 0.5360267 -0.8433769 0.03729647 0.5371484 -0.8432437 0.02029401 0.9339981 -0.3563911 -0.02516198 0.8817455 -0.4710903 -0.02447092 0.9736266 -0.2268361 -0.02442818 0.9991926 -0.02133429 0.03404581 0.9989815 -0.02139461 0.03972876 0.992911 0.1118813 0.04013139 0.1202031 0.9897165 0.07754093 0.1203163 0.9906947 0.06362479 0.372878 0.9254912 0.06654495 -0.8890472 0.4516358 0.07497036 -0.8216158 0.5650683 0.07513552 -0.7418486 0.6673074 0.0660423 -0.695455 0.7154263 -0.06713867 -0.6955844 0.7158023 -0.06155872 -0.4861209 0.8713073 -0.06715744 -0.9182383 0.3897003 0.07051265 -0.9174507 0.3894463 0.08133822 -0.9615861 0.2662826 0.06667739 -0.9984619 -0.02845758 -0.04758405 -0.9943146 0.1012936 -0.0328347 -0.9989725 -0.0299226 -0.034038 -0.5848354 -0.8111016 -0.009040355 -0.5867078 -0.8097369 0.01001942 -0.3574619 -0.9336001 0.02473485 -0.5502929 -0.834657 0.02292138 -0.3169226 -0.9470465 0.05160313 -0.3156596 -0.9484603 0.02796745 0.2361505 -0.9711375 -0.03353935 0.2362225 -0.9713456 -0.02620577 0.4795324 -0.8770341 -0.02932566 0.6479908 -0.761378 0.02028572 0.8227198 -0.5677005 0.02912598 0.8228414 -0.5677096 0.02525937 0.952544 -0.3040347 -0.0149281 0.9526199 -0.3039678 -0.01090675 0.9835648 -0.1797606 -0.01692444 0.9881866 0.1524977 0.01522076 0.9881615 0.1525192 0.01658147 0.9606248 0.2775306 0.01329803 0.826474 0.5621381 -0.03068715 0.8266217 0.5621524 -0.02610266 0.6530656 0.7569909 -0.02168667 0.315438 0.9477333 0.04796433 0.05916684 0.9969527 0.05084156 0.05937099 0.9972223 0.04497712 -0.2618821 0.9629927 -0.06374102 -0.2619259 0.963124 -0.06153935 -0.5026851 0.8625419 -0.05770105 0.2874746 0.9552049 -0.07030117 0.5254472 0.8480469 -0.06871628 0.5254158 0.8485566 -0.06237083 0.918447 0.3819578 0.1027777 0.9179927 0.3817904 0.1073573 0.7874796 0.6077165 0.1027454 0.9443798 0.3287108 -0.009808301 0.9961764 0.07480031 -0.04513949 0.9777595 0.2046149 -0.04603362 0.3709833 -0.9241442 0.09126287 0.5983816 -0.7960461 0.09083002 0.5983619 -0.7960109 0.09126788 0.68669 -0.7268384 -0.01276683 0.6860286 -0.7272307 -0.02237105 0.7744806 -0.6322051 -0.02228534 -0.3426159 -0.9363433 -0.07665348 -0.3428449 -0.9366994 -0.07107526 -0.08843618 -0.9940699 -0.06327748 -0.8064708 -0.5894865 0.04593962 -0.6423243 -0.7651908 0.04361951 -0.6262228 -0.7782419 0.04674094 -0.9569664 0.2897778 0.01562911 -0.9864161 0.1634968 0.01588249 -0.9993573 0.0322864 0.0155766 -0.9868072 -0.1588236 -0.03141021 -0.9988834 -0.02894008 -0.03734385 -0.987361 -0.1578874 -0.01377803 -0.217136 0.9740174 0.0643602 -0.4622411 0.8843452 0.06532019 -0.4622658 0.8844032 0.06435322 -0.5686869 0.8222444 -0.02257537 -0.5690676 0.8220962 -0.01789301 -0.7615886 0.6470209 -0.03669899 0.9019332 -0.4308217 0.03015589 0.9019047 -0.4307967 0.03134196 0.7596276 -0.649604 0.03131425 -0.1871843 0.9786167 -0.08527296 -0.03183561 0.9954532 -0.08977442 -0.03185594 0.995604 -0.08807921 0.08414506 0.9964379 -0.005594015 0.08274066 0.9964809 0.01341199 0.3377996 0.9411225 0.01341557 0.93406 0.3565236 0.02056169 0.8818906 0.4710463 0.01960742 0.9737606 0.2267372 0.01951354 0.993023 0.1123306 -0.03587895 0.992271 0.1135933 -0.04994976 0.9979754 -0.01857596 -0.06082767 -0.03167718 -0.9990186 0.03096145 0.2280333 -0.9732022 0.02963924 0.2280351 -0.9731609 0.03095179 0.2663548 -0.9636343 -0.02154421 0.266627 -0.9636602 -0.01640653 0.5066066 -0.8617913 -0.0257951 -0.3622351 -0.931308 -0.03809434 -0.5909212 -0.8057786 -0.03915512 -0.5909214 -0.8057826 -0.03906857 -0.8824597 -0.4674894 0.05214101 -0.8822038 -0.4674153 0.05691677 -0.7311882 -0.6801785 0.05216318 -0.9787386 -0.1839676 -0.09070217 -0.9944171 0.07514601 -0.07407867 -0.9958542 -0.05624407 -0.07149136 -0.8151507 0.5740584 0.07737064 -0.8823139 0.4640744 0.07846885 -0.9362 0.3428666 0.0772801 -0.02012407 0.06570184 0.9976364 -0.05061846 0.1914153 0.980203 -0.06432849 0.3169212 0.9462679 0.0594418 0.7809233 0.6217923 0.0586735 0.6928988 0.7186437 0.05719757 0.843154 0.5346213 -0.07088625 0.9499985 0.3041022 -0.07390797 0.9498311 0.3039053 -0.06334948 0.9820609 0.1776047 0.07842034 0.9825955 -0.1683939 0.07028406 0.9832281 -0.1682938 0.0727207 0.9526273 -0.2953186 -0.1092348 0.6587546 -0.7443858 -0.1048696 0.6588276 -0.7449487 -0.09392166 0.7512583 -0.6532915 0.07615375 0.05158621 -0.9957608 0.05509495 0.3070372 -0.9501014 0.05723351 0.1804536 -0.9819169 -0.0240975 -0.5013858 -0.8648882 -0.05710601 -0.7046334 -0.7072699 -0.02731609 -0.7081004 -0.7055832 -0.001410424 -0.5253219 -0.8509026 -0.03608912 -0.5208457 -0.8528877 -0.03850054 -0.7238473 -0.6888853 0.05122321 -0.06953638 0.9962635 0.0487653 -0.06955486 0.9963856 0.04884487 -0.1992568 0.9787292 -0.07094299 -0.9540135 0.2912481 -0.06252992 -0.9544094 0.2918781 -0.07512056 -0.8455663 0.5285589 0.007306516 -0.9367762 0.3498528 0.03403055 -0.9947538 0.09647208 0.03479671 -0.97358 0.2256795 0.03710186 -0.6853997 0.7272213 0.02260023 -0.6861106 0.7271462 0.0257647 -0.4744945 0.8798814 -0.02515321 -0.4623247 0.8863539 -0.02360743 -0.4623172 0.8864004 -0.0248683 -0.3428507 0.9390608 0.03344196 0.5173211 0.8551378 0.02816849 0.5169749 0.8555371 0.03085649 0.2791252 0.9597588 -0.04268389 0.4603964 0.8866868 -0.07522863 0.6704937 0.7380914 -0.04512345 0.6742643 0.7371103 0.07388204 0.9767262 -0.2013639 0.09719276 0.9753433 -0.198139 0.07649832 0.9944758 -0.07187509 -0.01229423 0.9998384 -0.01312285 -0.02620643 0.9995541 -0.01431202 -0.0227347 0.9929708 0.1161561 -0.05653518 0.4576454 -0.8873356 -0.05534046 0.3374513 -0.9397149 -0.05817639 0.3373509 -0.9395797 -0.009667396 0.2799829 -0.9599564 -0.01876014 0.4025617 -0.9152006 -0.01713186 0.1527681 -0.9881136 0.03679537 -0.4708692 -0.8814355 0.0170778 -0.4695923 -0.8827183 0.01363837 -0.6820572 -0.7311717 -0.02136576 -0.5678578 -0.8228495 -0.04289036 -0.7598897 -0.6486358 -0.02090823 -0.7614852 -0.6478451 -0.02078104 -0.9536209 0.3002921 -0.02219641 -0.9847269 0.1726862 -0.01865214 -0.984784 0.1727796 0.01976841 -0.9797454 0.1992691 0.02008646 -0.9973394 0.0700761 0.01990157 -0.9979347 -0.06107681 -0.04478567 -0.9116064 -0.4086172 -0.04543668 -0.9568081 -0.2871478 -0.04470717 -0.9863333 -0.1585812 0.0380755 -0.7262507 -0.6863748 0.03667467 -0.5237856 -0.8510603 0.03772211 -0.5237529 -0.8510347 -0.02726113 -0.3467249 -0.9375707 -0.02688509 -0.4658413 -0.8844599 -0.02691316 -0.2209951 -0.9749036 0.04165756 0.2215707 -0.9742542 0.03906607 0.3466119 -0.9371948 0.03883135 0.3466094 -0.9372056 -0.06747746 0.5269543 -0.8472108 -0.06906038 0.5268764 -0.8471316 -0.06901997 0.7285704 -0.6814848 0.05884587 0.9693096 -0.2386968 0.06236886 0.9296643 -0.3630903 0.05614727 0.992363 -0.1098331 -0.05127078 0.9435312 0.3272925 -0.05071026 0.9781689 0.2015296 -0.05070197 0.8925655 0.4480583 0.03577911 0.8234586 0.5662472 0.04711991 0.6665092 0.7440063 0.03593885 0.6665156 0.7446243 -0.02539438 0.1819062 0.982988 -0.02504521 0.3076034 0.951185 -0.02496421 0.05093342 0.9983901 0.04785674 -0.07713335 0.9958716 0.0504108 -0.07721406 0.9957394 0.04512524 -0.2067112 0.9773609 -0.07384663 -0.5678536 0.8198104 -0.07001066 -0.5679929 0.8200505 -0.06996947 -0.7612671 0.6446524 0.08002239 -0.9336464 0.3491431 0.06951034 -0.9930118 0.09537315 0.07207655 -0.971787 0.2245773 0.04662007 -0.9774615 0.2059021 0.04660606 -0.8907482 0.4521013 0.04725193 -0.9418367 0.3327328 -0.03864574 -0.8167181 0.5757413 -0.04896581 -0.6396975 0.7670655 -0.03887659 -0.6397649 0.7675869 0.03134173 -0.1783305 0.9834714 0.03096562 -0.3058345 0.9515811 0.03090333 -0.04902899 0.9983192 -0.04529696 0.1816854 0.9823129 -0.04821223 0.3080044 0.9501626 -0.04357206 0.3081382 0.9503434 0.05649667 0.5688548 0.8204953 0.0563001 0.5688622 0.8205035 0.05626499 0.7620757 0.6450386 -0.05380374 0.9687579 0.2421017 -0.0564866 0.9287256 0.3664396 -0.05134755 0.9922286 0.1133405 0.03867238 0.9569223 -0.2877573 0.03823292 0.9862634 -0.1606944 0.03825151 0.9110165 -0.4105921 -0.0315544 0.8347686 -0.549696 -0.0366435 0.6639239 -0.7469019 -0.03153353 0.6639989 -0.7470684 0.03050589 0.3460265 -0.9377287 0.03016006 0.4648216 -0.8848906 0.03012222 0.2199108 -0.9750549 -0.05168318 -0.0757026 -0.9957901 -0.05684018 -0.07596522 -0.9954891 -0.04885226 -0.2052595 -0.9774876 0.0749616 -0.5266091 -0.8467962 0.07311803 -0.5266851 -0.8469101 0.07307744 -0.7283805 -0.6812647 -0.05988806 -0.9186298 -0.3905544 -0.05568081 -0.9887113 -0.1391035 -0.05907827 -0.9618337 -0.2671813 -0.04477983 -0.9116064 -0.4086179 -0.04539006 -0.9568043 -0.2871677 -0.04470789 -0.9863331 -0.1585818 0.03807771 -0.7262484 -0.6863771 0.0366764 -0.5237828 -0.8510619 0.03772425 -0.52375 -0.8510363 -0.02721363 -0.3467294 -0.9375703 -0.02688258 -0.4658386 -0.8844613 -0.02691549 -0.2209922 -0.9749041 0.04165738 0.22157 -0.9742543 0.03906589 0.3466113 -0.937195 0.03883117 0.3466087 -0.9372057 -0.06747758 0.5269552 -0.8472102 -0.06905966 0.5268773 -0.8471312 -0.06902104 0.7285711 -0.6814839 0.05884528 0.9693097 -0.2386965 0.06236803 0.9296644 -0.36309 0.05614662 0.992363 -0.1098328 -0.0423749 0.9572978 0.2859818 -0.04189401 0.9864311 0.158741 -0.04191565 0.9116731 0.4087728 0.03431075 0.8233919 0.5664351 0.03952425 0.6663435 0.7445967 0.03396266 0.6664281 0.7447955 -0.0332508 0.3467951 0.9373515 -0.03281939 0.4655251 0.8844259 -0.03276252 0.2206537 0.9748018 0.05574709 -0.0773769 0.9954422 0.06151425 -0.07768946 0.9950782 0.05297416 -0.2069515 0.976916 -0.08137083 -0.5263188 0.846385 -0.07936263 -0.5264092 0.8465193 -0.07932037 -0.7280991 0.6808672 0.08002251 -0.9336534 0.3491244 0.06951022 -0.9930137 0.09535372 0.07207667 -0.9717915 0.2245582 -0.0409559 -0.8167108 0.5755922 -0.02670478 -0.6406805 0.7673432 -0.03915292 -0.6398397 0.7675105 0.05261683 -0.4707252 0.8807096 0.05200618 -0.581446 0.8119211 0.05209273 -0.3512266 0.9348403 -0.03329658 0.08714038 0.9956395 -0.03654831 0.2159582 0.9757184 -0.03489804 0.2160027 0.9757689 0.05840599 0.5276299 0.8474642 0.04804259 0.5276234 0.8481188 0.04801815 0.7293246 0.6824808 -0.05167889 0.8252075 0.5624608 -0.06503689 0.9419086 0.3295126 -0.05594581 0.9425417 0.329371 0.05598992 0.9561731 -0.287399 0.05536264 0.9854912 -0.1604434 0.0553357 0.9102509 -0.4103432 -0.05623084 0.7749943 -0.6294618 -0.06383216 0.5851929 -0.8083778 -0.05712175 0.5853489 -0.8087669 0.04849624 0.2337563 -0.9710851 0.04787367 0.3578748 -0.9325417 0.04789435 0.1040937 -0.9934136 -0.06552863 -0.2888833 -0.9551191 -0.06783652 -0.2888794 -0.9549592 -0.0643872 -0.4118998 -0.9089516 0.07630395 -0.9722338 -0.2212222 0.07161593 -0.9725436 -0.2214273 0.0763145 -0.8815162 -0.4659459 0.04099178 -0.9362748 -0.3488683 0.001662492 -0.9952179 -0.09766578 0.001198589 -0.9739415 -0.2267968 -0.02061283 0.0650953 0.9976662 -0.05070203 0.1909223 0.9802949 -0.06410402 0.3164741 0.9464327 0.05943906 0.7809172 0.6218001 0.05867081 0.6928924 0.7186501 0.05719488 0.8431493 0.5346289 -0.0949766 0.9755864 0.1980167 -0.1128005 0.9739779 0.1965786 -0.09961169 0.992663 0.06854104 0.06662648 0.9834557 -0.1684517 0.06957685 0.9832686 -0.1683512 0.07235324 0.9526417 -0.2953622 -0.05402833 0.521517 -0.8515287 -0.06946027 0.5199329 -0.8513783 -0.03367185 0.2844718 -0.958093 0.04745972 0.05170559 -0.9975341 0.01368838 0.305203 -0.952189 0.01629185 0.1785584 -0.9837945 -0.0239886 -0.5578455 -0.8295981 -0.04708367 -0.751491 -0.6580612 -0.02107542 -0.7535992 -0.6569963 0.01829957 -0.5259469 -0.8503205 -0.007952809 -0.5237724 -0.8518211 -0.009545266 -0.7263411 -0.6872682 0.05091679 -0.0695222 0.9962803 0.04841512 -0.06954169 0.9964036 0.0485391 -0.1992429 0.9787473 -0.06981295 -0.9544394 0.2901235 -0.06197643 -0.9548102 0.2906829 -0.07532173 -0.8462065 0.5275049 0.007306516 -0.9367801 0.3498424 0.03403049 -0.9947548 0.09646147 0.03479677 -0.9735824 0.2256692 0.04788857 -0.6377476 0.7687554 0.02997338 -0.6392773 0.768392 0.02609723 -0.4186482 0.9077734 -0.01716476 -0.4618166 0.8868094 -0.01129758 -0.461569 0.8870325 -0.01721161 -0.342306 0.939431 2.64723e-4 0.4568997 0.8895183 0.02366364 0.6697306 0.7422271 0.001819431 0.671501 0.7410015 0.04955071 0.6315869 0.7737201 0.05386251 0.6314492 0.7735443 0.04650813 0.7272161 0.6848312 0.06820732 0.9503636 -0.3035735 0.07883018 0.9500338 -0.3020293 0.05903363 0.982414 -0.1771377 -0.05096602 0.9985944 -0.01455944 -0.05535829 0.9983602 -0.01457381 -0.05159819 0.9919205 0.115894 -0.05655634 0.4576525 -0.8873306 -0.05533802 0.3374592 -0.9397122 -0.0581516 0.337359 -0.9395783 -0.01048672 0.2819344 -0.9593764 -0.01936513 0.404438 -0.9143604 -0.01819759 0.1547929 -0.9877793 0.03734338 -0.4692233 -0.8822897 0.01677888 -0.4679576 -0.8835917 0.01514589 -0.6807005 -0.7324053 -0.02237218 -0.5722151 -0.8197985 -0.04450231 -0.7632923 -0.6445189 -0.02327883 -0.7648868 -0.643744 -0.02018409 -0.952247 0.304661 -0.0222215 -0.9839233 0.1772035 -0.01842671 -0.9839851 0.1772961 0.02060896 -0.9797464 0.1991792 0.02093291 -0.9973282 0.06998848 0.02073818 -0.9979121 -0.06116914 0.7071 -0.7071044 0.00360012 0.7061153 -0.7061179 0.05290335 0.7558339 -0.6544463 0.0203762 0.7558528 -0.6544306 0.02018022 0.7558549 -0.6544325 0.02003622 0.8395952 -0.5418644 -0.0382483 0.8396046 -0.5418524 -0.03821098 0.8396083 -0.5418478 -0.03819572 0.7041031 -0.7100979 0 0.7197838 -0.6941969 0.001423656 0.7197088 -0.6942712 0.002627611 0.7062244 -0.7077188 0.01952743 0.7104855 -0.7037118 4.10956e-4 0.712351 -0.701762 0.00929284 0.7186795 -0.695335 -0.002990782 0.7186928 -0.6953217 -0.002884209 0.6970713 -0.7170001 -0.001579701 0.8445276 -0.5354781 -0.006040394 0.8445312 -0.5354733 -0.005959033 0.8445272 -0.5354787 -0.006047129 -0.7070664 -0.70707 -0.01044583 -0.7421411 -0.6701811 0.009165227 -0.7070475 -0.707166 0 -0.7070317 -0.7071818 0 -0.7071027 -0.7071015 -0.003635585 -0.7587724 -0.6513388 0.004707157 -0.744694 -0.6674042 0.001582443 -0.7071884 -0.7070252 -1.19955e-5 -0.7069115 -0.707302 -3.96483e-6 -0.6972084 -0.716867 0.001471459 0.707084 0.7071296 -4.3655e-6 0.6192414 0.7850257 -0.01658093 -0.9241896 0.3816526 -0.01466012 -0.7939342 0.6078227 -0.01483505 -0.9241874 0.3816512 -0.0148335 -0.9686483 0.2479484 0.0155633 -0.9686787 0.2479386 0.01371502 -0.999817 -0.01113289 0.01556229 -0.713771 -0.700275 -0.01208418 -0.8706294 -0.4917123 -0.01494663 -0.7137176 -0.7002743 -0.01494258 -0.7629999 -0.6463778 0.005196392 -0.7629167 -0.6464964 -8.59386e-4 -0.5697495 -0.8218019 0.005200684 0.05793058 -0.9983193 -0.001632392 0.05834585 -0.9982578 0.008785545 0.3142877 -0.9493264 -0.001633167 0.3422369 -0.9394817 -0.01575207 0.08785086 -0.9961172 -0.005729079 0.3426231 -0.9394555 -0.005726158 0.9394528 -0.3426306 0.005726218 0.939479 -0.3422445 0.01575195 0.9961165 -0.08785879 0.005729198 0.9982572 -0.05835807 -0.008781969 0.9493227 -0.3142992 0.001636445 0.9983186 -0.05794239 0.00163567 0.6465075 0.7629073 8.63167e-4 0.8218102 0.5697377 -0.005196928 0.6463885 0.7629908 -0.005192577 0.7002824 0.7137096 0.01494473 0.7002832 0.7137629 0.01208639 0.4917223 0.8706238 0.01494884 -0.2479798 0.9686682 -0.01371437 0.01113831 0.999817 -0.01556241 -0.2479895 0.9686378 -0.0155633 -0.3816506 0.9241877 0.0148341 -0.381652 0.9241898 0.01466059 -0.6078222 0.7939347 0.01483559 -0.9238039 0.3822217 -0.0222041 -0.7936003 0.6082358 -0.01574784 -0.9239731 0.3821332 -0.01574915 -0.9080026 -0.4187336 0.01390385 -0.9076294 -0.4190378 0.02482444 -0.7687064 -0.6394506 0.01390844 -0.7469112 -0.6649133 -0.003722965 -0.8932322 -0.4495111 0.008732676 -0.7464845 -0.6653457 0.008730292 0.08154839 -0.9966267 -0.009227216 -0.1790666 -0.9837471 -0.01329517 0.08161473 -0.9965753 -0.01329296 0.172671 -0.9847851 0.01957148 0.1726782 -0.9847996 0.01876455 0.4216636 -0.9065409 0.01958447 0.8607268 -0.5088546 -0.01471138 0.6997225 -0.7142727 -0.01424974 0.8607327 -0.508858 -0.01424294 0.9684231 -0.2487107 0.01731073 0.9683658 -0.2486512 0.02098375 0.9997962 0.01039373 0.01731008 0.9027548 0.4294205 -0.02513527 0.9832111 0.1811833 -0.02164924 0.9028127 0.4294885 -0.02165138 0.5728166 0.8192718 0.02597969 0.5727285 0.8192115 0.02957755 0.3412241 0.939623 0.02597564 -0.1551339 0.9876124 -0.02356344 0.1057226 0.9942009 -0.01968687 -0.1551932 0.9876882 -0.0196762 -0.550351 0.8346914 0.02010697 -0.5503643 0.8345355 0.02548652 -0.7476305 0.6638106 0.02010655 6.55473e-7 0 -1 0 0 -1 -6.70687e-7 0 -1 1.33192e-7 0 -1 0.4907957 -0.8712733 0.001606881 0.490343 -0.8714751 -0.009740829 0.2486239 -0.9685988 0.001608312 0.2693186 -0.9630016 0.009772896 0.5089344 -0.8608038 -0.001618623 0.2688539 -0.9631797 -0.001616954 -0.4762288 -0.8793209 -0.001021742 -0.2326399 -0.9725458 0.005780398 -0.476381 -0.87922 0.005771815 -0.4272724 -0.9039633 -0.01699233 -0.4273648 -0.9039872 -0.01290541 -0.6466628 -0.7625867 -0.01699441 -0.966418 -0.2569479 0.003753125 -0.8670126 -0.4982466 0.006289064 -0.9664126 -0.2569189 0.006289541 -0.9439879 -0.3299068 -0.006952524 -0.9440166 -0.3298756 -0.003876507 -0.9972048 -0.07439285 -0.006958305 -0.9440165 0.3298757 0.003876566 -0.9972048 0.07439291 0.006958365 -0.943988 0.3299068 0.006952524 -0.9614542 0.2748594 -0.007620036 -0.9614606 0.2749096 -0.004266023 -0.8575795 0.5142951 -0.007624089 -0.4274178 0.9040362 0.005717396 -0.6467047 0.7626672 0.01057571 -0.4273134 0.9040418 0.01057261 -0.5285717 0.8488656 -0.006263852 -0.5284183 0.8489838 7.27491e-4 -0.2909071 0.9567307 -0.006267786 0.2688564 0.9631789 0.001614987 0.2693209 0.963001 -0.009774923 0.5089365 0.8608027 0.001616597 0.4903438 0.8714748 0.009738802 0.2486248 0.9685986 -0.001610279 0.4907966 0.8712728 -0.001608848 0.9614847 0.2748582 -4.03291e-4 0.8576757 0.5141578 0.005853056 0.9615108 0.2747049 0.005848646 0.9267309 0.3756293 -0.008514761 0.926777 0.3755827 -0.004687488 0.9923617 0.123068 -0.008517801 0.926777 -0.3755829 0.004687726 0.9923617 -0.1230682 0.008518099 0.9267308 -0.3756295 0.008515 0.9615104 -0.2747066 -0.005848944 0.9614843 -0.2748598 4.03032e-4 0.8576748 -0.5141592 -0.005853354 -1.60672e-7 0 -1 0.4704977 -0.8822994 0.01340782 0.682803 -0.7305037 0.01200962 0.4705014 -0.8823177 0.01200354 0.3297666 -0.9440112 -0.009854495 0.3297666 -0.9440163 -0.009334206 0.07424503 -0.9971914 -0.0098598 -0.2908284 -0.9567353 0.008752167 -0.03334641 -0.9993949 0.009894073 -0.2908314 -0.9567232 0.009888291 -0.2748627 -0.9614534 -0.007618844 -0.2749129 -0.9614597 -0.004264831 -0.514298 -0.8575777 -0.007622897 -0.9040319 -0.4274269 0.005715608 -0.7626917 -0.6466758 0.01057386 -0.9040377 -0.4273222 0.0105707 -0.848864 -0.5285745 -0.006263315 -0.8489823 -0.5284209 7.27955e-4 -0.9567299 -0.2909101 -0.006267249 -0.9741012 0.2261097 0.001174032 -0.9739914 0.2264341 -0.008279502 -0.8824143 0.470472 0.001175642 -0.8463937 0.5322247 0.01883131 -0.9553359 0.2953256 0.01078313 -0.8463693 0.5324873 0.01077979 -0.5629525 0.8264144 -0.01112717 -0.5629254 0.8264006 -0.0133056 -0.3299161 0.9439447 -0.01113045 0.03778243 0.9991461 0.01671957 -0.2220846 0.9748865 0.01657706 0.03778207 0.9991487 0.01657134 0.01655101 0.9998458 -0.005877435 0.01670593 0.9998605 3.94002e-4 0.2747169 0.9615072 -0.005883216 0.6831556 0.7302718 0.001203417 0.6833813 0.7300158 -0.008185327 0.8488312 0.5286626 0.001204669 0.860536 0.50922 0.0131554 0.6997192 0.7144051 0.004283368 0.8607514 0.5090077 0.004280745 0.9972167 0.07448029 -0.003404974 0.9971946 0.07438802 -0.008337974 0.9825333 -0.1860557 -0.003406465 0.9567906 -0.2905651 0.0111221 0.9994258 -0.03319436 0.006811559 0.9568083 -0.2906402 0.006807446 0.8575452 -0.5143412 -0.00834161 0.8575195 -0.514344 -0.01052343 0.6952372 -0.718732 -0.008345901 0.9231067 -0.3845209 0.004214406 0.971885 -0.2354342 0.003233134 0.9718848 -0.2354356 0.00317645 0.9924369 -0.122731 -0.002483963 0.9924373 -0.1227296 -0.002420604 0.9994184 0.03392904 -0.003433525 0.9948186 0.1016354 0.002505838 0.9666836 0.2559654 0.002141952 0.9666844 0.2559635 0.002013504 0.9299993 0.3675553 -0.002142071 0.9299988 0.3675572 -0.00201267 0.861073 0.5084753 -0.00250101 0.8245061 0.5658428 0.00344032 0.7258771 0.68782 0.002481698 0.7258782 0.6878191 0.002416491 0.6424406 0.7663288 -0.003234565 0.6424397 0.7663297 -0.003177464 0.514695 0.8573631 -0.004212558 0.3845217 0.9231063 0.004214644 0.2354351 0.9718847 0.003233373 0.2354364 0.9718846 0.003176689 0.1227334 0.9924367 -0.002483904 0.122732 0.9924369 -0.002420544 -0.0339266 0.9994185 -0.003433525 -0.1016353 0.9948186 0.002506256 -0.2559652 0.9666836 0.00214231 -0.2559635 0.9666844 0.002013802 -0.3675579 0.9299982 -0.002142131 -0.3675602 0.9299977 -0.001990199 -0.5084779 0.8610715 -0.00250107 -0.565843 0.8245059 0.003440201 -0.6878202 0.7258769 0.002481579 -0.6878193 0.725878 0.002416372 -0.7663298 0.6424393 -0.003234922 -0.7663308 0.6424385 -0.003177821 -0.8573638 0.5146936 -0.004212915 -0.9231064 0.3845216 0.004214465 -0.9718847 0.235435 0.003233313 -0.9718846 0.2354362 0.003176569 -0.9924368 0.1227315 -0.002483904 -0.9924372 0.1227301 -0.002420604 -0.9994184 -0.03392851 -0.003433525 -0.9948185 -0.1016371 0.002505958 -0.9666832 -0.255967 0.002142012 -0.9666839 -0.2559652 0.002013564 -0.93 -0.3675537 -0.002142012 -0.9299994 -0.3675556 -0.00201261 -0.8610738 -0.5084739 -0.00250107 -0.8245047 -0.5658448 0.003440439 -0.7258754 -0.6878218 0.002481758 -0.7258771 -0.6878203 0.002382397 -0.6424403 -0.766329 -0.003234684 -0.6424394 -0.76633 -0.003177583 -0.5146947 -0.8573633 -0.004212677 -0.3845241 -0.9231054 0.004214346 -0.2354376 -0.9718841 0.003233194 -0.2354388 -0.971884 0.00317645 -0.1227784 -0.9924311 -0.002482891 -0.122777 -0.9924314 -0.002419471 0.03392922 -0.9994183 -0.003433406 0.1016789 -0.9948142 0.002506673 0.2559612 -0.9666847 0.002142429 0.2559595 -0.9666855 0.002013981 0.3675585 -0.9299979 -0.002141833 0.3675608 -0.9299974 -0.001989901 0.5084784 -0.8610712 -0.002500712 0.5658429 -0.8245059 0.00344032 0.6878201 -0.7258769 0.002481698 0.6878192 -0.7258781 0.002416551 0.7663283 -0.642441 -0.003234505 0.7663294 -0.6424401 -0.003177464 0.8573628 -0.5146955 -0.004212558 -9.09607e-7 0 -1 1.44827e-6 0 -1 4.9975e-6 0 -1 -0.8248151 0.5653648 0.006536364 -0.8248167 0.5653653 0.006287097 -0.9084719 0.4178948 0.006539463 -0.9990651 0.04294914 -0.004935681 -0.9774503 0.2111116 -0.004796326 -0.9990658 0.04294908 -0.004793822 -0.990517 -0.1372705 0.005742192 -0.9905081 -0.1372777 0.006975471 -0.9530895 -0.3026339 0.005744338 -0.8655874 -0.5007228 -0.005940854 -0.9377562 -0.3472671 -0.004353165 -0.8655873 -0.5007393 -0.004352271 -0.6220957 -0.7829354 0.003057837 -0.6220701 -0.7829446 0.005167603 -0.4808879 -0.8767768 0.003058969 -0.4409939 -0.8975082 -0.001919507 -0.5862475 -0.810132 6.00785e-4 -0.4409611 -0.8975261 6.00243e-4 0.02866774 -0.999589 2.60402e-4 -0.1405878 -0.9900668 -0.001694679 0.02869063 -0.999587 -0.001691401 -0.100495 -0.9949375 4.63366e-4 -0.1004558 -0.9949394 -0.002099692 0.06902986 -0.9976146 4.66799e-4 0.448709 -0.8936723 0.003179967 0.4487451 -0.8936395 0.006019294 0.5932336 -0.8050242 0.003179967 0.6922671 -0.7215999 -0.00774306 0.5604547 -0.8281695 -0.005080997 0.6923083 -0.721584 -0.005080044 0.9500676 -0.312021 0.003813505 0.9500695 -0.31196 0.006997108 0.989131 -0.1469873 0.003814816 0.9918302 -0.1275593 -0.001312494 0.9560332 -0.2932484 0.002412378 0.9918385 -0.1274773 0.002411127 0.9175186 0.397681 -0.003087103 0.971508 0.2369689 -0.004229903 0.9175116 0.3976868 -0.004227221 0.8891624 0.4575653 0.00494647 0.8891624 0.4575653 0.004923999 0.7990533 0.60124 0.004949331 0.5573281 0.8302778 -0.004926562 0.6896173 0.7241571 -0.004952132 0.557328 0.8302778 -0.004949033 0.477416 0.8786615 0.005304932 0.4774152 0.8786653 0.004696011 0.3220691 0.9467014 0.005307972 -0.1697994 0.9854705 -0.004023313 -8.81434e-4 0.9999873 -0.004980862 -0.1698043 0.9854652 -0.004977643 -0.1791662 0.9838063 0.004981577 -0.1791727 0.9838095 0.004025816 -0.3428381 0.9393814 0.004984915 -0.7701596 0.6378307 -0.005106747 -0.6512995 0.7587977 -0.005917668 -0.770159 0.6378247 -0.005914092 9.18865e-7 0 1 -1.34354e-6 0 1 -8.39287e-7 0 1 -6.56223e-7 0 1 -5.59973e-6 0 1 -2.18502e-6 0 1 5.9574e-6 0 1 -6.25717e-7 0 1 0.3124904 6.42895e-4 -0.9499208 0.2131311 0.1013045 -0.9717574 0.1149334 -0.001185178 -0.9933726 0.1694589 -0.1015862 -0.9802877 0.2684349 5.65368e-4 -0.9632977 0.06913429 -0.001074492 -0.9976069 -0.4555674 -0.1005128 -0.8845086 -0.3647037 2.97901e-5 -0.9311237 -0.5446283 0.001011192 -0.8386769 -0.3815232 -4.17001e-4 -0.9243592 -0.468891 0.1021003 -0.877335 -0.5597426 3.62072e-4 -0.8286666 -0.8640959 -0.1014863 -0.4929897 -0.8134406 -2.66285e-4 -0.581648 -0.9138543 1.38992e-4 -0.4060423 -0.8384041 -2.83369e-4 -0.5450492 -0.8841814 0.1013895 -0.4560083 -0.9309415 1.51295e-4 -0.3651684 -0.9938917 -0.101628 -0.04302674 -0.9893825 -1.51142e-4 -0.1453355 -0.9983884 2.81017e-4 0.05675154 -0.994849 -1.39776e-4 -0.1013686 -0.994861 0.1012472 -9.47902e-4 -0.9948947 2.65917e-4 0.100919 -0.8600801 -0.1016725 0.4999248 -0.9114996 -2.83297e-4 0.4113011 -0.8100764 2.76091e-4 0.5863244 -0.8891782 -2.78619e-4 0.4575612 -0.8346014 0.1014332 0.541435 -0.7789018 3.11954e-4 0.6271459 -0.3898195 -0.1017174 0.9152565 -0.4842487 -3.61267e-4 0.8749304 -0.2983092 4.21256e-4 0.9544693 -0.4683197 -0.001006543 0.8835586 -0.3758993 0.1008478 0.9211567 -0.2809699 -5.76156e-5 0.9597166 0.1202704 0.001026809 0.9927407 0.2194491 0.1016359 0.9703156 0.3175941 -4.06835e-4 0.9482267 0.2981014 -0.1012918 0.9491447 0.2024004 4.61856e-4 0.9793028 0.3953393 -9.4652e-4 0.9185347 0.7484492 -0.1012343 0.6554201 0.6804555 1.47932e-4 0.7327895 0.8140053 0.001139998 0.5808563 0.6659173 -0.001007199 0.7460249 0.7334499 0.1006583 0.6722494 0.8024292 -2.77475e-5 0.5967475 0.9631671 9.77982e-4 0.2689018 0.9804827 0.1013017 0.168498 0.9975774 -2.38619e-4 0.06956553 0.9946175 -0.1019962 0.01824545 0.992882 -4.59477e-4 0.1191022 0.9965363 -0.001249432 -0.08314961 0.9795329 9.77706e-4 -0.2012823 0.9492047 0.1019175 -0.2976968 0.9189836 5.50319e-4 -0.3942953 0.7854302 -0.1026781 -0.6103743 0.8480401 -0.001060783 -0.529931 0.7240411 -0.001071333 -0.6897561 0.7377924 3.65024e-4 -0.6750276 0.6626803 0.1015477 -0.7419858 0.5868474 7.71855e-4 -0.8096973 0 -1 0 0 -1 3.50268e-6 0 -1 -1.06003e-6 0 -1 -2.68798e-6 0 -1 -5.34458e-6 0 -1 7.78036e-7 0 -1 -2.21273e-7 -0.2539056 5.93093e-4 0.9672289 -0.144221 -0.1106321 0.9833416 -0.03235882 5.93214e-4 0.9994761 -0.08320844 0.1121772 0.9901984 -0.1944311 -4.77374e-4 0.9809162 0.02867007 -4.77094e-4 0.9995889 0.4742102 4.76568e-4 0.8804115 0.566064 -0.1116538 0.8167651 0.6581947 4.76786e-4 0.7528477 0.6154581 0.1111553 0.780292 0.5270364 -5.94061e-4 0.8498425 0.7028962 -5.93864e-4 0.7112923 0.9672288 5.9309e-4 0.2539057 0.9833417 -0.1106321 0.1442211 0.9994762 5.93213e-4 0.03235888 0.9901984 0.1121772 0.08320838 0.9809162 -4.77374e-4 0.1944311 0.9995888 -4.77094e-4 -0.02867013 0.8804115 4.7657e-4 -0.4742105 0.8167649 -0.1116538 -0.5660642 0.7528475 4.76788e-4 -0.6581949 0.780292 0.1111554 -0.6154584 0.8498423 -5.94061e-4 -0.5270366 0.7112921 -5.93864e-4 -0.7028963 0.2539056 5.93091e-4 -0.9672288 0.144221 -0.1106321 -0.9833417 0.03235882 5.93213e-4 -0.9994762 0.08320844 0.1121772 -0.9901983 0.1944311 -4.77374e-4 -0.9809162 -0.02867007 -4.77095e-4 -0.9995889 -0.4742102 4.76583e-4 -0.8804116 -0.566064 -0.1116538 -0.8167651 -0.6581947 4.76801e-4 -0.7528477 -0.6154581 0.1111554 -0.7802922 -0.5270363 -5.9407e-4 -0.8498426 -0.7028961 -5.93872e-4 -0.7112923 -0.9672288 5.93086e-4 -0.2539058 -0.9833417 -0.1106321 -0.1442213 -0.9994762 5.93208e-4 -0.03235912 -0.9901983 0.1121772 -0.08320838 -0.9809161 -4.77381e-4 -0.1944311 -0.9995889 -4.77101e-4 0.02867013 -0.8804115 4.76574e-4 0.4742105 -0.8167649 -0.1116538 0.5660642 -0.7528475 4.76792e-4 0.6581949 -0.7802922 0.1111553 0.6154581 -0.8498426 -5.94065e-4 0.5270363 -0.7112923 -5.93869e-4 0.7028961 0 1 0 0 1 -1.58185e-6 0 1 -1.24587e-5 0 1 1.22096e-5 0 1 -2.22321e-5 0 1 5.79868e-6 0 1 1.90557e-5 0 1 1.14178e-5 0 1 7.64073e-6 0 1 -7.40638e-6 -0.8925884 0.001020193 -0.4508716 -0.9287602 0.1018612 -0.3564111 -0.965064 8.13641e-4 -0.2620134 -0.9938326 -0.1020138 -0.04347449 -0.9894767 -5.79188e-4 -0.1446914 -0.9983507 -9.79172e-4 0.05740153 -0.9947715 6.82213e-4 0.1021236 -0.9742637 0.1013858 0.2013235 -0.953866 3.17922e-4 0.3002324 -0.903795 -0.1014815 0.4157597 -0.9460772 -3.17768e-4 0.3239413 -0.8615268 -6.82255e-4 0.5077118 -0.8379331 9.78191e-4 0.545772 -0.7745051 0.1020609 0.6242799 -0.7109524 5.78942e-4 0.7032399 -0.5624516 -0.1018694 0.8205308 -0.6459379 -5.7919e-4 0.7633898 -0.4790893 -9.76423e-4 0.8777657 -0.3710982 0.001251697 0.9285928 -0.2738041 0.1021897 0.9563413 -0.1766757 4.60931e-4 0.984269 -0.125607 -0.1015894 0.986865 -0.2254975 2.39227e-4 0.9742437 -0.02482008 -9.78248e-4 0.9996915 0.4580985 -0.1007019 0.8831788 0.36695 7.60096e-5 0.9302407 0.5466493 0.001248002 0.8373609 0.3869374 -4.37873e-4 0.9221059 0.4740586 0.1019839 0.8745672 0.5645515 5.23605e-4 0.8253978 0.9337582 -0.1015983 0.3431813 0.8983425 -4.67443e-4 0.4392956 0.96837 3.03882e-4 0.2495184 0.9211546 -4.20155e-4 0.3891968 0.950385 0.1017185 0.2939757 0.9806331 3.6214e-4 0.1958537 0.952749 -0.1007179 -0.2865754 0.9819079 -3.12574e-4 -0.1893587 0.9237099 2.83483e-4 -0.3830927 0.9708428 -2.68061e-4 -0.2397172 0.9373547 0.1023909 -0.3329902 0.9027366 3.14169e-4 -0.4301939 0.617852 -0.1017699 -0.7796806 0.6981805 -3.13731e-4 -0.7159218 0.539817 2.73468e-4 -0.8417823 0.6884807 -8.9527e-4 -0.7252542 0.6093609 0.1007208 -0.7864698 0.5284785 -9.2475e-5 -0.8489467 0.2450252 9.45018e-4 -0.9695163 0.1442618 0.1013858 -0.984332 0.04490166 -4.63621e-4 -0.9989913 0.06335794 -0.1012532 -0.9928413 0.1633805 4.03102e-4 -0.9865632 -0.03850305 -0.001027107 -0.9992581 -0.4898701 -0.1009436 -0.8659318 -0.4007597 -1.66534e-5 -0.9161833 -0.5769411 7.77357e-4 -0.8167854 -0.4457955 1.84085e-4 -0.8951348 -0.5301897 0.1021419 -0.8417042 -0.6168193 5.95803e-4 -0.7871046 -0.831164 -0.1016586 -0.5466554 -0.7754569 -6.06083e-4 -0.6314004 -0.8866606 -6.25031e-4 -0.4624205 0 -1 1.93767e-7 0 -1 6.90789e-7 0 -1 -7.21311e-7 0 -1 1.54096e-6 0 -1 -4.72258e-7 0 -1 2.72351e-6 0 -1 1.7071e-7 0.966381 0.002034366 0.2571063 0.9831715 -0.1097128 0.146072 0.9993616 0.002035558 0.03566747 0.9544757 0.1104262 -0.2770963 0.9853365 -0.002037107 -0.1706106 0.9226859 -0.002035558 -0.3855472 0.8477809 0.001728236 -0.5303439 0.7781783 -0.1099237 -0.618349 0.7085462 0.001729428 -0.7056623 0.5079766 0.1102547 -0.8542856 0.6035785 -0.001732051 -0.7973018 0.4111163 -0.00173074 -0.9115814 0.2571066 0.002034366 -0.966381 0.1460723 -0.1097128 -0.9831715 0.03566777 0.002035558 -0.9993616 -0.277097 0.1104262 -0.9544755 -0.1706112 -0.002037107 -0.9853363 -0.3855478 -0.002035558 -0.9226856 -0.5303435 0.001728296 -0.8477813 -0.6183485 -0.1099237 -0.7781786 -0.705662 0.001729428 -0.7085466 -0.8542858 0.1102547 -0.5079761 -0.7973021 -0.001732051 -0.603578 -0.9115816 -0.00173074 -0.4111158 -0.966381 0.002034366 -0.2571062 -0.9831715 -0.1097128 -0.146072 -0.9993616 0.002035558 -0.03566741 -0.9544756 0.1104262 0.2770966 -0.9853365 -0.002037107 0.1706109 -0.9226858 -0.002035558 0.3855475 -0.8477806 0.001728236 0.5303444 -0.7781779 -0.1099237 0.6183494 -0.7085458 0.001729428 0.7056627 -0.5079765 0.1102547 0.8542855 -0.6035784 -0.00173211 0.7973018 -0.4111162 -0.00173074 0.9115813 -0.2571071 0.002034366 0.9663808 -0.1460729 -0.1097128 0.9831714 -0.03566837 0.002035558 0.9993617 0.2770962 0.1104262 0.9544757 0.1706105 -0.002037107 0.9853365 0.3855472 -0.002035558 0.9226859 0.5303447 0.001728296 0.8477804 0.6183497 -0.1099237 0.7781777 0.705663 0.001729428 0.7085456 0.8542855 0.1102547 0.5079764 0.7973019 -0.001732051 0.6035783 0.9115813 -0.00173074 0.4111161 0 1 2.42742e-5 0 1 1.06974e-5 0 1 -5.68304e-6 0 1 -7.50133e-6 0 1 -2.21644e-5 0 1 -2.28115e-5 0 1 -3.78311e-5 0 1 8.07838e-6 0.01301354 0.001281499 0.9999145 0.1133834 0.1022496 0.988276 0.2139807 8.73971e-4 0.9768375 0.450589 -0.1018741 0.8868998 0.3601398 -7.39312e-4 0.9328981 0.5405163 -7.27117e-4 0.8413332 0.4687749 -1.34501e-4 0.8833177 0.5515722 0.1020111 0.8278659 0.6369516 2.66038e-4 0.7709038 0.8792965 -0.1011037 0.4654199 0.8316531 -2.65666e-4 0.5552955 0.9263908 1.41283e-4 0.3765638 0.8747379 2.39142e-4 0.4845963 0.9139212 0.1022902 0.3927911 0.9543657 4.53408e-4 0.2986405 0.9947478 -0.1016101 0.01233834 0.9935152 -6.34594e-4 0.1136975 0.9960694 -6.2444e-4 -0.0885744 0.9947984 0.001023054 -0.1018593 0.9743189 0.1020538 -0.200718 0.9539456 8.14566e-4 -0.2999784 0.8603779 -0.1017738 -0.4993918 0.9111775 -5.78849e-4 -0.4120139 0.8096164 -9.767e-4 -0.5869585 0.7827075 6.82873e-4 -0.6223894 0.7120974 0.1016253 -0.6946867 0.6414372 3.18009e-4 -0.7671756 0.5368655 -0.1014347 -0.8375479 0.6219511 -3.19072e-4 -0.7830561 0.4516353 -6.82602e-4 -0.8922023 0.411438 9.77274e-4 -0.9114373 0.3156906 0.1020604 -0.9433574 0.2195929 5.78753e-4 -0.9755915 0.03101688 -0.1021568 -0.9942847 0.1324256 -5.79259e-4 -0.9911929 -0.06976169 -9.77746e-4 -0.9975632 -0.1141737 6.81611e-4 -0.9934607 -0.2128776 0.1016249 -0.9717796 -0.3117721 3.18729e-4 -0.9501569 -0.4271427 -0.1018157 -0.8984335 -0.3355627 -3.17787e-4 -0.9420178 -0.5182785 -6.81931e-4 -0.8552117 -0.5557764 9.76405e-4 -0.8313313 -0.633638 0.1019172 -0.7668871 -0.7117111 5.78926e-4 -0.7024722 -0.844201 -0.1020042 -0.5262317 -0.7906865 -8.13366e-4 -0.6122207 -0.8977183 -0.001021146 -0.4405689 -0.9192874 0.001022517 -0.3935857 -0.9493061 0.1021482 -0.2972941 -0.9796881 8.13074e-4 -0.2005264 -0.9934949 -0.1021002 0.05043172 -0.998708 -8.13015e-4 -0.05081152 -0.9884999 -0.001022219 0.151218 -0.9713096 0.001400768 0.2378143 -0.937309 0.1022378 0.3331659 -0.9035774 9.81628e-4 0.4284239 -0.7869122 -0.1023363 0.60852 -0.8487867 -9.34667e-4 0.5287348 -0.7250124 -0.001563072 0.6887341 -0.5563846 0.001361072 0.8309238 -0.4667777 0.1020897 0.8784624 -0.3777799 5.46834e-4 0.9258953 -0.2662522 -0.1022821 0.9584615 -0.3636404 -5.46662e-4 0.9315394 -0.1687301 -0.001362204 0.9856615 0 -1 -4.45976e-5 0 -1 1.16298e-5 0 -1 -5.80502e-6 0 -1 -1.90701e-6 0 -1 1.15101e-5 0 -1 -6.10928e-6 0 -1 1.10805e-5 0 -1 -4.20745e-5 0 -1 2.07672e-5 0 -1 5.71449e-6 -0.0035066 0.110649 -0.9938535 0.107477 -7.57676e-4 -0.9942074 -0.116402 -7.55557e-4 -0.993202 0.02198368 7.55729e-4 -0.9997581 -0.09018266 -0.110363 -0.9897915 -0.2009877 7.57807e-4 -0.9795935 -0.6660979 -1.71111e-4 -0.7458643 -0.7403094 -0.1122052 -0.6628363 -0.8153402 -1.7129e-4 -0.5789824 -0.7298595 0.1120151 -0.6743574 -0.6533129 1.71744e-4 -0.7570881 -0.8053726 1.71562e-4 -0.592769 -0.9938535 0.110649 0.003505945 -0.9942073 -7.57673e-4 -0.1074771 -0.993202 -7.55553e-4 0.1164019 -0.9997581 7.55728e-4 -0.0219835 -0.9897915 -0.110363 0.0901823 -0.9795935 7.57793e-4 0.2009879 -0.7458643 -1.71111e-4 0.6660979 -0.6628367 -0.1122052 0.7403091 -0.5789823 -1.7129e-4 0.8153402 -0.6743568 0.1120151 0.72986 -0.757088 1.71739e-4 0.6533131 -0.5927689 1.71559e-4 0.8053727 0.0035066 0.110649 0.9938535 -0.107477 -7.57676e-4 0.9942074 0.116402 -7.55556e-4 0.993202 -0.02198356 7.55743e-4 0.9997581 0.09018278 -0.110363 0.9897915 0.2009878 7.57808e-4 0.9795935 0.6660981 -1.71111e-4 0.7458642 0.7403097 -0.1122052 0.6628361 0.8153403 -1.7129e-4 0.5789821 0.7298598 0.1120151 0.6743571 0.6533132 1.71739e-4 0.7570878 0.8053728 1.71559e-4 0.5927687 0.9938535 0.110649 -0.003506302 0.9942073 -7.57675e-4 0.1074768 0.9932019 -7.55555e-4 -0.1164022 0.9997581 7.55743e-4 0.02198356 0.9897916 -0.110363 -0.0901823 0.9795935 7.57808e-4 -0.2009878 0.7458642 -1.71111e-4 -0.6660981 0.6628365 -0.1122052 -0.7403092 0.5789821 -1.7129e-4 -0.8153403 0.6743566 0.1120151 -0.7298602 0.7570877 1.71742e-4 -0.6533133 0.5927686 1.71561e-4 -0.8053728 0 1 1.37374e-6 0 1 -5.41983e-7 0 1 1.36499e-6 0 1 1.44347e-6 0 1 -2.57466e-6 0 1 1.73329e-7 0.9853923 -0.1019475 0.1364134 0.9713503 -5.93866e-4 0.2376518 0.9993039 -1.7908e-4 0.03730642 0.9818961 -7.77955e-4 0.1894192 0.9907914 0.1011325 0.09002667 0.9999274 1.53983e-5 -0.01206207 0.9119237 0.001072883 -0.4103583 0.861044 0.1019192 -0.4982125 0.8106859 -5.70833e-4 -0.5854812 0.8205552 -0.1013467 -0.5625105 0.8772991 5.63444e-4 -0.4799438 0.7627654 -0.001074671 -0.6466746 0.2838333 -0.1006549 -0.953576 0.3820503 7.54121e-5 -0.9241415 0.188254 0.0012483 -0.9821196 0.3620159 -4.38405e-4 -0.9321719 0.2663627 0.1020788 -0.9584524 0.1670135 5.2311e-4 -0.9859545 -0.4634951 -0.1016012 -0.8802554 -0.3726631 -5.22847e-4 -0.9279666 -0.5517882 4.43664e-4 -0.8339842 -0.3575142 -0.0020684 -0.9339054 -0.4461247 0.1003031 -0.8893324 -0.5381453 -6.93362e-4 -0.8428518 -0.7666027 0.001422345 -0.6421202 -0.8236724 0.1017702 -0.557859 -0.880145 6.05216e-4 -0.4747048 -0.947369 -0.1024304 -0.3033154 -0.9166119 -9.822e-4 -0.3997772 -0.9783124 -0.001402318 -0.2071306 -0.9874367 6.24299e-4 -0.1580141 -0.9931677 0.1016581 -0.05730402 -0.999034 6.0572e-4 0.04394119 -0.9390969 -0.102482 0.3280157 -0.9729322 -4.53741e-4 0.2310904 -0.906519 -2.41845e-4 0.4221649 -0.9504502 -1.42022e-4 0.3108769 -0.9096227 0.1009124 0.4029929 -0.8684399 2.65418e-4 0.4957947 -0.6084114 -0.1016288 0.7870877 -0.6892716 -2.65783e-4 0.724503 -0.5293626 1.36653e-4 0.8483957 -0.5977618 7.33311e-4 0.8016736 -0.5115326 0.1022594 0.8531575 -0.4241955 7.10922e-4 0.9055704 -0.1823559 -0.1022032 0.9779064 -0.2818568 -8.30887e-4 0.9594562 -0.08299916 -0.00128293 0.9965488 0.1356123 0.001629531 0.9907608 0.2344927 0.1021167 0.9667397 0.3322246 6.08667e-4 0.9432002 0.3445348 -0.1011211 0.9333115 0.2503809 9.22053e-4 0.968147 0.4400926 -6.98486e-4 0.8979522 0.7339746 -0.1017392 0.6715136 0.6652113 -7.72186e-4 0.7466548 0.8018658 -3.66972e-4 0.5975041 0.7657452 5.63424e-4 0.6431439 0.8221403 0.1020303 0.5600672 0.8795107 7.72715e-4 0.4758788 0 -1 -1.09126e-5 0 -1 -1.12132e-5 0 -1 -4.3138e-5 0 -1 -1.97619e-6 -0.9347611 0.110208 -0.3377515 -0.896418 -0.001541793 -0.4432072 -0.9725546 -0.001541316 -0.2326697 -0.9882579 0.001036942 0.1527917 -0.9591667 -0.1104742 0.2603742 -0.9295162 0.001037478 0.36878 -0.9135213 0.1112818 0.3912739 -0.9574207 -0.001039981 0.2886949 -0.8692228 -0.001039266 0.4944196 -0.61777 0.001542091 0.7863574 -0.5227581 -0.1103502 0.8453087 -0.4273867 0.001542627 0.9040676 -0.3377533 0.110208 0.9347603 -0.443209 -0.001541793 0.8964171 -0.2326716 -0.001541316 0.9725542 0.1527913 0.001036942 0.988258 0.2603737 -0.1104742 0.9591668 0.3687796 0.001037478 0.9295163 0.3912738 0.1112818 0.9135213 0.2886947 -0.001039981 0.9574207 0.4944195 -0.001039266 0.8692228 0.7863557 0.001542091 0.6177722 0.8453073 -0.1103502 0.5227605 0.9040665 0.001542627 0.4273892 0.9347609 0.110208 0.3377519 0.8964177 -0.001541793 0.4432076 0.9725546 -0.001541316 0.2326701 0.988258 0.001037001 -0.1527915 0.9591668 -0.1104742 -0.260374 0.9295163 0.001037478 -0.3687798 0.9135209 0.1112818 -0.3912748 0.9574204 -0.001039981 -0.2886958 0.8692224 -0.001039266 -0.4944204 0.6177718 0.001542091 -0.786356 0.52276 -0.1103501 -0.8453075 0.4273887 0.001542627 -0.9040667 0.3377522 0.110208 -0.9347608 0.4432079 -0.001541793 -0.8964176 0.2326704 -0.001541316 -0.9725545 -0.1527919 0.001037001 -0.9882579 -0.2603743 -0.1104742 -0.9591667 -0.3687801 0.001037478 -0.9295161 -0.3912742 0.1112818 -0.9135212 -0.2886952 -0.001039981 -0.9574205 -0.4944199 -0.001039266 -0.8692227 -0.7863561 0.001542091 -0.6177718 -0.8453075 -0.1103502 -0.52276 -0.9040668 0.001542627 -0.4273886 0 1 3.78904e-6 0 1 -3.4657e-7 0 1 3.78681e-7 0 1 -1.60675e-6 0 1 1.06982e-6 0 1 7.06821e-7 0 1 2.30669e-7 0 1 7.19118e-7 0 1 3.65637e-7 -4.27763e-5 1.70791e-4 -1 0 -5.35424e-5 -1 3.18621e-6 -2.01004e-6 -1 1.85208e-5 3.41322e-5 -1 -1.10089e-4 5.98257e-5 -1 8.33897e-5 -9.7063e-5 -1 -2.12271e-5 9.51023e-5 -1 8.05093e-6 4.3813e-5 -1 -3.95724e-6 -2.92914e-6 -1 -4.30799e-7 -2.32833e-7 -1 5.38433e-7 7.27514e-7 -1 0 1.9112e-6 -1 0 7.59207e-7 -1 0 6.89898e-7 -1 -9.36666e-7 6.22726e-7 -1 -4.93634e-7 -1.91441e-6 -1 2.73015e-5 -5.33353e-5 -1 -0.004899024 0.003212749 -0.9999829 0 0 -1 2.92417e-7 0 -1 1.32684e-4 -6.46951e-5 -1 2.93681e-5 4.00852e-5 -1 -5.08224e-4 2.77953e-4 -0.9999998 9.938e-4 -0.001162469 -0.9999989 -6.07138e-7 0 -1 5.62111e-7 -1.50397e-6 -1 0.002013325 -0.001258492 -0.9999972 0 -5.22138e-6 -1 0 -8.79555e-5 -1 -1.51845e-6 -4.29097e-6 -1 3.11561e-6 -3.83824e-6 -1 1.50323e-6 3.88937e-7 -1 -6.51988e-6 2.16206e-6 -1 -8.12638e-6 -6.03964e-6 -1 -3.50494e-5 4.03974e-5 -1 6.64699e-5 -1.43184e-5 -1 2.62109e-6 -7.98216e-6 -1 6.39255e-7 -8.91728e-6 -1 -1.05731e-6 0 -1 -1.59429e-5 2.51744e-4 -1 -1.08974e-6 0 -1 6.06372e-7 0 -1 6.04035e-7 3.77396e-7 -1 0 3.44074e-7 -1 -7.86258e-6 4.08893e-5 -1 -9.63721e-6 -9.24459e-6 -1 -6.7708e-5 -5.02395e-5 -1 2.31865e-5 0 -1 -6.36518e-5 9.21274e-5 -1 1.87197e-6 1.49613e-6 -1 -6.78531e-5 5.97477e-5 -1 8.09794e-5 -9.45077e-5 -1 -1.21255e-5 5.44366e-5 -1 4.41719e-7 0 -1 1.2612e-7 0 -1 -0.00384587 -5.40684e-4 -0.9999926 -0.1371589 0.05142545 -0.9892134 -0.03167182 0.01663035 -0.99936 0.01338565 -0.02967339 -0.9994701 -6.50825e-7 0 -1 -0.004000306 -0.008697926 -0.9999542 -0.02695685 0.001069307 -0.9996361 0 0 -1 -0.02763658 -0.00396645 -0.9996102 -0.02322292 -0.01283776 -0.9996479 -0.007938027 0.007934272 -0.9999371 0.07607138 -0.08607929 -0.9933799 -0.02213877 -0.02675104 -0.9993969 0.004243671 -0.009837925 -0.9999427 -0.001323997 -0.01079869 -0.9999408 -0.003270506 -0.01235842 -0.9999183 -0.00473684 5.49045e-4 -0.9999887 0.02061331 -0.02061444 -0.9995751 0.3811776 -0.9244993 0.002230882 0.3812329 -0.9244679 0.004566431 0.4743806 -0.8803173 -0.00212413 0.13907 -0.9902372 0.009490251 0.1390733 -0.9902449 0.008578062 0.07194292 -0.9973899 0.006140947 -0.1251947 -0.9919181 -0.02061384 -0.1987353 -0.9799488 -0.01431041 -0.008543372 -0.9998404 -0.01569181 -0.201922 -0.9793878 -0.005211353 -0.2464203 -0.9691592 0.002746701 -0.361398 -0.93234 0.01156222 -0.6679441 -0.7442017 -0.003814697 -0.7016547 -0.7125112 -0.002948343 -0.5732163 -0.8193311 -0.01094073 -0.5569919 -0.8304814 -0.007804691 -0.6873907 -0.7262862 -0.001575708 -0.5361687 -0.8440924 -0.005597054 -0.9076453 -0.4196411 -0.009031116 -0.9339271 -0.3573793 -0.007772147 -0.8486589 -0.5289384 -0.001608431 -0.8945647 -0.446923 -0.003741562 -0.8321155 -0.5546018 8.95007e-4 -0.8341073 -0.5516014 -9.73747e-4 -0.9974102 -0.07191622 9.87384e-4 -0.9846844 -0.1742995 0.004063904 -0.984685 -0.1742981 0.003954172 0.5265735 -0.6284416 -0.5725222 0.6549018 -0.6013341 -0.4577128 0.5879616 -0.4976153 -0.6377149 0.6653394 -0.6442002 -0.3772661 0.6987306 -0.528554 -0.4820854 0.527174 -0.665733 -0.5280978 0.2194305 -0.2366378 -0.9464951 0.1492969 -0.2440342 -0.9582055 0.2402676 -0.04005211 -0.9698802 -0.7822783 0.2609008 -0.5656604 -0.7888014 0.1403197 -0.598417 -0.7097344 0.2546336 -0.65684 -0.4579876 0.2058651 -0.8647931 -0.4622867 0.1490622 -0.8741119 -0.2533443 0.1652323 -0.9531606 0.4307981 -0.8594459 -0.2752563 0.5285877 -0.7842721 -0.3248266 0.3912351 -0.772759 -0.4997788 -0.9093586 0.1110082 -0.4009292 -0.8310903 -0.0545265 -0.553458 -0.8238903 -0.01011842 -0.566659 0.3657546 -0.6365174 -0.6790208 0.4001103 -0.6415272 -0.654488 0.5226743 -0.4659248 -0.7139508 -0.6346504 0.1542714 -0.7572445 -0.5694955 -0.007794797 -0.8219576 -0.6145581 -0.06670308 -0.7860466 -0.4008048 0.06153583 -0.9140946 -0.3841818 0.06943094 -0.9206432 -0.3509279 -0.1512737 -0.9241029 0.1638405 -0.3839702 -0.9086931 0.2853174 -0.3959324 -0.8728296 0.102052 -0.5219364 -0.8468576 0.499395 -0.7409167 -0.4490512 0.3791719 -0.8666633 -0.3242275 0.3610828 -0.8717285 -0.3312232 0.1965562 -0.2639886 -0.9442858 0.004157185 -0.3789139 -0.9254227 0.01158285 -0.3864203 -0.9222502 0.1865018 -0.562279 -0.8056422 0.1109876 -0.598895 -0.7930995 0.2051011 -0.737504 -0.6434449 0.1515216 -0.6733269 -0.723652 0.1787015 -0.8218141 -0.5410059 0.2794737 -0.7735765 -0.5687476 0.3158831 -0.911146 -0.2646335 0.333466 -0.9073726 -0.2558815 0.1594282 -0.9779509 -0.1348873 0.2210094 -0.861781 -0.4566053 0.01881927 -0.9327247 -0.360098 0.04706197 -0.9382099 -0.3428518 -0.02732175 -0.2206032 -0.9749809 -0.04956352 -0.4331878 -0.8999399 0.008143723 -0.4296988 -0.9029356 0.01978909 -0.6986411 -0.7151986 0.01613807 -0.6962023 -0.7176642 -0.1843369 -0.7478114 -0.6378073 -0.05730873 -0.3067031 -0.9500784 0.02993959 -0.3564245 -0.9338443 -0.1762529 -0.4294866 -0.8857067 -0.02873367 -0.5927283 -0.8048898 -0.2262518 -0.6512177 -0.7243795 -0.2288045 -0.6489685 -0.7255952 -0.0867334 -0.9415508 -0.3255141 -0.09705591 -0.93821 -0.3321779 -0.2844129 -0.9345216 -0.2139599 -0.1505466 -0.8720552 -0.4656775 -0.3696536 -0.8499803 -0.375353 -0.3398869 -0.8721142 -0.3519854 -0.03348022 -0.1806032 -0.982986 -0.1914117 -0.2979735 -0.9351863 -0.2400956 -0.2535723 -0.937046 -0.2238296 -0.5900154 -0.7757464 -0.1835082 -0.6356245 -0.7498708 -0.395705 -0.6127709 -0.6840536 -0.1842356 -0.4454874 -0.8761268 -0.3990864 -0.3633403 -0.8418515 -0.3956924 -0.4189875 -0.8172374 -0.3666321 -0.6453819 -0.6701217 -0.4680763 -0.6031292 -0.6458637 -0.4718178 -0.7448539 -0.4717847 -0.5371808 -0.7886219 -0.2991864 -0.529172 -0.7989374 -0.2857901 -0.7040337 -0.6671598 -0.2433812 -0.3056975 -0.3356394 -0.891008 -0.3104758 -0.3456361 -0.8855171 -0.4571884 -0.1783344 -0.871307 -0.6147056 -0.5848139 -0.5292728 -0.6354847 -0.5371181 -0.5546742 -0.7849487 -0.4666002 -0.4076029 -0.486074 -0.1792695 -0.855333 -0.5485289 -0.3562287 -0.7564504 -0.4476469 -0.3936088 -0.8029226 -0.6735879 -0.3509225 -0.6504866 -0.7632047 -0.2923614 -0.5762321 -0.7566646 -0.4749084 -0.4493559 -0.3451647 -0.2733234 -0.8978617 -0.5164111 -0.138489 -0.8450683 -0.5174506 -0.1427939 -0.843715 -0.7791011 -0.3591074 -0.5138515 -0.7815925 -0.3443375 -0.5201395 -0.8994285 -0.2182055 -0.3787016 -0.7503716 -0.2314333 -0.619178 -0.8643901 -0.05852913 -0.499404 -0.8703905 -0.1045251 -0.4811391 0.707007 -0.7072066 0 0.7070071 -0.7072066 0 0.7071312 -0.7070824 -1.752e-4 0.7070901 -0.7071235 1.11019e-4 0.7070072 -0.7072064 0 0.7070339 -0.7071797 1.42992e-5 -0.7070867 -0.7071269 0 -0.7071069 0.7071067 2.30534e-6 -0.7071068 0.7071068 0 -0.707107 0.7071066 0 -0.707107 0.7071067 0 -0.7071048 0.7071089 0 -0.7069514 0.7069512 0.02096951 -0.7650032 0.6428605 -0.03873908 -0.7071232 0.7070905 2.61085e-5 -0.7070932 0.7071205 2.65817e-5 -0.707107 0.7071066 -1.43491e-6 -0.7763106 0.6302369 -0.0119735 -0.7070984 0.7071151 0 -0.5334656 0.7587726 0.3737364 -0.5337403 0.7582004 0.3745043 -0.5337197 0.7582144 0.3745054 -0.7157585 0.6983238 0.00581485 -0.7692027 0.6385994 -0.02276599 -0.7071059 0.7071076 -2.74281e-6 -0.707087 -0.7071266 0 -3.14145e-6 0 1 5.46051e-5 3.02783e-5 1 -0.00235635 -2.88454e-4 0.9999973 3.01209e-5 9.93986e-4 0.9999996 0.01174455 0.01174592 0.9998621 -7.7232e-7 0 1 -4.97986e-5 -1.08891e-5 1 -2.14655e-6 -2.43837e-6 1 3.32287e-7 -1.81948e-6 1 -8.37614e-4 1.18557e-4 0.9999997 0 2.25611e-5 1 -1.88986e-5 1.20757e-4 1 -1.5718e-6 2.60189e-6 1 2.09599e-5 -4.59546e-5 1 -2.00304e-5 1.96665e-5 1 -1.67186e-5 -9.40433e-6 1 -1.36949e-5 -3.6704e-5 1 -0.002461552 -3.6957e-4 0.999997 1.7947e-5 1.79648e-5 1 8.41622e-6 0.001291334 0.9999992 -0.006807267 -0.004572808 0.9999664 -6.1434e-5 -1.70713e-5 1 0.007002055 0.005175173 0.9999622 0.003700315 -0.003700196 0.9999864 -0.004019618 -0.003873646 0.9999845 0.001353025 -0.005427479 0.9999844 -8.34117e-4 -5.0252e-4 0.9999995 0.004404544 -8.80881e-4 0.99999 4.54749e-7 0 1 -0.001496911 3.12705e-4 0.9999989 -0.001528203 3.34932e-4 0.9999988 -5.69842e-4 -4.82882e-4 0.9999998 -3.20137e-4 -6.475e-4 0.9999998 0.7071067 0.707107 0 -0.002755403 0.003156304 0.9999912 -0.002806425 0.002807199 0.9999922 -0.009872555 0.003590643 0.9999448 0.001826822 0.005095183 0.9999853 0.002007007 9.67314e-4 0.9999976 -0.01040607 -0.01040548 0.9998918 0.04000616 0.02752298 0.9988204 -0.001176953 -0.004615843 0.9999887 0.002031326 0.001815199 0.9999963 0.00574392 0.004309892 0.9999742 0.02734082 0.01946908 0.9994366 -0.001529395 -2.05953e-4 0.9999989 0.002898752 0.003399074 0.9999901 -0.009905338 -0.008139908 0.9999178 0.01029908 0.01030033 0.999894 0.004767179 0.001735389 0.9999872 0.003949761 -0.003950059 0.9999844 -0.03095859 -0.02490568 0.9992104 -0.002354383 -0.002946257 0.999993 0.5673431 0.8234674 -0.004846692 0.7610728 0.6486228 -0.007534742 0.5673016 0.823471 -0.008033633 0.4914833 0.8707264 0.01672852 0.4914577 0.8707014 0.01866871 0.2493942 0.9682575 0.01673305 -0.106562 0.994208 -0.01397073 0.1543115 0.9879631 -0.01081466 -0.1066086 0.99425 -0.01007932 -0.6078051 0.7940378 0.008787214 -0.6078798 0.7938802 0.01537805 -0.7925787 0.6097064 0.008793771 -0.8743136 0.4851744 -0.01348304 -0.7191409 0.6948306 -0.006854772 -0.8744463 0.4850699 -0.007134675 -0.9998898 -0.0105158 0.01048773 -0.9998218 -0.01060676 0.01561492 -0.9631216 -0.2688619 0.01049393 -0.8300382 -0.5572695 -0.02207678 -0.9460399 -0.3235318 -0.01831954 -0.830078 -0.5573527 -0.01812654 -0.5325107 -0.8461844 0.02010631 -0.5324727 -0.8461503 0.02241921 -0.2953599 -0.9551744 0.02011013 0.2777776 -0.960332 -0.02453696 0.01979333 -0.9995247 -0.0236355 0.2777867 -0.9603638 -0.0231508 0.4670227 -0.8840625 0.01797896 0.4670595 -0.884084 0.01584136 0.6799117 -0.7330736 0.01797789 0.9994458 -0.03078979 -0.01265573 0.9574089 -0.2883543 -0.01482856 0.999407 -0.03075945 -0.01547378 0.9992471 -0.03716307 0.01113671 0.9992873 -0.0370928 0.007000386 0.974826 0.2226887 0.01113867 0.7001875 0.7137532 0.01713955 0.7001906 0.7137582 0.01680791 0.4916113 0.8706461 0.01713669 -0.06322664 0.9978482 -0.01736456 0.1971727 0.9802232 -0.01689672 -0.06322723 0.9978626 -0.01650911 -0.4219444 0.9064177 0.01923239 -0.4219524 0.9063235 0.02310693 -0.6421596 0.7663295 0.01923996 -0.8229354 0.5680338 -0.0107311 -0.6480391 0.7615936 -0.004525125 -0.8230376 0.5679599 -0.005556464 -0.9943307 -0.106151 0.006211519 -0.9879807 0.1545717 -0.001316666 -0.994329 -0.1063467 -5.04492e-4 -0.9998228 -0.009985387 0.01595968 -0.9998594 -0.0100153 0.01344782 -0.9631762 -0.2683967 0.01596015 -0.5256981 -0.8505597 -0.01378756 -0.7278861 -0.6855301 -0.01517885 -0.525675 -0.8505458 -0.01541721 -0.2490467 -0.9681643 0.0251711 -0.2489374 -0.9680508 0.03013068 0.01004594 -0.9996328 0.02516919 0.3656444 -0.9305207 -0.02086746 0.1125476 -0.9935392 -0.01459085 0.3658354 -0.9305772 -0.01380991 0.9210905 -0.3891771 0.01155835 0.9210763 -0.388816 0.02099019 0.9904263 -0.1375584 0.01155781 0.9967834 -0.07982605 -0.00712794 0.9423385 -0.3346342 0.004270434 0.9968392 -0.07939493 0.002854049 0.6955381 0.7184892 1.53316e-4 0.8577044 0.5141149 -0.00539112 0.6954579 0.7185526 -0.004520833 0.5319044 0.846674 0.01486241 0.531807 0.8466449 0.01933223 0.2946706 0.9554833 0.01486575 -0.01734161 0.9996816 -0.01833301 0.241908 0.9702 -0.01387768 -0.01741039 0.9997519 -0.01389896 -0.4268893 0.9042081 0.01316952 -0.4268956 0.9041579 0.01608389 -0.6463444 0.7629322 0.01317405 -0.8973337 0.4409361 -0.019176 -0.7526723 0.6581604 -0.01759105 -0.8973674 0.4409447 -0.01730984 -0.9791105 0.202392 0.01949495 -0.9791074 0.2023916 0.01965266 -0.9981343 -0.05786305 0.01949465 -0.7613821 -0.6480316 -0.01876968 -0.9031705 -0.4289097 -0.01787781 -0.7613753 -0.6480254 -0.01925325 -0.573912 -0.818705 0.01863336 -0.5738868 -0.8186817 0.02035957 -0.3424694 -0.9393441 0.01863777 0.01525557 -0.9998128 -0.01190203 -0.2439096 -0.9697601 -0.008579611 0.01529926 -0.9998497 -0.008167922 0.4671033 -0.8841654 0.008141875 0.4672055 -0.8840278 0.01462715 0.6799913 -0.7331749 0.008141756 0.7833368 -0.6214273 -0.01455157 0.5960127 -0.802928 -0.008698403 0.7834941 -0.621357 -0.007235646 0.9992237 -0.03716987 0.01305919 0.999121 -0.0370087 0.01969027 0.9748038 0.2226821 0.01305794 0.8808846 0.4728243 -0.02190089 0.9733268 0.2289003 -0.01548391 0.8809204 0.4729908 -0.01609599 0.8131003 -0.5821099 0.003996372 0.7469332 -0.6648424 0.008694887 0.7239322 -0.6898075 0.009375393 0.794078 -0.6077146 0.01109743 0.794648 -0.6069201 0.01351141 0.9127994 -0.4082524 0.0112915 0.8689602 -0.4747243 0.1398038 0.8550014 -0.5186166 0.003088474 0.8609589 -0.5086702 0.002103388 0.9335215 -0.35831 0.01231503 0.8569196 -0.5154458 -0.002151966 0.8338358 -0.5519911 -0.004889667 0.9171836 -0.3984081 -0.006728112 0.8087085 -0.5880573 -0.01338738 0.8006141 -0.5991306 -0.007719278 0.8288532 -0.5594244 -0.006851494 0.7188245 -0.6950359 -0.0147199 0.7425662 -0.6696138 -0.01458793 0.6800725 -0.7330308 -0.01293528 0.6798212 -0.7330934 -0.02042686 0.4927317 -0.8700836 -0.01303732 0.4624379 -0.8865049 0.0161373 0.5953567 -0.8034416 -0.00567913 0.5504488 -0.8348628 0.003246307 0.4806662 -0.8768693 -0.007778882 0.5318626 -0.8468301 -0.001040935 0.5676724 -0.8232511 0.002400517 0.5018751 -0.8648349 0.01349776 0.6802338 -0.7328609 0.01403927 0.6877493 -0.7258058 0.01438659 -0.6999619 0.7140944 0.01106977 -0.6745905 0.7380992 0.01171404 -0.5652471 0.8247947 0.0144748 -0.7335125 0.679633 0.007633984 -0.7339729 0.6788096 0.02238982 -0.8704453 0.4922047 0.007718205 -0.8727856 0.487725 -0.01922941 -0.7867193 0.6172739 0.0067662 -0.8198221 0.5726147 0.002017796 -0.8786219 0.4774178 0.009796917 -0.8492449 0.5279953 -0.002061367 -0.825818 0.5639014 -0.006331205 -0.8589285 0.5114555 -0.0255987 -0.7249009 0.6881955 -0.03009611 -0.7178061 0.695747 -0.02627909 -0.517803 0.8452066 -0.1323105 -0.5380699 0.8428564 0.008603632 -0.527942 0.8492361 0.008681118 -0.4020409 0.9155218 -0.01353722 -0.5540471 0.8324818 0.002411961 -0.5902003 0.8072553 0.001637756 -0.4142935 0.91014 -0.00250864 -0.6018396 0.7985792 0.007765173 -0.6129649 0.7901089 -0.001482784 -0.8586366 0.5124984 0.009414076 -0.8519829 0.5235684 -0.001163303 -0.8587382 0.5122861 -0.01147764 -0.9936944 0.1120101 0.005028188 -0.9936458 0.1116285 0.01439499 -0.9927483 -0.1201086 0.004970908 -0.9673251 -0.252142 -0.02658587 -0.9995589 -0.0224964 -0.01939189 -0.9674339 -0.2523832 -0.01934963 -0.8991593 -0.4372341 0.01841354 -0.8991735 -0.4372496 0.01731514 -0.7741054 -0.6327885 0.01842111 -0.4708223 -0.8821225 -0.01364606 -0.6615364 -0.7497503 -0.01562494 -0.4707909 -0.8821066 -0.01562207 -0.4840987 -0.8749494 0.01058495 -0.4840347 -0.875028 0.006042897 -0.2693233 -0.9629917 0.01058876 0.1126832 -0.99361 -0.006460487 -0.119377 -0.9927837 -0.01139235 0.1127898 -0.9935529 -0.01145398 0.0227009 -0.9997121 0.00777477 0.02301138 -0.9997351 -5.90925e-4 0.2526282 -0.967532 0.007806181 0.519804 -0.8542173 0.01080352 0.519459 -0.8544336 -0.01028102 0.5306023 -0.847621 4.76034e-6 0.9271185 -0.374764 -0.001849234 0.8659904 -0.5000599 -9.91856e-4 0.9270989 -0.3748065 0.002808511 0.9901339 -0.1400945 0.002933502 0.9901157 -0.1397499 0.01187777 0.9957587 0.09195786 0.002914488 0.990259 0.1385465 -0.01386082 0.9956339 -0.09319359 -0.005304157 0.9902972 0.1388656 -0.005284607 0.8837302 0.4679694 0.005069732 0.8835672 0.4681397 0.0124287 0.7520293 0.6591103 0.005072414 0.7174792 0.6965001 -0.01054608 0.8586528 0.5125485 -0.003084719 0.7173508 0.6967054 -0.003083348 0.5124648 0.8587028 0.00308746 0.5122351 0.8587803 0.01057338 0.3006366 0.9537338 0.003089129 0.2517589 0.9677108 -0.01238465 0.4679595 0.8837355 -0.005055308 0.2515565 0.9678295 -0.005053102 -0.04766112 0.9988535 0.004486978 -0.04775911 0.998815 0.009366631 -0.2766671 0.9609553 0.004488646 -0.4064492 0.9135178 -0.01686477 -0.1849128 0.9826601 -0.01365196 -0.4065057 0.9135473 -0.01358908 -0.04369997 0.9983285 0.03782582 -0.0526548 0.9933949 -0.1019525 -0.1175965 0.9926879 -0.02723717 -2.79912e-4 -4.03927e-4 -0.9999999 1.0109e-5 -2.39202e-4 -1 5.91405e-5 6.3547e-4 -0.9999998 -3.90573e-5 7.69405e-5 -1 0 0 -1 -3.09921e-4 1.78999e-4 -1 8.33214e-4 -3.9882e-5 -0.9999997 0.447896 0.2281268 -0.8644925 0.5809953 0.3925871 -0.7129656 0.431823 0.2449396 -0.8680632 0.1354828 0.2050967 -0.9693192 0.1396534 0.2004726 -0.9696947 0.04379618 0.1153566 -0.9923582 0.5148177 0.5222253 -0.679885 0.4957665 0.537639 -0.6820263 0.5992938 0.6483298 -0.4695909 0.652531 0.7010757 0.2875692 0.673747 0.683137 0.2817605 0.643635 0.6497904 0.4043594 0.688492 0.6497728 0.3221399 0.6729754 0.5962151 0.4377576 0.6526395 0.6144844 0.44325 0.1297596 0.112587 0.9851329 0.1435518 0.09064716 0.9854826 0.03581774 0.02296042 0.9990946 0.008038103 0.04398906 0.9989997 0.1142141 0.112867 0.9870239 0.02446138 0.01864522 0.999527 -0.6082538 -0.4520421 0.6524457 -0.5785061 -0.4795385 0.6598285 -0.6780673 -0.5861752 0.4434224 -0.5895256 -0.6544287 0.4734793 -0.5989168 -0.6465236 0.4725524 -0.6281633 -0.6928538 0.3540686 -0.5661218 -0.5499976 -0.6140105 -0.4690813 -0.3905927 -0.792086 -0.438115 -0.4152575 -0.7972557 -0.5255649 -0.6216431 -0.580811 -0.557652 -0.5976541 -0.5760503 -0.4377175 -0.4676125 -0.7679466 -0.4605544 -0.6005094 -0.6536653 -0.4855282 -0.5737841 -0.6595714 -0.5916347 -0.673577 -0.4430152 -0.5459067 -0.6004611 -0.5843221 -0.5319177 -0.6158834 -0.5811638 -0.5949417 -0.6494323 -0.4735844 -0.7467037 -0.642392 0.1725285 -0.7554228 -0.6317945 0.1737015 -0.725381 -0.619881 0.2992824 -0.3525021 -0.6478655 0.6752871 -0.3786447 -0.6303011 0.6777528 -0.2347841 -0.4867382 0.8414051 -0.3047532 -0.2592881 0.916458 -0.2398518 -0.1568101 0.9580615 -0.2201312 -0.1705165 0.9604511 0.2985933 0.4048342 0.8642635 0.4790252 0.5101646 0.7143297 0.3276056 0.3663937 0.870879 0.4592958 0.3919663 0.7971261 0.4704259 0.377343 0.7976915 0.6061891 0.5045723 0.6147695 0.6574577 0.7360246 -0.1612986 0.6395536 0.7509046 -0.164662 0.6359968 0.7157339 -0.2885014 0.6857337 0.6691538 -0.2863609 0.6943623 0.6607447 -0.2850922 0.6625195 0.6280125 -0.4082503 0.03943932 0.08849042 -0.995296 -0.05960673 0.003007411 -0.9982175 0.03463548 0.09410017 -0.9949601 0.02544671 0.01714897 -0.9995291 0.01686888 0.02816492 -0.999461 0.1190263 0.1079174 -0.9870089 -0.6196504 0.7845407 0.02301192 -0.5906609 0.8062388 0.03314518 -0.6615538 0.7498705 -0.006400108 -0.6913657 0.7220945 -0.02435016 -0.7088 0.7049353 -0.02586328 -0.7168684 0.6967595 -0.02501881 -0.802519 0.5962707 -0.02060967 -0.8151485 0.5790503 -0.01528865 -0.7312421 0.6816164 0.02615487 -0.7279768 0.6844004 0.04056829 -0.7872163 0.6118466 -0.0770356 -0.79227 0.6076598 -0.0552985 0.6738302 -0.7388046 0.01098841 0.5846891 -0.8097715 -0.04908049 0.6150027 -0.7876756 -0.03659296 0.7105417 -0.703648 0.003161609 0.7041794 -0.7097246 0.02055132 0.7272379 -0.685814 0.02800458 0.7349044 -0.6781163 -0.008602499 0.7717175 -0.6353934 -0.02697247 0.7957912 -0.6046732 -0.03296625 0.9997929 0.0200873 0.00329715 1 0 4.07861e-6 1 5.36041e-5 1.46184e-4 1 1.2364e-5 -2.36937e-6 1 2.19222e-5 -6.06727e-5 0.9999999 1.29977e-4 5.53702e-4 0.9997862 0.02054584 0.002362966 1 3.33858e-6 8.00702e-6 1 3.87248e-6 4.4467e-6 0.9932698 0.1145219 -0.01731872 1 1.80945e-5 -7.02588e-5 1 1.61566e-7 2.93804e-6 1 2.91308e-6 -3.62597e-6 1 1.55691e-5 1.44183e-5 1 4.62169e-5 -1.32361e-6 1 1.24618e-5 2.66363e-5 1 -8.3963e-6 -2.52417e-5 1 0 -2.69314e-6 1 -4.21991e-5 2.45188e-6 1 -2.21892e-4 2.37828e-5 1 -3.88221e-7 -8.69156e-7 1 1.18896e-6 0 0.9999888 -0.004754006 -3.03939e-5 1 1.10009e-5 -3.5133e-5 1 -1.90772e-6 4.48077e-6 1 -1.88724e-6 1.33411e-5 1 2.99042e-5 -4.2415e-6 0.5068069 -0.8619305 -0.01492625 0.5209587 -0.8535804 -0.001611232 0.5197173 -0.854335 -0.002414524 0.5197075 -0.854341 -0.002398967 0.5197247 -0.8543305 -0.002425253 -0.9999961 0.00281006 0 -0.9998403 -0.01461583 -0.01028609 -0.9999691 0.007822632 7.61465e-4 -0.9999932 0 0.003717958 -0.9997465 -0.01747596 -0.01419973 -0.9932662 0.1145531 0.01732236 -0.9995775 0.02888482 -0.003232777 -1 4.44882e-5 3.11773e-5 -1 -7.80104e-6 -6.01726e-5 -0.999318 -0.03607153 -0.007896661 -1 1.06132e-5 3.0343e-5 -1 9.16582e-7 2.63028e-6 -1 -1.2475e-5 -5.39919e-6 -1 3.51785e-5 3.06239e-5 -1 0 -2.6932e-6 -1 1.27036e-5 4.36497e-5 -1 1.23579e-5 4.32137e-5 -1 -6.27475e-6 -4.87598e-5 -0.9995743 -0.02917879 7.34088e-5 -0.9999962 -2.06243e-4 -0.00276792 -0.9997572 0.02195954 -0.001843869 -0.9998299 -0.01727151 0.006479918 -1 -6.30624e-5 3.23407e-4 -1 -7.88504e-7 -6.45479e-7 -0.9999869 -0.005133748 -1.26534e-4 -0.001395344 0.9999991 -1.4413e-4 4.01007e-4 1 0 -0.001373589 0.9999991 3.79432e-4 -7.36281e-4 0.9999998 -1.80455e-4 -4.51749e-4 1 3.85176e-5 8.9002e-4 0.999997 0.002306342 0 1 -1.00343e-5 -6.07501e-4 0.9999985 0.001673102 -0.003582954 0.9999937 -6.18418e-5 0.001023948 0.9999995 1.3343e-4 -0.001148581 0.9999993 -3.32964e-4 -2.4469e-4 1 -5.42856e-5 -9.82375e-4 0.9999995 2.17197e-4 1.40586e-4 1 3.76225e-4 0 1 -7.82117e-5 2.94497e-4 0.9999995 -0.001035511 9.652e-4 0.9999995 3.38042e-4 2.24024e-4 1 -2.34674e-4 -4.91039e-4 0.9999999 2.6409e-4 -1.43219e-4 1 -3.78518e-4 0.002955555 0.9999957 2.00771e-4 0.003574132 0.9999935 -6.45699e-4 1.44662e-4 1 3.93865e-4 0.002314209 0.9999973 4.20299e-4 -0.0328353 0.9994429 -0.005978763 0.001348555 0.9999991 4.59464e-5 -4.33177e-4 1 3.83394e-5 0.2725126 0.0231902 -0.9618727 0.2739087 -0.005032718 -0.9617425 0.2688716 6.27336e-4 -0.9631758 0.2814547 0.1787804 -0.9427731 0.1316282 0.00477612 -0.9912877 0.1296842 0.005012869 -0.9915428 0.2334269 0.006582796 -0.9723522 0.2614749 0.008340656 -0.9651743 0.1979279 0.004417479 -0.9802066 0.2334306 0.01662796 -0.9722313 0.1854725 0.03425109 -0.9820524 0.2882979 -0.02872925 -0.9571098 0.3361539 -0.006539165 -0.9417844 0.1805422 0.01845294 -0.9833942 0.110275 -0.002056777 -0.9938991 0.02211439 -0.01446175 -0.9996508 -0.01095813 0.01389241 -0.9998435 -0.2089657 -0.01608878 -0.9777907 -0.03385615 0.03943139 -0.9986486 -0.06910419 0.02255451 -0.9973546 -0.1606851 -0.02659475 -0.9866474 -0.123906 -0.004331648 -0.9922845 -0.1238868 -0.004682064 -0.9922853 -0.08846998 -0.002113938 -0.9960767 0.06621944 -0.01763069 -0.9976494 0.1189942 -0.01899063 -0.9927133 0.06630593 -0.01517742 -0.997684 -0.1067617 0.01468247 -0.9941763 -0.03447854 0.01416957 -0.9993051 -0.006619513 0.01364189 -0.9998851 -0.1879602 -0.03431439 -0.981577 -0.1823575 6.56399e-4 -0.9832321 -0.180458 5.47067e-4 -0.9835826 -0.1497273 -6.96097e-4 -0.9887271 -0.1502206 -0.009339749 -0.9886084 -0.1509705 0.002130985 -0.988536 -0.1411638 -0.006075441 -0.9899676 -0.1063311 -0.014301 -0.994228 -0.1654272 0.0192945 -0.9860333 -0.2165475 -0.0232585 -0.975995 -0.04522609 -0.04157239 -0.9981114 0.01408636 -0.02413278 -0.9996095 0.09327077 0.05218434 -0.9942723 0.1000403 0.01382178 -0.9948874 0.3202935 0.05194675 -0.9458931 0.2949838 0.02981793 -0.955037 0.07215839 -0.03622692 -0.996735 0.1436623 -0.02042531 -0.9894161 0.1445454 0.006989121 0.9894736 0.1908982 0.005441904 0.9815949 0.1445456 0.006967008 0.9894737 0.06972497 -0.032274 0.997044 0.06946259 -0.02471554 0.9972783 0.1220497 -0.02941817 0.992088 0.1007768 0.03117656 0.9944205 0.1535984 0.03157782 0.9876286 0.3270834 0.03302133 0.9444184 0.300828 0.02731001 0.9532874 0.2324289 0.01435679 0.9725075 0.2333083 0.01056939 0.9723454 0.2734716 -0.01956194 0.9616811 0.2755638 0.00868833 0.9612436 0.2727853 -5.84978e-4 0.9620748 0.2516947 -0.00291872 0.9678022 0.2796869 -0.003186047 0.9600861 0.2163444 -0.001104772 0.9763166 0.2769209 0.007293701 0.9608651 0.2611488 -0.001252055 0.9652978 0.2522106 -0.004311025 0.9676629 0.08540707 -0.1496828 0.9850384 0.09300649 -0.1326121 0.9867947 0.1381017 -0.1503992 0.9789322 0.04345029 -0.1284757 0.9907604 -0.008654415 -0.1233652 0.9923236 0.2215771 -0.1256759 0.9670104 -0.06190806 0.01592278 0.9979549 -0.0971415 0.02297067 0.9950055 -0.1262587 0.0406835 0.9911628 -0.1594958 0.001476109 0.9871975 -0.1590042 -0.00221765 0.9872755 -0.1575775 -3.80165e-4 0.9875065 0.1017156 -0.009143769 0.9947715 0.1017219 -0.009564757 0.994767 0.04881358 -0.01011592 0.9987567 -0.04974704 0.007933378 0.9987304 -0.07403308 0.009593486 0.9972097 -0.09595417 0.009042203 0.9953447 -0.09128493 9.59661e-4 0.9958243 -0.1266307 -0.002228379 0.9919474 -0.126738 -5.90377e-4 0.9919361 -0.1391343 0.008282303 0.990239 -0.1049854 0.01981002 0.9942765 -0.161026 -0.01875329 0.9867721 -0.2175837 0.02933037 0.975601 -0.04383563 0.04973983 0.9977999 0.01279187 0.03033065 0.9994581 0.9997227 -0.01637411 0.0169292 0.9988245 -0.01569306 0.04586291 0.9997742 -0.01285362 0.01691997 0.9901009 0.009068489 0.1400644 0.9951204 0.005596339 0.0985108 0.990102 0.005904912 0.1402257 0.9511704 0.003764152 0.3086433 0.992389 0.01397913 0.1223464 0.9823453 0.01431649 0.1865286 0.9765447 0.007026314 0.2152004 0.9767048 0.01429158 0.2141109 0.9440938 -0.02378666 0.3288177 0.9965644 -0.01290851 0.08180969 0.9951529 -0.04659903 0.08659869 0.9508476 -0.01306277 0.3093839 0.9464385 0.03584372 0.3208884 0.9942247 -0.03072953 0.1028243 0.9875075 -0.01139074 0.1571599 0.9391621 -0.03277301 -0.3419069 0.9770185 0.009223461 -0.2129552 0.9745846 -9.25004e-4 -0.224018 0.9954443 0.01014888 -0.09480375 0.9905979 0.008157908 -0.1365626 0.9958794 0.008773624 -0.09026283 0.9885486 0.001954138 -0.1508906 0.9825109 -0.002077162 -0.1861935 0.9885668 8.37247e-4 -0.1507815 0.9520777 -0.005532622 -0.3058062 0.9929163 -0.007228016 -0.1185962 0.9829395 -0.01510685 -0.1833078 0.9493535 -0.02419054 -0.3132775 0.9913982 -0.01337915 -0.1301956 0.9960322 -0.02299916 -0.08597046 0.9943985 0.009163975 -0.1052982 0.9891985 0.00419265 -0.1465222 0.9949529 0.003589749 -0.1002792 -0.9914292 0.001733601 -0.1306337 -0.9861074 0.002533316 -0.1660899 -0.991438 -8.5724e-5 -0.1305785 -0.9865486 0.002537608 -0.1634489 -0.9865692 -5.08501e-4 -0.1633433 -0.9930916 0.001326203 -0.117335 -0.9986467 -0.0376119 -0.03592002 -0.9969066 -0.04529857 -0.06422877 -0.9634149 -0.03816622 -0.2652831 -0.9756532 0.01429587 -0.2188526 -0.9800176 1.08232e-4 -0.1989111 -0.9780355 3.10091e-5 -0.2084383 -0.9881126 1.57204e-5 -0.1537325 -0.9829531 -0.001234054 -0.1838524 -0.9833012 -0.001612305 -0.181979 -0.9750884 0.004158318 -0.2217779 -0.9799229 0.01448941 -0.1988499 -0.9781605 -0.02962607 -0.2057288 -0.9769033 -0.002283275 -0.2136697 -0.97723 -7.09617e-4 -0.2121817 -0.9728412 -0.001690864 -0.2314677 -0.9937626 0.0442928 -0.1023443 -0.9981721 0.03818118 -0.04684782 -0.9605174 0.03959542 -0.2753883 -0.9982694 -0.02243506 -0.05435919 -0.9995052 -0.01830297 -0.02558386 -0.9993274 -0.0257464 -0.02611547 -0.9989985 0.02507531 0.03706067 -0.996953 0.04347717 0.06476563 -0.9635518 0.02524608 0.2663283 -0.9997758 5.19181e-4 0.02117216 -0.9997537 0.005828917 0.02141499 -0.9987386 0.003733038 0.05007308 -0.9961667 -0.01098144 0.08678382 -0.9995144 -0.006066679 0.03056496 -0.9982156 -0.008868634 0.05905169 -0.9917584 0.02218341 0.126187 -0.9848056 0.007387816 0.1735032 -0.9723932 -0.03021258 0.2313845 -0.9795406 -0.01008826 0.2009942 -0.9769319 0.03734236 0.2102609 -0.9732213 -0.005553007 0.2298035 -0.969591 -0.093553 0.2261441 -0.9812362 0.004816949 0.1927493 -0.9823545 0.004312932 0.1869789 -0.9774805 -0.003043889 0.2110041 -0.9793236 -0.006202697 0.202205 -0.9803721 -0.008677423 0.1969654 -0.961091 -0.02715104 0.2748944 -0.9942202 -0.03352165 0.101993 -0.9985872 -0.02653872 0.04603832 -0.9993649 0.03079158 -0.0179404 -0.9988756 0.02614599 0.0395469 -0.9995895 0.02657735 0.01070427 0.995019 -0.01913589 0.09783154 0.9973149 -0.01870363 0.0708034 0.9918571 -0.001436471 0.1273475 0.948253 0.0509243 0.3134055 0.9903802 0.05408418 0.1273655 0.995032 0.04966157 0.08628576 0.9926477 0.001719117 -0.1210274 0.9977502 -0.01687699 -0.06488358 0.9956266 -0.01633822 -0.09198319 0.994265 0.06855511 -0.08208256 0.9949091 0.0575 -0.08276402 0.9483699 0.06877332 -0.3096206 -0.9757738 0.01327222 0.2183793 -0.9745228 -1.2184e-4 0.2242883 -0.9728726 0.002858281 0.2313238 -0.781407 0.009164214 0.6239545 -0.779868 0.03045213 0.6252028 -0.6164946 0.009111225 0.7873064 -0.5523553 -0.04140979 0.8325797 -0.7287445 -0.02116876 0.6844585 -0.5512664 -0.02108305 0.8340629 -0.05268377 0.01601189 0.998483 -0.05253058 0.01141643 0.9985541 -0.05103361 0.0136848 0.9986032 0.2666947 0.01276057 0.9636967 0.2681559 3.67883e-4 0.9633755 0.2781305 0.003587663 0.9605367 0.6399845 0.00733757 0.7683528 0.640736 0.02406555 0.767384 0.7998928 0.007236778 0.6000992 0.8202185 -0.02112841 0.5716602 0.6673747 -0.004264414 0.7447099 0.8210914 -0.004187822 0.5707814 0.9427689 -0.005844116 0.3333958 0.9427784 0.005586147 0.3333734 0.9771409 -9.08942e-4 0.212591 0.9769744 -0.006994664 0.2132421 0.9513514 -0.03674006 0.3059098 0.9763746 -0.01046085 0.2158316 0.940786 -0.004873275 -0.338966 0.9758732 0.002448201 -0.2183244 0.9407386 0.003460109 -0.339115 0.8229399 0.003908991 -0.5681151 0.8221049 0.02052104 -0.5689663 0.6697884 0.003960847 -0.7425416 0.636704 -0.02620452 -0.7706629 0.7968031 -0.00998497 -0.6041566 0.636038 -0.01010352 -0.7715916 0.2888133 -0.002329647 -0.9573827 0.2776567 -0.01035141 -0.9606246 0.2792538 0.001869261 -0.9602155 -0.1496737 0.001660406 -0.9887341 -0.1483241 -9.65985e-4 -0.9889383 -0.1499024 -0.003214418 -0.9886956 -0.5777704 0.008835971 -0.8161516 -0.5791137 0.03012937 -0.81469 -0.7503769 0.008793234 -0.6609517 -0.7797086 -0.0306313 -0.625393 -0.616297 -0.009301424 -0.787459 -0.7812502 -0.0093382 -0.6241483 -0.9747984 -0.003073394 -0.2230665 -0.9775556 -0.01276367 -0.2102904 -0.9763525 3.38068e-4 -0.2161847 -8.55244e-4 0.9999993 9.1123e-4 0.001763582 0.9999967 -0.001881539 1.61763e-5 1 2.98587e-4 -7.04053e-4 0.9999998 1.23638e-6 0.001500666 0.9999989 3.94555e-6 1.17287e-4 1 1.82034e-4 0.001034617 0.9999992 7.75261e-4 -0.001470983 0.9999969 -0.002009689 -8.03417e-4 0.9999992 -0.001013815 0.001108825 0.9999991 -7.62964e-4 0.2830508 0.002328097 -0.9591021 0.2887734 0.001151323 -0.9573969 0.2692025 -0.03690356 -0.9623764 0.2715996 0.02329468 -0.9621285 0.2746866 -0.004846692 -0.9615216 0.2694739 8.97605e-4 -0.9630073 0.2434079 0.001759827 -0.9699224 0.4117518 -0.1412423 -0.9002839 0.2713571 0.003634631 -0.962472 0.2080718 0.0462535 -0.9770194 0.1577223 0.06114369 -0.9855887 0.2575598 -0.004956781 -0.9662497 0.3357213 -0.05867671 -0.9401322 0.1801093 -0.03063088 -0.9831696 0.1095817 -0.05208748 -0.9926121 0.02208101 0.03617018 -0.9991018 -0.01009052 0.05997705 -0.9981489 -0.208862 0.0357685 -0.9772908 -0.130141 -9.78225e-4 -0.991495 -0.1300871 -0.001681745 -0.9915012 -0.09475868 0.001672267 -0.9954989 -0.08783316 0.00305432 -0.9961305 -0.1232514 9.37115e-4 -0.9923751 -0.08774107 8.45767e-4 -0.9961431 0.1230228 2.62401e-4 -0.9924039 0.1224483 0.004533648 -0.9924646 0.07032239 -0.003164172 -0.9975193 0.07031184 -0.006719887 -0.9975025 0.122528 -0.003086566 -0.9924603 0.06982374 3.43594e-4 -0.9975594 -0.09148037 0.01752716 -0.9956527 -0.1263105 0.008041501 -0.9919582 -0.1468343 -0.02123463 -0.9889332 -0.1422805 1.31309e-4 -0.9898265 -0.1435202 -0.009388625 -0.9896029 -0.1441607 0.00207889 -0.9895521 -0.1395226 -0.00682944 -0.9901954 -0.1046482 -0.01491433 -0.9943975 -0.1635951 0.01886951 -0.9863471 -0.2165442 -0.02234172 -0.9760172 -0.04520851 -0.04113012 -0.9981306 0.01409083 -0.02322328 -0.9996311 0.09330666 0.0499199 -0.9943853 0.1000012 0.01167547 -0.9949189 0.320375 0.04960393 -0.9459912 0.2970564 0.03123635 -0.9543489 0.07428538 -0.03483688 -0.9966284 0.1451984 -0.01884353 -0.9892231 0.04627865 -0.02091848 0.9987096 0.04620957 -0.01920431 0.9987472 0.09909558 -0.01757317 0.9949228 0.09878891 0.0286743 0.9946953 0.1478676 0.04127871 0.9881454 0.3251649 0.02896344 0.9452137 0.2856754 -0.02251201 0.958062 0.2203069 0.0150175 0.9753151 0.2544351 0.002755105 0.967086 0.2731159 0.006452202 0.9619595 0.281511 0.00191158 0.9595562 0.2773756 -0.01857984 0.9605819 0.2622966 0.02582633 0.9646417 0.2082483 -0.02381396 0.9777861 0.1593891 -0.03634715 0.9865466 0.04192227 -0.1958515 0.9797371 -0.008258461 -0.1705747 0.9853101 0.2218782 -0.1712548 0.9599177 0.135317 0.01017087 0.9907502 0.1352766 0.01160091 0.99074 0.1817476 0.01093572 0.9832844 0.2096297 0.001657068 0.9777795 0.2098367 0.003508985 0.9777302 0.2449015 -0.002026975 0.9695459 -0.05555731 0.01447278 0.9983507 -0.09094852 0.02075523 0.9956394 -0.1175325 0.0435177 0.9921151 -0.1552775 0.002147495 0.9878686 -0.1547445 -0.00158596 0.9879533 -0.1533623 2.29763e-4 0.9881701 0.1005342 -0.007193148 0.9949077 0.1005139 -0.006845712 0.9949122 0.04767918 -0.009754836 0.9988151 -0.0736376 0.005143284 0.9972718 -0.07357078 0.003256976 0.9972848 -0.1091189 0.002823591 0.9940248 -0.09352773 0.001199126 0.995616 -0.1288994 -0.001650631 0.9916563 -0.1289737 -4.05158e-4 0.991648 -0.1403324 0.008924007 0.9900643 -0.1057088 0.01891338 0.9942172 -0.1618359 -0.01889592 0.9866368 -0.2175853 0.03028607 0.9755713 -0.04390197 0.05013388 0.9977772 0.01278638 0.03118741 0.9994318 0.995019 -0.01913619 0.09783178 0.9973149 -0.01870298 0.07080334 0.9918572 -0.001436769 0.1273479 0.9926477 0.001719534 -0.1210274 0.9977502 -0.01687574 -0.06488335 0.9956265 -0.01633763 -0.09198331 0.9511857 0.003756463 0.3085966 0.9923892 0.01397913 0.1223447 0.9823456 0.01431649 0.1865269 0.976555 0.007029175 0.2151535 0.9767149 0.01430058 0.2140647 0.944094 -0.02378654 0.3288175 0.9482528 0.05092424 0.313406 0.9903801 0.05408418 0.127366 0.995032 0.04966151 0.08628624 0.9901009 0.009068489 0.1400644 0.9951203 0.005596339 0.09851074 0.9901021 0.005904912 0.1402256 0.9997227 -0.01637417 0.01692932 0.9988245 -0.01569318 0.04586297 0.9997742 -0.01285368 0.01692003 0.9942652 0.06855541 -0.08207899 0.9949093 0.0575003 -0.08276027 0.9483709 0.06877368 -0.3096172 0.9391605 -0.03277319 -0.3419117 0.9770174 0.0092206 -0.2129604 0.974583 -9.30396e-4 -0.2240251 0.9954442 0.01014882 -0.09480458 0.9905977 0.008157849 -0.1365634 0.9958793 0.008773624 -0.09026372 0.9885486 0.001954138 -0.1508905 0.9825199 -0.002072632 -0.1861465 0.9885669 8.37215e-4 -0.1507814 0.9520764 -0.005533456 -0.3058104 0.9929158 -0.00722754 -0.1186008 0.9829388 -0.01510453 -0.1833119 0.9493537 -0.02420413 -0.3132758 0.9913985 -0.01337468 -0.1301932 0.9960328 -0.022982 -0.08596903 -0.9986483 -0.03757548 -0.03591328 -0.996908 -0.04528063 -0.06421929 -0.9634156 -0.03819686 -0.2652761 -0.9914292 0.001733601 -0.1306343 -0.9861074 0.002533316 -0.1660905 -0.991438 -8.57266e-5 -0.1305791 -0.9865486 0.002537429 -0.163449 -0.9865692 -5.08675e-4 -0.1633433 -0.9930973 0.001324951 -0.1172875 -0.9756518 0.01428759 -0.2188597 -0.9800171 1.06577e-4 -0.1989135 -0.9780251 2.60926e-5 -0.2084874 -0.9881064 1.55625e-5 -0.1537722 -0.9829457 -0.001232862 -0.1838918 -0.9832938 -0.001610755 -0.1820184 -0.9750869 0.004155099 -0.2217847 -0.9799215 0.01448941 -0.1988562 -0.9781594 -0.02962625 -0.2057342 -0.9769035 -0.002285659 -0.2136691 -0.9772302 -7.12636e-4 -0.2121806 -0.9728412 -0.001690685 -0.2314676 -0.9937629 0.0442928 -0.1023405 -0.9981722 0.03818118 -0.0468443 -0.9605183 0.03959536 -0.2753849 -0.9982694 -0.02243405 -0.05435919 -0.9995051 -0.01830196 -0.02558386 -0.9993274 -0.02574539 -0.02611547 -0.998998 0.02507746 0.03706926 -0.9969524 0.04347974 0.06477433 -0.9635494 0.02524822 0.2663365 -0.9997758 5.19174e-4 0.0211721 -0.9997537 0.005828917 0.02141493 -0.9987386 0.003733038 0.05007302 -0.9961667 -0.01098144 0.086784 -0.9995144 -0.006066739 0.03056514 -0.9982156 -0.008868634 0.05905187 -0.9917582 0.02218699 0.1261882 -0.9848054 0.007391273 0.1735044 -0.972393 -0.0302096 0.2313854 -0.9795349 -0.009754478 0.201038 -0.976958 0.03701579 0.2101978 -0.9732956 -0.005489647 0.22949 -0.9695912 -0.093553 0.2261435 -0.9812363 0.004816949 0.1927486 -0.9823547 0.004309833 0.186978 -0.9774798 -0.003046393 0.2110073 -0.9793323 -0.006218016 0.2021624 -0.9803802 -0.0086959 0.1969239 -0.9610909 -0.02714085 0.274896 -0.9942197 -0.03352814 0.1019958 -0.9985866 -0.02655392 0.04603976 -0.999365 0.03078377 -0.01794135 -0.9988757 0.02614212 0.03954714 -0.9995896 0.02657431 0.01070398 0.9891984 0.00419259 -0.1465233 0.9949528 0.003589451 -0.1002803 0.9943984 0.009163856 -0.1052992 0.9965642 -0.01290845 0.08181178 0.9951527 -0.04659944 0.08660084 0.950847 -0.01306265 0.3093858 0.946439 0.03584474 0.3208871 0.9942249 -0.03072965 0.1028231 0.9875078 -0.0113905 0.1571586 -0.9757733 0.01327311 0.2183811 -0.9745332 -1.25749e-4 0.2242436 -0.9728723 0.002859413 0.2313255 -0.7814062 0.009163856 0.6239554 -0.7798672 0.03045266 0.6252039 -0.6164937 0.009110808 0.7873072 -0.5523583 -0.04141056 0.8325777 -0.7287469 -0.02116358 0.6844561 -0.5512692 -0.02108788 0.834061 -0.05318284 0.01603233 0.9984562 -0.05302715 0.01134115 0.9985287 -0.0515291 0.01365667 0.9985781 0.2795971 -0.003867745 0.9601097 0.2695724 -8.44902e-4 0.9629797 0.2683821 -0.01324594 0.9632215 0.6406295 0.006851911 0.7678197 0.6413805 0.02352529 0.7668623 0.8003971 0.006758272 0.5994322 0.8198729 -0.02109521 0.5721569 0.6669197 -0.004245758 0.7451176 0.8207425 -0.004216432 0.5712828 0.9427683 -0.005844116 0.3333973 0.9427779 0.005586206 0.3333748 0.9771406 -9.08967e-4 0.2125925 0.9769759 -0.007009029 0.2132349 0.9513474 -0.03678429 0.3059169 0.9763764 -0.01046711 0.2158234 0.9407865 -0.004873454 -0.338965 0.975863 0.002446651 -0.2183701 0.9407389 0.003459751 -0.339114 0.8229406 0.003909051 -0.5681141 0.8221057 0.02052026 -0.5689651 0.6697893 0.003960907 -0.7425407 0.6367071 -0.02620208 -0.7706605 0.7968057 -0.009970009 -0.6041534 0.6360411 -0.01011496 -0.7715891 0.2896754 -0.003238618 -0.9571195 0.2788624 -0.01042914 -0.9602745 0.2804166 0.001761734 -0.9598768 -0.149639 0.001611411 -0.9887395 -0.1481494 -9.86303e-4 -0.9889646 -0.1498631 -0.003167808 -0.9887017 -0.5777716 0.008835852 -0.8161507 -0.5791146 0.03012746 -0.8146893 -0.7503778 0.008793115 -0.6609507 -0.779707 -0.0306285 -0.6253951 -0.6162947 -0.009299576 -0.7874608 -0.7812483 -0.009337842 -0.6241505 -0.9747978 -0.003074169 -0.2230695 -0.977555 -0.01276445 -0.2102934 -0.9763518 3.37278e-4 -0.2161877 -8.55242e-4 0.9999994 8.96314e-4 0.001763582 0.9999967 -0.001872718 1.61761e-5 1 3.0564e-4 -7.04054e-4 0.9999998 0 0.001500666 0.9999989 0 1.17287e-4 1 1.85172e-4 0.001034617 0.9999992 7.60304e-4 -0.001391887 0.9999973 -0.001875638 -8.03418e-4 0.9999992 -0.001008808 0.001108825 0.9999991 -7.7764e-4 -0.2851434 0.9554088 -0.07672941 -0.1573698 0.9846124 -0.07598298 -0.4074693 0.9100574 -0.07592409 -0.682511 0.7246974 0.09482854 -0.8469884 0.5221897 0.09964239 -0.8476079 0.5225806 0.09203529 -0.9376976 0.3468354 -0.02070075 -0.8845933 0.4659206 -0.02031427 -0.9750308 0.2211174 -0.02054262 -0.823463 -0.5666012 -0.02952831 -0.827835 -0.5608128 0.0133574 -0.6545027 -0.7559416 0.01336437 -0.8724687 -0.4869962 -0.04041385 -0.7225826 -0.6912614 0.005663573 -0.7167304 -0.6963985 -0.03642642 0.6809481 -0.7221083 -0.12194 0.4690098 -0.8743901 -0.1243854 0.4691643 -0.8746429 -0.1220036 0.3064563 -0.9509845 0.0413891 0.3071871 -0.9499679 0.05654352 0.07227838 -0.9958633 0.05506545 0.9572929 -0.2753009 0.08831691 0.9853109 -0.1477895 0.08556115 0.957623 -0.2754474 0.0841847 0.3952665 0.9120754 0.1090085 0.3948501 0.9144853 0.08837425 0.6189249 0.7807155 0.08611285 0.7523339 0.6522616 -0.09245902 0.8936095 0.4346141 -0.1121289 0.8959823 0.4343518 -0.09249001 -0.02964812 0.9981596 -0.05290126 0.2087185 0.9767308 -0.04933124 -0.0296579 0.9982868 -0.05043822 -0.3772562 0.9239679 0.0629388 -0.3769482 0.9234725 0.07147526 -0.4947757 0.8667042 0.06341099 -0.7164219 0.6925426 -0.08440709 -0.7165607 0.6926562 -0.08226996 -0.8718791 0.4829163 -0.08135676 -0.9967278 0.0250318 0.0768578 -0.9960699 0.0245828 0.08509099 -0.9914149 -0.1059712 0.07659512 -0.8419974 -0.5240686 -0.1280333 -0.8438923 -0.5247056 -0.1119373 -0.6779469 -0.7261257 -0.1145848 -0.3861721 -0.9183453 0.08667898 -0.3865602 -0.9181552 0.08696156 -0.2624882 -0.9611157 0.08577054 0.4733613 -0.8710849 -0.1309211 0.4725615 -0.8752819 -0.1027973 0.6841311 -0.7225224 -0.09962981 0.7393409 -0.6703013 0.06380814 0.8837709 -0.4576098 0.09768557 0.8878074 -0.4556956 0.06434166 0.5574612 0.8247991 0.09457051 0.5575024 0.8268065 0.07471358 0.7529292 0.6538389 0.07478296 0.8065539 0.5884308 -0.05674576 0.92961 0.3603287 -0.07738471 0.9317259 0.3594971 -0.05146706 0.3192049 0.9428845 0.0952742 0.08551317 0.9928252 0.08357995 0.3197115 0.9435324 0.08678328 -0.2858114 0.9563185 -0.06137508 -0.1576763 0.9856284 -0.0606212 -0.4077716 0.9110628 -0.06071943 -0.7464175 0.6623937 0.06399738 -0.8928918 0.4464769 0.05833184 -0.8928015 0.4463407 0.0607081 -0.9701102 0.2341903 -0.06357079 -0.9315553 0.3581536 -0.06269466 -0.9925463 0.104409 -0.06285434 -0.8641633 -0.4944915 0.09327429 -0.7064687 -0.7022629 0.08791297 -0.7059957 -0.7020897 0.09295183 -0.2223367 -0.9679711 -0.1166122 -0.2224072 -0.9663177 -0.1294805 -0.4668266 -0.8766258 -0.1166197 0.3470113 -0.9317833 0.1065983 0.348141 -0.9326937 0.09423649 0.1156834 -0.9893794 0.08801019 0.932511 -0.3499869 -0.089064 0.8790009 -0.468228 -0.09011155 0.809585 -0.5801928 -0.08915531 0.9954443 -0.02965641 0.09061568 0.991153 0.1004021 0.08680611 0.9959263 -0.02979898 0.08510506 0.681339 0.7264568 -0.08965396 0.8462306 0.5242859 -0.09496361 0.8466698 0.5245035 -0.08970075 0.3198354 0.9464281 0.04448765 0.3178108 0.9459521 0.06458449 0.08560627 0.9955052 0.04051065 -0.02283823 0.9993738 -0.02702802 0.2127192 0.9771134 1.51463e-4 -0.02555578 0.9996702 -0.002552092 -0.7255943 0.6869037 -0.04094225 -0.7227634 0.6910682 -0.006162941 -0.8769755 0.4805245 -0.003203749 -0.7477409 0.6638582 0.01326364 -0.8908937 0.4515001 0.04955989 -0.8940691 0.4477543 0.01251393 -0.8467887 -0.5287245 -0.05830454 -0.8517814 -0.5237022 -0.014301 -0.6872432 -0.7262804 -0.01461178 -0.8762394 -0.4794161 -0.04863053 -0.7287132 -0.6848169 -0.001732885 -0.7222546 -0.6901265 -0.04553765 0.09719812 -0.9933984 0.06092858 0.1001103 -0.9906518 0.09266608 0.3307824 -0.9414029 0.0659061 0.468419 -0.875003 -0.1222847 0.4681838 -0.8748089 -0.1245526 0.6799757 -0.7223833 -0.1256802 0.9956869 -0.01731419 0.09114813 0.9890407 0.113583 0.09432715 0.9893174 0.1128243 0.09231382 0.804063 0.5894518 -0.07764899 0.9301764 0.361401 -0.06450653 0.9300221 0.3610472 -0.06858628 0.9332452 0.3503157 0.07957631 0.8796643 0.4687206 0.08057099 0.8103303 0.5805278 0.07970166 0.9818487 0.1822879 -0.05238616 0.996443 0.05318641 -0.0653643 0.9971596 0.05213516 -0.05435955 0.8467916 -0.5262895 0.07722371 0.8486527 -0.5258234 0.05743324 0.683368 -0.727814 0.05740123 0.6501479 -0.7577381 -0.0560413 0.4322095 -0.8983953 -0.07798105 0.4315296 -0.9002817 -0.05722892 -0.2861738 -0.9571604 0.04414278 -0.1579241 -0.9864853 0.04366791 -0.4080612 -0.9119167 0.04351937 -0.5616326 -0.8227164 -0.0877884 -0.5614789 -0.8222367 -0.0931046 -0.6646689 -0.7419517 -0.08788079 -0.9674782 -0.2334561 0.09738725 -0.9290146 -0.3573077 0.09624481 -0.9899528 -0.1035501 0.09628534 -0.8986646 0.4223234 -0.1185106 -0.757062 0.6415039 -0.1238144 -0.7573217 0.6417053 -0.1211538 -0.2221964 0.9680137 0.1165259 -0.2222481 0.966418 0.1290042 -0.4666577 0.8767265 0.1165394 0.3270031 0.9395398 -0.1016566 0.3282606 0.9405133 -0.0876345 0.09457916 0.9920694 -0.08278298 0.9351888 0.3513525 0.04442358 0.8820141 0.4690524 0.04517805 0.8122923 0.5815747 0.04418456 0.9603891 -0.2757123 -0.04044109 0.9596934 -0.2764183 -0.05080944 0.9161795 -0.3988328 -0.0393393 0.847998 -0.525299 0.07043164 0.8479058 -0.5252082 0.07219606 0.6826228 -0.7272006 0.07214844 0.2765991 -0.9573011 -0.08406966 0.04103648 -0.9966033 -0.07139956 0.2772552 -0.958033 -0.07281863 -0.2865529 -0.956093 0.06143069 -0.157674 -0.9856389 0.06045675 -0.4078077 -0.9110556 0.06058651 -0.7463771 -0.6624345 -0.06404531 -0.8928666 -0.4465278 -0.05832934 -0.8927792 -0.446396 -0.06063145 -0.9702132 -0.2337772 0.06351792 -0.9316381 -0.3579398 0.06268811 -0.9925766 -0.1041343 0.06283199 -0.86596 0.4914705 -0.09257566 -0.7089684 0.6997792 -0.08759588 -0.70849 0.6995989 -0.09275549 -0.2221947 0.9680061 0.1165924 -0.2222477 0.966406 0.1290948 -0.4666562 0.8767184 0.1166059 0.8930594 0.4485208 0.03569298 0.8952227 0.4455557 0.007508218 0.7494915 0.6620107 0.002100765 0.2346817 0.9694052 -0.07195901 0.2364658 0.9702923 -0.05115276 -0.001197278 0.9986724 -0.05149894 0.047095 0.5361461 -0.8428105 0.04855638 0.7358325 -0.6754206 0.02302527 0.7358206 -0.676785 -0.02646213 0.9022995 -0.4302969 -0.02645522 0.9020313 -0.4308593 -0.02508199 0.9507668 -0.3088907 -0.02511787 0.8844137 0.4660275 -0.02833241 0.8846175 0.4654557 -0.02281582 0.9378902 0.3461813 0.02654528 0.9974905 0.06563645 0.02535802 0.9804682 0.1950365 0.01807779 0.9976817 0.06560826 0.02236598 0.7023129 0.7115171 0.02992898 0.4943682 0.8687372 0.03264087 0.4943171 0.8686687 -0.04259294 0.1659878 0.9852076 -0.04353845 0.03578495 0.9984108 -0.04413712 0.03578877 0.9983843 0.03507971 -0.1545524 0.9873616 0.0392335 -0.2828057 0.9583745 0.042391 -0.4047404 0.9134486 -0.05417603 -0.7253217 0.6862751 -0.0411365 -0.7254373 0.6870579 -0.04207414 -0.867136 0.4962914 0.04218542 -0.9116523 0.4087916 0.04267567 -0.9573206 0.2858601 0.04225921 -0.986422 0.1587007 -0.07468366 -0.8832427 -0.4629306 -0.0554068 -0.8849807 -0.4623193 -0.05323505 -0.7350397 -0.675931 0.07668089 -0.6462951 -0.7592251 0.09136176 -0.4276581 -0.8993118 0.06992322 -0.4274734 -0.9013198 -0.05826067 0.1860271 -0.9808158 -0.05170822 0.1858967 -0.9812079 -0.05321705 0.3126723 -0.9483692 0.02931654 0.8163034 0.5768789 0.01922553 0.6395922 0.768474 0.02775061 0.6391748 0.7685608 -0.02735894 0.6591064 0.751552 -0.03534144 0.6591489 0.7511816 -0.03534287 0.4421715 0.896234 0.04943519 -0.181795 0.9820931 0.04588884 -0.308214 0.9502096 0.04746109 -0.3082432 0.950123 -0.07432806 -0.4806095 0.8737792 -0.07772815 -0.4804148 0.8735903 -0.07768863 -0.690683 0.7189726 0.05834609 -0.9685512 0.2418768 0.06148374 -0.928501 0.3662046 0.05594676 -0.9920094 0.1130811 -0.04208076 -0.9567445 -0.2878701 -0.04160195 -0.9861272 -0.1606934 -0.04162341 -0.9108754 -0.4105771 0.03398084 -0.8350844 -0.5490714 0.03980243 -0.6643557 -0.7463561 0.03448688 -0.6644369 -0.7465483 -0.03311848 -0.3460716 -0.9376235 -0.03269064 -0.4648411 -0.8847904 -0.03262943 -0.2198999 -0.9749766 0.05616241 0.07565295 -0.9955514 0.06176435 0.07596147 -0.9951961 0.05312871 0.205209 -0.9772751 -0.06363356 0.4813138 -0.8742356 -0.06675571 0.4811581 -0.8740885 -0.06671887 0.6913784 -0.7194057 -0.02561855 0.9796066 0.1992857 -0.02597665 0.9971613 0.07067197 -0.02553153 0.9978083 -0.06104743 0.05961865 0.9188086 -0.3901749 0.04509037 0.9892013 -0.1394556 0.04876518 0.9623061 -0.2675614 0.02931529 -0.9765217 -0.2134157 0.03883296 -0.9760649 -0.2139844 0.02772712 -0.9403665 -0.3390312 0.04103112 0.9864849 -0.1586319 0.04109257 0.9117328 -0.4087232 0.04164713 0.9569739 -0.2871697 0.005663335 0.2211639 -0.9752202 0.005650639 0.3465357 -0.9380198 0.005480527 0.4659737 -0.8847816 -0.04628109 0.4098428 -0.9109814 -0.04850733 0.4097182 -0.9109215 -0.05362594 0.6315374 -0.7734887 -0.07912003 -0.7187938 -0.6907066 -0.07182163 -0.8492518 -0.5230804 -0.07020485 -0.6846112 -0.7255198 0.0137217 -0.6078429 -0.7939389 0.03276252 -0.3823688 -0.9234288 0.02069115 -0.3816997 -0.9240548 0.008106052 -0.920845 0.3898448 -0.0170288 -0.8184143 0.5743762 0.01008456 -0.9112237 0.4117886 -0.03688126 -0.8655046 0.4995414 -0.05034244 -0.7231104 0.6888955 -0.03656661 -0.7231286 0.6897448 0.03035718 -0.3452529 0.9380186 0.03059601 -0.4641101 0.8852491 0.02930653 -0.2191433 0.9752525 -0.0516625 0.07819896 0.9955983 -0.05692446 0.07846575 0.9952903 -0.04894435 0.2077112 0.976965 0.07462525 0.5266619 0.8467929 0.07287877 0.5267344 0.8469 0.07283526 0.7284226 0.6812457 -0.07341676 0.9341434 0.3492652 -0.06382006 0.9933902 0.09541004 -0.06613016 0.9722073 0.2245887 -0.07070922 0.8776721 0.4740167 -0.08124071 0.8772235 0.4731585 -0.08119732 0.724347 0.6846375 0.06656259 -0.09619224 0.9931347 0.06593996 -0.2248592 0.9721576 0.06799507 -0.2248566 0.9720166 -0.008483648 -0.2884954 0.9574438 -0.02933686 -0.287091 0.957454 -0.02417492 -0.525178 0.8506489 0.0098719 -0.9961227 0.08741992 0.0112459 -0.9766341 0.2146149 -0.007743716 -0.9961926 0.08683568 0.02705806 -0.9973127 0.06808239 0.01040995 -0.9977816 0.06575483 0.008428394 -0.9807071 0.1953018 -0.02159255 -0.4737866 -0.8803749 -0.006875455 -0.5826882 -0.8126668 -0.03500682 -0.3536837 -0.9347099 -0.0339291 -0.5424557 -0.8393991 -0.01234292 -0.430608 -0.9024547 -0.02873677 -0.4280369 -0.9033043 0.02108925 0.02926605 -0.9993492 0.02162009 0.02926981 -0.9993377 0.02036362 0.1595522 -0.9869795 -0.0600602 0.5654075 -0.8226222 -0.0368517 0.5644053 -0.8246749 -0.0368331 0.7586958 -0.6504031 -0.009323596 0.6256849 -0.7800203 0.01941412 0.8043327 -0.5938622 -0.008161842 0.8062285 -0.5915481 0.03154808 0.9075657 0.4187235 0.03131216 0.954644 0.2960985 0.04913651 0.9532584 0.2981343 0.0747106 -0.9933984 -0.08705174 0.07283556 -0.9935625 -0.08676797 0.05148583 -0.9753921 -0.2143822 0.04102945 0.986485 -0.1586318 0.04109376 0.9117329 -0.4087231 0.04169136 0.9569773 -0.2871519 0.005662083 0.2211423 -0.9752252 0.005698502 0.346512 -0.9380283 0.00548166 0.4659544 -0.8847919 -0.04628169 0.4098477 -0.9109791 -0.04850786 0.4097229 -0.9109194 -0.05362647 0.6315413 -0.7734855 -0.07955396 -0.7187961 -0.6906543 -0.07175904 -0.8492617 -0.523073 -0.07020163 -0.6846203 -0.7255115 0.01456677 -0.600695 -0.7993457 0.03217732 -0.3740035 -0.9268689 0.01980853 -0.3733713 -0.9274706 -0.05269044 -0.8656912 0.4977976 -0.05114251 -0.7236609 0.6882583 -0.05114209 -0.723661 0.6882581 0.05420017 -0.4780507 0.8766583 0.03940254 -0.5873621 0.8083646 0.06783711 -0.3587368 0.9309706 -0.05166423 0.07820326 0.9955978 -0.05692595 0.07847005 0.9952899 -0.04894602 0.2077153 0.976964 0.07462441 0.5266626 0.8467926 0.07287693 0.5267353 0.8468996 0.07283532 0.7284232 0.681245 -0.07341653 0.9341408 0.3492723 -0.06382006 0.9933895 0.09541738 -0.06613266 0.9722054 0.2245956 -0.07071113 0.8776748 0.4740116 -0.08124417 0.8772258 0.4731538 -0.08119696 0.7243178 0.6846684 0.06656241 -0.09619295 0.9931347 0.06593978 -0.2248599 0.9721574 0.06799489 -0.2248573 0.9720165 -0.008487522 -0.2885169 0.9574372 -0.02933442 -0.2871116 0.957448 -0.02418345 -0.5251965 0.8506373 0.0046947 -0.9764254 0.2158045 -0.004840612 -0.9401683 0.340676 -0.001849412 -0.9765781 0.2151557 -0.03207087 -0.8253485 -0.5637121 -0.04544764 -0.7961586 -0.6033789 -0.05155915 -0.9248363 -0.3768549 0.06559473 -0.9956929 0.06552135 0.05394446 -0.996462 0.06444805 0.05217844 -0.9796077 0.1940267 0.03832352 -0.3458203 -0.9375178 0.03764355 -0.4640323 -0.8850181 0.03913545 -0.2189983 -0.9749401 -0.03392875 -0.5424563 -0.8393986 -0.01234257 -0.4306086 -0.9024544 -0.02873647 -0.4280376 -0.903304 0.02109026 0.029271 -0.9993491 0.02162104 0.02927482 -0.9993376 0.02036452 0.1595571 -0.9869787 -0.0600605 0.5654089 -0.8226212 -0.03685301 0.5644066 -0.824674 -0.03683215 0.7586968 -0.6504019 -0.009323596 0.6256837 -0.7800211 0.0194143 0.8043318 -0.5938633 -0.008161604 0.8062277 -0.5915491 0.03154784 0.9075583 0.4187396 0.03131204 0.9546388 0.2961155 0.04913651 0.9532531 0.2981516 0.04570209 0.5474143 -0.835613 0.04613286 0.744893 -0.6655872 0.02122312 0.7448149 -0.6669336 -0.02646183 0.9022859 -0.4303255 -0.02645486 0.902018 -0.4308872 -0.02508175 0.9507573 -0.3089202 -0.02511703 0.884397 0.4660592 -0.02833151 0.8846006 0.4654881 -0.0228151 0.9378779 0.3462148 0.02654516 0.9974887 0.06566387 0.0253573 0.9804629 0.1950628 0.01807826 0.99768 0.06563508 0.02186357 0.6909627 0.7225598 0.03132706 0.4806709 0.8763414 0.03572702 0.4806001 0.8762118 -0.04262942 0.1659861 0.9852063 -0.04358178 0.03578329 0.9984089 -0.04470008 0.03579473 0.998359 0.03477966 -0.164155 0.9858213 0.03799074 -0.2921546 0.9556162 0.04024159 -0.4136769 0.909534 -0.05417454 -0.7253297 0.6862667 -0.04113459 -0.725445 0.68705 -0.04207211 -0.8671414 0.4962819 0.04218745 -0.9116718 0.4087478 0.04267722 -0.9573227 0.285853 0.0422604 -0.9864219 0.1587007 -0.07468247 -0.8832308 -0.4629535 -0.05540567 -0.8849694 -0.4623414 -0.05323362 -0.7350231 -0.6759492 0.07832819 -0.6398925 -0.7644621 0.09382623 -0.4199935 -0.9026639 0.07364869 -0.4197801 -0.9046329 -0.05893558 0.186035 -0.9807741 -0.05284982 0.1859375 -0.9811393 -0.05438488 0.3127102 -0.9482905 0.0445705 0.8167931 0.5752067 0.02915102 0.6409819 0.7670023 0.04256862 0.6400001 0.7671948 -0.05710124 0.4706453 0.880473 -0.05643504 0.5813307 0.811708 -0.05651521 0.3510774 0.9346393 0.05201345 -0.1819106 0.9819385 0.05198109 -0.308341 0.9498546 0.05016344 -0.3083558 0.9499477 -0.06774091 -0.5269443 0.8471959 -0.06926363 -0.5268696 0.8471192 -0.06922471 -0.7285631 0.6814718 0.05834567 -0.9685515 0.2418761 0.06148314 -0.9285013 0.3662039 0.0559464 -0.9920096 0.1130803 -0.0420804 -0.9567429 -0.2878758 -0.0416029 -0.9861271 -0.160694 -0.04162228 -0.9108752 -0.4105776 0.03398072 -0.835084 -0.549072 0.03980225 -0.6643553 -0.7463564 0.03448677 -0.6644364 -0.7465487 -0.04897654 -0.2341073 -0.9709764 -0.04832977 -0.3579096 -0.9325047 -0.04822188 -0.1040967 -0.9933975 0.06542247 0.07594376 -0.9949636 0.06287211 0.07595992 -0.9951268 0.06250089 0.2054985 -0.9766596 -0.07450914 0.9723529 -0.2213108 -0.06315547 0.9729824 -0.222074 -0.07451725 0.8816475 -0.4659881 -0.0488004 0.9196848 -0.3896135 -0.005053341 0.989839 -0.1421035 -0.003756761 0.9628025 -0.2701801 0.7070757 0.7070807 0.008993148 0.7072306 0.706983 0 0.7449077 0.6671593 -0.003319025 0.707101 0.7071084 -0.002415776 0.6839948 0.7294378 0.008463978 0.6892492 0.724422 0.01218008 0.6839368 0.7294952 0.008194208 0.6745461 0.7382199 -0.00436604 0.6745463 0.7382196 -0.004368782 0.6745455 0.7382205 -0.004357457 0.8141146 0.5807011 0.001945078 0.8086987 0.5881887 -0.006379544 0.8087511 0.5881237 -0.005664288 -0.7070795 0.7070782 -0.00889033 -0.7479295 0.6637707 0.003149867 -0.6857474 0.7278397 0 -0.7901481 0.6127139 0.01574361 -0.7105603 0.7036353 0.001218795 -0.7071028 0.7071067 0.002428412 -0.6881522 0.7255365 -0.006577849 0.6217776 -0.7830278 -0.01612418 0.707092 -0.7071216 -3.11818e-6 0.6087132 0.7933355 0.009342551 0.6085539 0.7933599 0.01556843 0.3826825 0.9238327 0.009342551 0.1727988 0.9847667 -0.01936817 0.4216935 0.9066368 -0.01357287 0.172701 0.984881 -0.01356309 -0.3126525 0.9496882 0.01845902 -0.3126829 0.9495821 0.02287608 -0.547787 0.8364139 0.0184704 -0.9075869 0.4184958 -0.03387147 -0.7683647 0.6392348 -0.03153806 -0.9076612 0.4185179 -0.03152948 -0.9959372 0.08621901 0.02599024 -0.9959628 0.08621418 0.02500468 -0.9843109 -0.1745188 0.02598911 -0.5503605 -0.8347087 -0.01909857 -0.7476221 -0.6638154 -0.02025681 -0.5503408 -0.8346943 -0.02025729 -0.531775 -0.8468275 0.009938061 -0.5317236 -0.8469003 0.005475997 -0.2945212 -0.9555933 0.009939789 0.5728893 -0.8196114 -0.005942761 0.3413594 -0.9398686 -0.01098716 0.5729511 -0.819516 -0.01098644 0.4273343 -0.9040936 2.8694e-4 0.4275567 -0.9039537 -0.007950603 0.6467272 -0.7627213 2.91595e-4 0.979268 -0.2023661 0.009078145 0.9792109 -0.2020783 0.01762235 0.998279 0.0579375 0.009075999 0.9683734 0.248455 -0.02286988 0.999835 -0.01039129 -0.01490575 0.9684624 0.2487132 -0.01490789 -1.83297e-7 0 -1 4.47554e-7 0 -1 -6.70702e-7 0 -1 -1.70728e-7 0 -1 -2.3713e-7 0 -1 -1.93159e-7 0 -1 -1.53641e-7 0 -1 -0.9614617 -0.2749059 0.00426495 -0.8575814 -0.5142918 0.007623076 -0.9614553 -0.2748556 0.007618963 -0.9439889 -0.3299043 -0.006952226 -0.9440174 -0.329873 -0.003876268 -0.9972049 -0.07439017 -0.006958007 -0.9312124 0.3644535 0.004162251 -0.9937723 0.111129 0.008186459 -0.9311653 0.3645058 0.008179605 -0.9614477 0.2748569 -0.008494138 -0.9614263 0.275059 -0.001408874 -0.8575729 0.5142925 -0.008497774 -0.301262 0.9534623 -0.01229059 -0.537602 0.8431829 -0.005195856 -0.3011017 0.9535779 -0.005200564 -0.5285786 0.8488613 -0.006262183 -0.528425 0.8489798 7.2926e-4 -0.2909148 0.9567285 -0.006266117 0.2688513 0.9631804 0.001614987 0.2693158 0.9630024 -0.009774804 0.508932 0.8608053 0.001616597 0.4461145 0.8949718 0.002706527 0.1998671 0.9797789 -0.009305655 0.4466024 0.8946843 -0.009302258 0.901035 0.4336642 0.008455157 0.7581233 0.652002 0.01193791 0.9010253 0.4336023 0.0119313 0.9266908 0.3756198 -0.01240617 0.9267085 0.3756175 -0.01109033 0.9923219 0.1230586 -0.01240813 0.9415648 -0.3366683 0.01049709 0.9965879 -0.08160036 0.01241391 0.9415383 -0.3366771 0.01241207 0.9615106 -0.2747059 -0.005848288 0.9614844 -0.2748593 4.0362e-4 0.8576752 -0.5141587 -0.005852639 0.4907915 -0.8712756 0.001610815 0.4903384 -0.8714778 -0.009736895 0.248619 -0.9686 0.001612246 0.2693159 -0.9630023 0.009772956 0.5089319 -0.8608053 -0.001618564 0.2688511 -0.9631805 -0.001616954 -0.5284274 -0.8489782 -7.27689e-4 -0.2909174 -0.9567278 0.006267726 -0.5285808 -0.8488599 0.006263792 -0.4273187 -0.9040393 -0.0105704 -0.4274234 -0.9040336 -0.005715191 -0.6467093 -0.7626633 -0.0105735 3.46991e-7 0 -1 0 0 -1 4.66766e-7 0 -1 -2.98381e-7 0 -1 0 0 -1 -2.90784e-7 0 -1 -0.8463693 -0.5324874 -0.01077938 -0.8463937 -0.5322248 -0.01883089 -0.9553359 -0.2953256 -0.01078265 -0.9739914 -0.226434 0.008279502 -0.8824143 -0.4704719 -0.001175642 -0.9741013 -0.2261096 -0.001174032 -0.8489822 0.5284209 -7.28062e-4 -0.95673 0.2909101 0.00626713 -0.8488639 0.5285745 0.006263256 -0.9040377 0.4273223 -0.0105707 -0.9040319 0.427427 -0.005715608 -0.7626917 0.6466758 -0.01057386 -0.1785497 0.9839141 0.005739092 -0.4269799 0.9041991 0.01059073 -0.1784477 0.9838925 0.01058804 -0.2483153 0.9686123 -0.01139515 -0.2482276 0.9686805 -0.006410896 0.01080214 0.9998767 -0.01140028 0.6992668 0.7148321 0.006411552 0.4905291 0.8713502 0.01141095 0.6993089 0.7147286 0.01140648 0.6145681 0.7888423 -0.005826354 0.6147206 0.7887445 9.53865e-4 0.7977636 0.6029422 -0.005831122 0.9701562 0.2424738 0.001884698 0.9701951 0.2422589 -0.005655527 0.9998575 -0.01677978 0.001886606 0.9993784 -0.03361481 0.0106343 0.9741356 0.225932 0.003825366 0.9994217 -0.03378945 0.003823935 0.8607513 -0.5090077 -0.004280745 0.8605359 -0.50922 -0.0131554 0.6997192 -0.7144052 -0.004283368 0.6833813 -0.7300158 0.008185327 0.8488313 -0.5286626 -0.001204669 0.6831557 -0.7302718 -0.001203417 0.01670593 -0.9998605 -3.93828e-4 0.2747168 -0.9615073 0.005883336 0.01655101 -0.9998458 0.005877614 0.03778207 -0.9991486 -0.01657044 0.03778237 -0.9991461 -0.01671874 -0.2220846 -0.9748865 -0.01657623 -0.5629255 -0.8264006 0.0133056 -0.3299161 -0.9439447 0.01113045 -0.5629526 -0.8264143 0.01112717 -1 7.67232e-5 -1.65815e-5 -1 9.36444e-7 -1.78527e-5 -1 3.87986e-6 5.6301e-6 -1 -3.81157e-5 2.10575e-5 -1 3.93799e-5 -3.31115e-5 -1 -6.05439e-6 0 -1 0 -1.14449e-6 -1 -5.91566e-6 6.86357e-6 -1 -4.64807e-5 1.46597e-5 -1 4.80371e-6 0 -1 0 1.21221e-6 -0.9999998 -1.82921e-4 6.02083e-4 -1 -1.4585e-6 0 -1 -6.83725e-6 2.19671e-5 -1 0 1.06931e-5 -1 -4.22726e-5 -1.88141e-5 -1 3.99584e-6 5.41554e-6 -1 -1.55424e-5 3.86683e-5 -1 1.25106e-5 -4.46131e-5 -1 -9.32906e-5 1.53229e-5 -1 1.86321e-5 -8.09621e-6 -1 3.24516e-6 3.73138e-5 -1 3.29542e-6 -7.22843e-6 -1 2.86809e-5 2.4113e-5 -1 1.05762e-4 -2.75285e-5 -1 5.30679e-7 -5.71138e-6 -1 -8.28858e-5 4.85501e-5 -1 1.78191e-5 -1.19456e-5 -1 -2.56583e-6 -3.2438e-6 -1 7.07534e-6 -1.12465e-5 -1 2.46545e-5 -1.72206e-5 -1 -4.14016e-5 2.45179e-5 -1 4.00801e-6 4.69281e-6 -1 -2.81506e-5 0 -1 -1.53414e-5 4.632e-5 -1 3.8205e-5 -4.0414e-5 -1 6.76617e-6 0 -1 -4.94856e-5 -1.26545e-5 -1 0 -1.40989e-6 -1 3.38091e-6 4.55162e-6 -1 3.6352e-5 -4.28011e-5 -1 -1.74841e-5 3.98581e-5 -1 0 1.36374e-6 -1 2.07562e-5 -3.74329e-5 -1 6.85134e-6 1.09625e-4 -1 -2.2828e-6 2.19754e-5 -1 2.50539e-6 1.0704e-5 -1 -2.66851e-5 2.06497e-5 -1 7.09279e-5 -2.60233e-5 -1 -3.90096e-6 0 -1 -4.40664e-6 -1.24176e-7 -1 1.1425e-4 -1.24181e-7 -1 -2.67555e-7 -1.0732e-5 -1 1.73925e-6 5.51573e-6 -1 -4.31168e-6 -3.04537e-6 -1 6.57226e-6 -2.7819e-6 -1 5.39984e-5 -2.00311e-5 -1 -4.41255e-5 2.29942e-5 -1 0 -9.48502e-7 -1 4.69519e-6 1.89841e-6 -1 -3.94333e-5 -2.46855e-6 -1 -1.63584e-6 -4.65927e-6 -1 1.66654e-5 -2.55283e-5 0 -0.6524345 -0.7578452 0 -0.6524345 -0.7578452 0.9990562 0 -0.04343718 0 -0.6524344 -0.7578453 0.9996173 -0.01805001 -0.02096623 -0.9990562 0 -0.04343718 0 0.6524345 -0.7578452 0 0.6524345 -0.7578452 0 0.6524343 -0.7578453 0 0.6524345 -0.7578452 0.9996212 0.01795768 -0.020859 0 -1 -4.00879e-7 0.004385948 -0.9999887 -0.001857578 0 -0.9999879 -0.004919111 -0.0516166 -0.998611 -0.01057881 0 -1 2.6458e-6 -1 0 0 0.9974119 0.05125921 0.05042046 0.9873465 -0.01812326 -0.1575394 0.9875476 -0.04535466 -0.1506414 0.9863637 0.006905794 0.1644358 0.9878889 -0.002396404 0.1551445 0.9889792 -0.002034068 0.1480409 0.9981435 0.01823377 0.05811357 0.9997252 0.02336817 0.001856863 0.9993599 0.01908379 0.03026241 0.9963927 -0.001738429 0.08484464 0.9913951 -0.005381405 0.1307928 0.9913794 0.001357555 0.131016 0.9899373 -0.01209294 -0.1409897 0.9899197 -0.01392883 -0.1409438 0.9954341 -0.01163011 -0.09474086 0.9851744 0.003940224 -0.1715112 0.9688348 -0.1044708 -0.2245997 0.9839143 0.004075467 -0.1785948 0.932523 0.3539556 0.07152897 0.93421 0.354402 0.04063177 0.920637 0.3610213 -0.1486308 0.9937067 0.01026976 -0.1115425 0.986549 -0.004854679 -0.1633941 0.9756489 -0.02583861 -0.2178106 0.9948237 -0.01151871 0.1009613 0.994823 -0.01287019 0.1008043 0.9955067 -0.008660495 0.09429532 0.9981057 0.04827219 0.03814423 0.9978655 0.03130561 0.05731153 0.9989483 0.03577411 0.02868127 0.9962909 -0.04225724 -0.07495903 0.9982188 -0.0385611 -0.0455228 0.987957 -0.04271709 0.1487158 0.9736924 0.01362323 0.2274591 0.9930294 -0.002312004 0.117844 0.9864611 0.002922594 0.1639695 0.9996252 -0.01004433 -0.02546972 0.9985287 -0.004314184 -0.05405509 0.9996536 -0.008014738 -0.02507138 -0.1930127 0.00695765 0.9811716 -0.1456392 0.03804284 0.9886061 -0.09395921 0.05777984 0.993898 -0.1411058 0.01209223 0.9899207 -0.1410602 0.01391601 0.9899032 -0.09480988 0.01161974 0.9954276 -0.1717352 -0.003966331 0.9851352 -0.2248228 0.1044465 0.9687857 -0.1787708 -0.004099667 0.9838823 0.128185 0.004356801 0.9917408 0.1284081 -0.002388477 0.9917186 0.0821765 7.09974e-4 0.9966176 0.05871903 -0.01831704 0.9981065 0.002559959 -0.02344924 0.9997218 0.03086876 -0.01916664 0.9993397 0.1454334 0.00439924 0.9893583 0.1911063 -0.1025952 0.9761929 0.1525019 0.004999518 0.9882906 0.09453481 0.01988196 0.9953231 0.1478749 8.77379e-4 0.9890058 0.1970017 -0.02667409 0.9800403 -0.9800711 -0.02615261 0.1969185 -0.995321 0.02039974 0.09444683 -0.9890174 0.001401364 0.1477931 -0.981173 0.007028818 -0.1930035 -0.9886048 0.03816425 -0.1456164 -0.993894 0.0578565 -0.09395498 -0.9899359 0.01209491 -0.1409989 -0.9899184 0.01393085 -0.140953 -0.9954332 0.01163226 -0.09475004 -0.9851359 -0.003966748 -0.1717317 -0.9687871 0.1044468 -0.2248167 -0.9838827 -0.004106521 -0.178768 -0.9981387 -0.01824671 0.05819052 -0.9997249 -0.0233736 0.001932919 -0.9993573 -0.01909661 0.03033941 -0.9963919 0.001704871 0.08485531 -0.9913939 0.005347549 0.1308034 -0.991378 -0.001391291 0.1310266 -0.9960415 -0.04776477 0.07496511 -0.9976218 -0.05134254 0.04598635 -0.9877129 -0.04806113 -0.1487059 -0.9947311 -0.003231406 -0.102468 -0.9888084 3.56862e-5 -0.1491915 -0.9773424 0.01823037 -0.2108784 -0.9996557 -0.005410313 0.02567648 -0.9998689 0.003475666 0.0158168 -0.9999586 0.002595186 0.008717417 -0.9826223 0.02871125 0.183383 -0.992589 0.01211583 0.1209144 -0.9971721 0.01386117 0.07386243 0.2010069 -0.02661502 -0.9792282 0.1520992 0.001556038 -0.988364 0.09925389 0.02161252 -0.9948274 0.1094236 -0.0106334 -0.9939383 0.1554615 -0.01051372 -0.9877861 0.1094499 -0.006599843 -0.9939704 0.2224648 0.005055248 -0.9749277 0.1580057 -8.38336e-4 -0.9874379 0.1933692 0.002317249 -0.9811234 -0.1921959 0.005532741 -0.9813411 -0.1569923 0.001355946 -0.9875989 -0.1568707 0.002867877 -0.987615 -0.1042553 0.003950417 -0.9945428 -0.05266326 -0.01071816 -0.9985548 -0.02375829 -0.01008284 -0.9996669 -0.1002655 0.004217147 -0.9949518 -0.04538899 -0.004349112 -0.99896 -0.0725913 0.005506515 -0.9973466 -0.09604001 0.008563637 -0.9953407 -0.1493752 -0.01086646 -0.9887209 -0.1995495 -0.03699517 -0.9791892 0.2034012 0.002536296 -0.9790922 0.1383979 0.005664885 -0.9903606 0.1739203 0.007132232 -0.9847339 -0.2025616 -0.01982253 -0.9790689 -0.03865766 -0.01378744 -0.9991574 0.0203498 -0.01903051 -0.9996119 -0.00953269 0.003251254 -0.9999493 -0.06562376 -0.006644427 -0.9978224 -0.03701347 -0.007237553 -0.9992886 0.07496404 -0.04779362 0.9960404 0.0461747 -0.05131667 0.9976145 -0.1487103 -0.04809099 0.9877107 -0.1025626 -0.00321722 0.9947214 -0.149284 5.43873e-5 0.9887943 -0.2109777 0.01822161 0.9773211 0.1832086 0.02871525 0.9826546 0.1207463 0.01208084 0.99261 0.07369232 0.01385104 0.9971848 -0.2041726 -0.01133096 -0.9788694 -0.1932204 -0.00313723 -0.9811503 -0.1863007 -0.004361748 -0.9824832 -0.9947401 -0.007943272 -0.1021229 -0.9941496 -0.02586257 -0.10487 -0.948508 0.03692919 -0.3145931 -0.9509668 -0.01546055 -0.3089066 -0.9958333 0.006590247 -0.09095454 -0.9507513 0.008988022 -0.3098245 -0.9166982 -0.003885447 -0.3995618 -0.9165225 -0.01201254 -0.3998029 -0.8048314 -0.003834962 -0.5934913 -0.7812454 0.01217603 -0.6241054 -0.9004496 0.004271447 -0.4349396 -0.78112 0.004004895 -0.6243683 -0.6251595 -0.004106223 -0.7804862 -0.6248903 -0.01226431 -0.7806164 -0.4358524 -0.00413239 -0.9000087 -0.398963 0.01264965 -0.9168799 -0.5927463 0.004184246 -0.8053784 -0.398713 0.004476666 -0.9170649 -0.3306133 -0.01287561 -0.9436786 -0.3310332 0.009347021 -0.9435729 -0.1132315 0.004103541 -0.9935603 -0.06820666 -0.004356145 -0.9976618 -0.2790643 0.04797464 -0.9590733 -0.07229077 -0.02770459 -0.9969987 -0.9785838 0.002998411 -0.2058272 -0.9786694 0.001620411 -0.205435 -0.9799775 0.00484842 -0.1990494 -0.1021157 -0.007943987 0.9947409 -0.1048637 -0.02586638 0.9941502 -0.3145843 0.03693485 0.9485107 -0.308888 -0.01546251 0.9509727 -0.09093546 0.006591439 0.9958351 -0.3098062 0.008989036 0.9507573 -0.3995573 -0.003886401 0.9167 -0.3997985 -0.01201337 0.9165244 -0.5934874 -0.003835916 0.8048342 -0.6241055 0.01217585 0.7812452 -0.4349398 0.004271209 0.9004495 -0.6243684 0.004004716 0.7811198 -0.8012107 -0.004742801 0.5983637 -0.801448 -0.01592004 0.5978525 -0.9142527 -0.004727303 0.4051168 -0.9167687 0.009338498 0.3993096 -0.8053928 -0.003171443 0.592733 -0.9170775 -0.002873659 0.3986988 -0.9721969 -0.01544314 0.233655 -0.9717532 0.01494479 0.2355256 -0.9997793 0.01561093 0.01406437 -0.9956746 -0.006571769 0.09267675 -0.9511678 0.03491687 0.306693 -0.9952821 -0.02107548 0.09470772 -0.9865552 -0.00701195 0.1632778 -0.9880779 0.002337813 0.1539369 -0.9891525 0.001974821 0.1468794 -0.2057651 0.003020703 0.9785968 -0.2053697 0.001630961 0.9786832 -0.1989858 0.00486654 0.9799904 0.03168171 -0.005034267 0.9994854 0.02182263 0.003852486 0.9997545 0.01467603 0.002968847 0.999888 0.09335929 -0.02113956 0.995408 0.09132701 -0.006630539 0.995799 0.305402 0.03486394 0.9515851 0.2317855 0.01504021 0.9726507 0.01021808 0.01570403 0.9998245 0.229914 -0.01534694 0.97309 0.3987062 -0.002876937 0.9170743 0.3993172 0.009336173 0.9167654 0.5927396 -0.003174185 0.805388 0.5978503 -0.0159204 0.8014497 0.4051142 -0.004727303 0.9142539 0.5983614 -0.00474286 0.8012123 0.8030135 0.004794061 0.5959418 0.8032541 0.01609033 0.5954192 0.9154714 0.004785418 0.4023545 0.916398 -0.0084486 0.4001793 0.8048381 0.004065394 0.5934807 0.9167028 0.004009604 0.3995499 0.9716174 0.008179545 0.2364168 0.9714658 -0.02151477 0.236202 0.9998773 -0.003611266 0.01524907 0.9834218 0.002728223 -0.1813127 0.9851639 0.01208376 -0.1711905 0.9863653 0.0117228 -0.1641523 0.2206106 -0.03259807 -0.9748172 0.431759 -0.02282547 -0.9017002 0.2202767 -0.02276009 -0.9751719 0.1038252 -0.00893265 -0.9945555 0.1058522 -0.02316647 -0.994112 0.3173804 0.03280359 -0.9477308 0.4573168 0.009218513 -0.8892561 0.2503503 -0.02398228 -0.9678583 0.4579825 0.00391978 -0.8889526 0.6242762 0.01997303 -0.7809484 0.4348596 0.01928716 -0.9002918 0.6242884 0.01901841 -0.7809624 0.7690252 -0.01737511 -0.6389825 0.7691046 -0.02674919 -0.638563 0.8919248 -0.01736527 -0.4518502 0.9167655 0.009336233 -0.3993168 0.8053882 -0.00317353 -0.5927393 0.9170744 -0.002876698 -0.3987059 0.991432 -0.01382917 -0.1298899 0.9910925 0.01843708 -0.1318936 0.9956679 0.01806855 0.09120965 0.9951102 -0.01002913 -0.09826117 0.9495489 0.03287541 -0.3118916 0.9946758 -0.02375751 -0.100278 0.9974118 0.0512591 0.05042237 0.9873467 -0.01812344 -0.1575375 0.9875478 -0.04535484 -0.1506395 0.9863632 0.006953656 0.1644364 0.9878964 -0.002396464 0.1550973 0.9889792 -0.002034068 0.148041 0.9981435 0.01823377 0.05811357 0.9997252 0.02336812 0.001856863 0.9993599 0.01908379 0.03026241 0.9963927 -0.001738429 0.08484458 0.9913951 -0.005381405 0.1307927 0.9913794 0.001357555 0.131016 0.9899373 -0.012093 -0.1409896 0.9899197 -0.01392883 -0.1409437 0.9954341 -0.01163011 -0.09474074 0.9851663 0.003935813 -0.1715577 0.9688408 -0.1044233 -0.2245961 0.9839144 0.004075467 -0.1785943 0.9325223 0.3539574 0.07152885 0.9342093 0.3544039 0.04063165 0.9206364 0.361023 -0.1486309 0.9937067 0.01026952 -0.1115421 0.986549 -0.004854977 -0.1633936 0.9756491 -0.02583909 -0.2178102 0.9948285 -0.01150959 0.1009146 0.9948279 -0.01286804 0.1007568 0.9955067 -0.008660316 0.09429544 0.9981057 0.04827225 0.03814405 0.9978655 0.03130567 0.05731129 0.9989483 0.03577423 0.02868103 0.9962908 -0.04226166 -0.07495808 0.9982188 -0.03856307 -0.04552185 0.9879569 -0.04271507 0.1487168 0.9736924 0.01362431 0.2274588 0.9930295 -0.002312004 0.1178438 0.9864614 0.002925872 0.1639681 0.9996252 -0.01004451 -0.0254696 0.9985287 -0.004314303 -0.05405491 0.9996536 -0.008014917 -0.02507126 -0.9981387 -0.01824665 0.0581904 -0.9997249 -0.02337354 0.001932799 -0.9993573 -0.01909655 0.0303393 -0.9963918 0.001704812 0.08485555 -0.9913939 0.00534749 0.1308037 -0.9913779 -0.001391351 0.1310268 -0.9899359 0.01209521 -0.1409988 -0.9899184 0.01393115 -0.1409529 -0.9954332 0.01163256 -0.09474998 -0.9851356 -0.003970563 -0.1717326 -0.9687869 0.1044467 -0.2248173 -0.9838826 -0.004106581 -0.1787687 -0.9960416 -0.04776477 0.07496517 -0.9976218 -0.05134254 0.04598641 -0.9877129 -0.04806113 -0.1487059 -0.9947311 -0.003230631 -0.102468 -0.9888084 3.64686e-5 -0.1491916 -0.9773423 0.01823115 -0.2108785 -0.9996557 -0.005410254 0.0256772 -0.9998689 0.003475785 0.01581758 -0.9999586 0.002595245 0.008718192 -0.9826223 0.02871203 0.1833826 -0.9925891 0.01211655 0.1209141 -0.9971722 0.01386046 0.07386183 -0.980071 -0.02615267 0.1969184 -0.9953209 0.02040189 0.09444659 -0.9890173 0.001401305 0.147793 -0.981173 0.007028996 -0.1930034 -0.9886048 0.03816443 -0.1456163 -0.9938939 0.05785673 -0.09395486 0.1930032 0.006948292 -0.9811735 0.1456406 0.03804332 -0.9886059 0.09395849 0.05777782 -0.9938982 0.1411028 0.01209199 -0.9899211 0.1410571 0.01391577 -0.9899036 0.09485453 0.01162123 -0.9954234 0.171783 -0.003965616 -0.9851269 0.2248201 0.104399 -0.9687914 0.178819 -0.004101276 -0.9838736 -0.1281858 0.004356265 -0.9917407 -0.1284089 -0.002389013 -0.9917185 -0.08222508 7.08447e-4 -0.9966136 -0.05871558 -0.01831716 -0.9981067 -0.002603948 -0.0234431 -0.9997218 -0.03086525 -0.01916676 -0.9993399 -0.1454997 0.004396378 -0.9893485 -0.1911253 -0.1025479 -0.9761942 -0.1525686 0.005002677 -0.9882803 -0.09453558 0.01987743 -0.9953231 -0.1478997 8.35455e-4 -0.9890021 -0.1970022 -0.02667421 -0.9800401 -0.0749641 -0.04779386 -0.9960403 -0.0461747 -0.05131691 -0.9976145 0.1487103 -0.04809123 -0.9877108 0.1025614 -0.003217458 -0.9947215 0.1492828 5.41349e-5 -0.9887945 0.2109765 0.01822137 -0.9773213 -0.1832042 0.02872973 -0.9826551 -0.1207451 0.01208335 -0.99261 -0.0736916 0.01385045 -0.997185 -0.1094205 -0.01063323 0.9939388 -0.1554584 -0.01051348 0.9877865 -0.1094468 -0.006599664 0.9939708 -0.2224659 0.005055308 0.9749274 -0.1580068 -8.38269e-4 0.9874377 -0.1933702 0.002317309 0.9811232 -0.1902664 0.01783323 0.9815706 -0.1253369 0.01279646 0.9920318 -0.1608992 0.01582044 0.9868441 0.1715959 -0.02710002 0.9847946 0.007489979 -0.01991957 0.9997736 -0.051835 -0.02614808 0.9983134 0.01655894 -0.01546686 0.9997433 0.07090252 -0.03016507 0.9970271 0.04232561 -0.0304144 0.9986409 0.1922439 0.005537986 0.9813317 0.1569935 0.001356124 0.9875987 0.1568719 0.002867996 0.9876149 0.1043003 0.003962039 0.994538 0.05266231 -0.01071983 0.9985549 0.02375769 -0.01008045 0.9996669 0.1002648 0.004217386 0.9949519 0.04538834 -0.004348814 0.99896 0.07259064 0.005506753 0.9973467 -0.2010061 -0.02661436 0.9792284 -0.1521168 0.001512527 0.9883614 -0.09925311 0.02161097 0.9948276 0.09603911 0.008561789 0.9953408 0.1493959 -0.0109086 0.9887174 0.1995485 -0.03699463 0.9791894 -0.03171086 -0.00503391 -0.9994845 -0.02185177 0.003852844 -0.9997539 -0.01475298 0.002973139 -0.9998868 -0.9947401 -0.007942438 -0.1021234 -0.9941496 -0.02586168 -0.1048706 -0.9485079 0.03693008 -0.3145936 -0.9509664 -0.01546084 -0.3089075 -0.9958332 0.006589949 -0.09095555 -0.950751 0.008987724 -0.3098255 -0.916698 -0.003885149 -0.3995617 -0.9165224 -0.01201224 -0.3998029 -0.8048313 -0.003834664 -0.5934913 -0.7812454 0.01217585 -0.6241053 -0.9004496 0.004271209 -0.4349395 -0.78112 0.004004716 -0.6243682 -0.5983611 -0.00474298 -0.8012126 -0.5978499 -0.01592051 -0.80145 -0.4051139 -0.004727423 -0.9142541 -0.3993179 0.009336173 -0.916765 -0.5927403 -0.003174185 -0.8053875 -0.398707 -0.002876937 -0.9170739 -0.2299079 -0.01534694 -0.9730914 -0.2317793 0.01504027 -0.9726521 -0.01021176 0.01570391 -0.9998245 -0.09133702 -0.006630778 -0.9957981 -0.3054114 0.03486388 -0.9515821 -0.09336924 -0.02113991 -0.9954071 -0.9785839 0.002995848 -0.2058269 -0.9786695 0.001617848 -0.2054347 -0.9799776 0.004845857 -0.1990491 -0.1038253 -0.00893253 0.9945555 -0.1058523 -0.02316612 0.994112 -0.3173806 0.03280335 0.9477307 0.4442436 -0.07522046 0.8927427 0.5386736 0.04843175 0.8411213 0.4333739 0.1491223 0.8887911 -0.3669167 -0.01109451 0.9301877 -0.367078 -0.01821088 0.930012 -0.5646753 -0.01112693 0.8252382 -0.6241053 0.01217585 0.7812454 -0.4349395 0.004271209 0.9004496 -0.6243682 0.004004716 0.78112 -0.8012105 -0.004742741 0.5983638 -0.8014479 -0.01591998 0.5978527 -0.9142526 -0.004727303 0.405117 -0.9167687 0.009338498 0.3993095 -0.8053929 -0.003171443 0.5927329 -0.9170775 -0.002873659 0.3986986 -0.9721971 -0.01544314 0.2336543 -0.9717535 0.01494473 0.2355249 -0.9997793 0.01561081 0.01406365 -0.9956746 -0.006571769 0.0926764 -0.951168 0.03491699 0.3066927 -0.9952821 -0.02107554 0.09470736 -0.9865555 -0.00701195 0.1632767 -0.9880781 0.002337813 0.1539359 -0.9891526 0.001974821 0.1468783 0.2041695 -0.01133108 0.97887 0.1932173 -0.00313729 0.9811511 0.1862975 -0.004361808 0.9824838 0.07229506 -0.02770429 0.9969986 0.06821101 -0.004355967 0.9976615 0.2790686 0.04797446 0.9590721 0.3310354 0.009346902 0.9435721 0.1132339 0.004103541 0.9935599 0.3306156 -0.01287561 0.9436777 0.3987132 0.004476785 0.9170648 0.3989631 0.01264959 0.9168797 0.5927465 0.004184424 0.8053783 0.6248918 -0.01226407 0.7806152 0.435854 -0.004136323 0.900008 0.625161 -0.00410223 0.7804851 0.8030136 0.004794061 0.5959414 0.8032543 0.01609033 0.5954189 0.9154716 0.004785478 0.4023541 0.9163976 -0.008448541 0.40018 0.8048377 0.004060149 0.5934813 0.9167024 0.004014909 0.3995505 0.9716181 0.008179605 0.2364138 0.9714666 -0.02151453 0.2361991 0.9998773 -0.003611326 0.01524603 0.983422 0.002728223 -0.1813116 0.985164 0.01208376 -0.1711894 0.9863655 0.0117228 -0.1641512 0.102118 -0.007943987 -0.9947407 0.104866 -0.02586638 -0.99415 0.3145866 0.03693485 -0.9485101 0.3088934 -0.01546251 -0.9509711 0.09094113 0.00659132 -0.9958345 0.3098116 0.008988976 -0.9507555 0.3995571 -0.003886342 -0.9167001 0.3997983 -0.01201337 -0.9165245 0.5934872 -0.003835856 -0.8048344 0.6241053 0.01217603 -0.7812455 0.4349396 0.004271388 -0.9004496 0.6243683 0.004004836 -0.78112 0.8012124 -0.00474441 -0.5983614 0.8014498 -0.01592034 -0.5978503 0.914254 -0.004725933 -0.4051142 0.9167655 0.009336233 -0.399317 0.8053881 -0.003173589 -0.5927394 0.9170743 -0.002876758 -0.398706 0.9914323 -0.01382923 -0.1298882 0.9910926 0.01843702 -0.131892 0.9956677 0.01806843 0.09121125 0.99511 -0.01002907 -0.09826248 0.9495484 0.03287547 -0.3118928 0.9946756 -0.02375745 -0.1002793 0.2058518 0.002987265 -0.9785786 0.2054604 0.001611649 -0.9786642 0.199074 0.004836976 -0.9799726 -0.02411139 0.9994184 0.02411121 -0.008833646 0.999961 0 -0.0682252 0.9975709 0.01406037 0.02986991 0.9995121 -0.009136497 0.1181679 0.9929147 -0.01252317 0 0.9993475 -0.0361216 0 0.9993475 -0.0361216 0.001567542 -0.004536747 0.9999885 0 0.01478564 0.9998908 0 7.48969e-6 1 4.07075e-5 -1.33847e-4 1 0.003133296 2.27238e-4 0.9999951 0.002113163 0.00214982 0.9999955 0.004054844 0 0.9999918 -8.88613e-4 0.004915118 0.9999876 -0.001858651 -0.002155125 0.999996 -5.14394e-6 -7.61379e-6 1 0.002122223 -0.002140879 0.9999955 0 -0.01474863 0.9998913 -0.002477645 3.99041e-4 0.9999969 -0.002882599 0 0.9999959 -0.001522421 -0.002118766 0.9999966 1.09408e-4 2.18869e-5 1 -6.93716e-4 0.005809128 0.9999829 3.32946e-4 5.70366e-4 0.9999998 -0.001136422 0 0.9999994 0.002844691 0.003122389 0.9999911 6.05997e-4 5.17185e-4 0.9999998 0.001351058 8.55053e-4 0.9999988 0.006471812 -0.001377761 0.9999781 -0.004045069 -0.005852997 0.9999747 0.001850008 -0.003768682 0.9999912 -3.82372e-6 0.002534925 0.9999969 -0.01309937 0.3096844 0.9507492 0.001249432 -0.02244085 0.9997474 4.82939e-4 0.001788556 0.9999983 -0.003148198 0.005343377 0.9999808 -9.2544e-6 1.33374e-5 1 7.32608e-5 2.71702e-5 1 -3.67798e-5 4.9267e-5 1 -2.23198e-5 -5.90922e-5 1 -6.16092e-4 0.002297282 0.9999972 0.0106672 -4.95996e-4 0.999943 3.69527e-5 -3.01668e-5 1 1.018e-6 0 1 -4.33329e-5 5.98282e-5 -1 -4.63822e-6 3.94742e-6 -1 7.2938e-5 -2.28568e-5 -1 5.69545e-5 -1.26578e-4 -1 0 1.51771e-5 -1 -6.73101e-7 -8.70553e-6 -1 3.89464e-5 1.32802e-4 -1 -4.8166e-5 -5.2603e-5 -1 7.56348e-5 -2.80905e-5 -1 -2.05653e-5 -1.25468e-5 -1 4.32867e-5 2.79131e-5 -1 1.18857e-6 0 -1 1.05719e-6 1.58347e-5 -1 1.8991e-6 -1.05413e-5 -1 1.50534e-6 -9.96595e-6 -1 -7.33594e-7 0 -1 -3.08296e-5 -1.42488e-5 -1 -1.71937e-5 -7.89204e-6 -1 -0.03935819 0.1625868 0.9859089 -0.03300076 -0.02375948 0.999173 -0.05097323 0.1614547 0.9855629 0.002186834 0.792765 0.6095235 0.0217244 0.9225999 0.3851462 0.001399695 0.9234836 0.3836354 0.05609273 0.9738274 0.2202584 0.07701611 0.9721288 0.2214364 0.05610918 0.8834701 0.4651154 -0.05408257 0.8682521 -0.4931669 -0.04948532 0.7110314 -0.7014168 -0.05202692 0.7108895 -0.7013767 0.07024115 0.3597624 -0.9303963 0.06947106 0.4791362 -0.874987 0.06949615 0.2358225 -0.969308 -0.07354897 -0.224152 -0.9717749 -0.07756263 -0.4012156 -0.912694 -0.06796896 -0.4016042 -0.9132878 0.08806759 -0.9715909 -0.2196708 0.08875501 -0.9715328 -0.2196513 0.08807474 -0.8811785 -0.4645076 -0.08118325 -0.9770833 0.1967675 -0.0778653 -0.9429778 0.3236201 -0.07981932 -0.977195 0.196771 0.07953256 -0.2355529 0.9686018 0.08047652 -0.3611516 0.9290281 0.07955986 -0.4788624 0.8742774 -0.03575277 0.2331371 0.9717865 -0.03309154 0.04811918 0.9982933 -0.04499769 0.2325183 0.9715505 0.002078294 0.7930402 0.6091658 0.02189064 0.92277 0.3847289 0.001777768 0.9236566 0.3832172 0.05608016 0.9738283 0.2202581 0.07699918 0.9721304 0.2214359 0.05609321 0.8834713 0.4651154 -0.05395644 0.8682979 -0.4931 -0.04946601 0.7110894 -0.7013595 -0.05211919 0.7109419 -0.7013168 0.07020562 0.3597629 -0.9303988 0.06943327 0.4791389 -0.8749886 0.06946188 0.2358253 -0.9693099 -0.03360331 -0.04818087 -0.9982733 -0.0449835 -0.232589 -0.9715343 -0.03525245 -0.2332135 -0.9717864 0.001999855 -0.7827677 -0.6223108 0.02117735 -0.9162306 -0.4000915 4.05653e-4 -0.9171344 -0.398578 0.06093525 -0.9735087 -0.2203809 0.0819292 -0.9717051 -0.2215328 0.0609557 -0.8830954 -0.4652172 -0.04744517 -0.7039715 0.7086418 -0.04919099 -0.7038767 0.7086169 -0.05219292 -0.8632971 0.5019902 0.06949728 -0.2357796 0.9693184 0.07027536 -0.3613093 0.9297941 0.06947594 -0.479137 0.8749862 -0.02896428 0.2330045 0.9720443 -0.02658194 0.04797494 0.9984949 -0.02989459 0.2329862 0.9720205 0.05544573 0.5649715 0.8232455 0.04384183 0.5649219 0.8239789 0.04381114 0.7590633 0.6495412 -0.02856737 0.7945159 0.6065711 -0.04459792 0.9236468 0.3806415 -0.03190881 0.9243578 0.38019 0.05698764 0.8774624 -0.4762482 0.0303719 0.8797518 -0.4744623 0.03036612 0.7269302 -0.6860397 0.02109521 0.8655638 -0.5003544 -0.01104718 0.7092148 -0.704906 0.019912 0.7065969 -0.7073362 -0.02745175 -0.04800993 -0.9984697 -0.02287465 -0.2329255 -0.9722256 -0.02858388 -0.2330546 -0.9720435 0.02814763 -0.3066667 -0.9514007 0.03195381 -0.3065631 -0.9513139 0.03194433 -0.5424015 -0.8395119 -0.02356159 -0.7839866 -0.6203306 -0.02264201 -0.9178246 -0.3963401 -0.026681 -0.9177554 -0.3962492 0.04235202 -0.9981733 -0.04308724 0.0500372 -0.9978103 -0.04325354 0.04236406 -0.9529548 -0.3001373 -0.04744535 -0.7039734 0.7086399 -0.04919117 -0.7038787 0.708615 -0.0521931 -0.8632984 0.5019879 0.04353696 -0.3490102 0.936107 0.04399001 -0.4688137 0.882201 0.0434823 -0.5795239 0.8137944 -0.04509508 0.1626165 0.9856583 -0.03925585 -0.02374434 0.9989471 -0.04144006 0.1626598 0.9858117 0.0282076 0.3067765 0.9513635 0.03198784 0.3066739 0.9512771 0.0319789 0.5424993 0.8394475 -0.02563637 0.7940852 0.6072657 -0.02429831 0.9242173 0.3810935 -0.02794444 0.9241508 0.3810046 0.03741329 0.9983756 0.04297071 0.04512363 0.9980493 0.043145 0.0374248 0.9531962 0.3000276 -0.05408251 0.868251 -0.4931686 -0.0494852 0.71103 -0.7014183 -0.0520268 0.7108882 -0.7013782 0.04403346 0.4676614 -0.8828103 0.04343879 0.5796638 -0.8136972 0.04349112 0.3491684 -0.9360502 -0.0505793 -0.2230529 -0.9734933 -0.0462895 -0.4005688 -0.9150967 -0.04474174 -0.4005537 -0.9151803 0.05501872 -0.5645006 -0.8235971 0.06073725 -0.5641717 -0.8234206 0.06069302 -0.7583466 -0.64902 0.06170189 -0.7256594 0.6852819 0.05361014 -0.8787679 0.474229 0.06173717 -0.878507 0.4737235 -0.0679894 -0.9775929 0.1992226 -0.05429548 -0.944123 0.3250904 -0.05684059 -0.9784935 0.1982917 4.12207e-7 0 -1 0 0 -1 -1.24608e-7 0 -1 0 0 -1 0 0 -1 0 0 -1 0 0 -1 -3.07475e-7 0 -1 0 0 -1 0 0 -1 2.25496e-7 0 -1 -1.58449e-7 0 -1 0 0 -1 0 0 -1 -1.7851e-7 0 -1 0 0 -1 0 0 -1 0 0 -1 0.003133356 2.27234e-4 0.9999951 -3.3204e-4 0.002199053 0.9999976 0.001567542 -0.004536688 0.9999886 -0.001046776 -0.01758289 0.9998449 0 0.01478564 0.9998908 0.002122581 -0.002140879 0.9999955 0 -0.01474863 0.9998913 -0.00216937 0.002218186 0.9999952 -7.45493e-6 1.21924e-5 1 0.002113163 0.00214982 0.9999955 0.004054844 0 0.9999918 -3.64524e-4 -0.004082381 0.9999917 -0.001077473 0.005160212 0.9999862 -5.77597e-4 0.008010745 0.9999678 7.77632e-4 0.01808637 0.9998362 -1.95809e-4 -0.002537071 0.9999969 -4.93947e-4 -0.0015558 0.9999988 3.48842e-4 -0.001129686 0.9999993 -4.52885e-4 -0.00437957 0.9999904 -2.97972e-5 4.5415e-5 1 3.32837e-5 -2.97724e-5 1 9.67104e-7 0 1 3.64691e-5 3.47974e-5 1 0.03788655 0.006772994 0.9992592 -3.15458e-5 -6.55037e-5 1 1.56176e-6 -2.11666e-5 1 -0.006187677 -0.005792081 0.9999641 0.002434253 -0.001296222 0.9999962 -0.001054584 0.001529693 0.9999983 -0.00474143 -0.004239678 0.9999798 -1.99743e-5 1.49154e-5 1 -3.83369e-6 0 1 1.6479e-4 1.68967e-4 1 4.98937e-5 1.53752e-4 1 0 -1.60203e-5 1 7.52957e-5 2.57336e-5 1 -0.001877307 -0.003794252 0.9999911 0.002758741 -9.73198e-4 0.9999957 -0.1808354 0.9834892 -0.006904542 0.0793935 0.9968382 0.003234326 -0.1812112 0.9834405 0.002718031 -0.7783788 0.6276568 -0.01316875 -0.5894289 0.807648 -0.01669305 -0.7783746 0.6275968 -0.01597636 -0.9542481 0.2974576 0.03048902 -0.9540815 0.2972684 0.03687912 -0.9987215 0.04032593 0.03048533 -0.9838269 -0.1789969 -0.006685674 -0.9966856 0.08125543 0.00393027 -0.9837786 -0.1793704 0.002456188 -0.6276409 -0.7783931 -0.01308834 -0.8076328 -0.5894449 -0.01685249 -0.6275849 -0.7783912 -0.01563417 -0.2974575 -0.9542468 0.03053307 -0.2972676 -0.9540796 0.03693419 -0.04032582 -0.9987201 0.03052937 0.1808632 -0.983484 -0.006904542 -0.07936525 -0.9968404 0.003241539 0.1812391 -0.9834353 0.002715408 0.7778816 -0.6282733 -0.01315712 0.5887901 -0.8081161 -0.01657748 0.7778766 -0.628212 -0.01605796 0.9542469 -0.2974581 0.03052288 0.9540799 -0.2972683 0.03692156 0.9987205 -0.04032629 0.03051912 0.9834949 0.1808049 -0.006900727 0.9968356 -0.0794245 0.003247261 0.9834461 0.1811806 0.002713382 0.6282753 0.7778799 -0.01315742 0.8081175 0.5887879 -0.01657778 0.6282141 0.7778748 -0.01605826 0.2974572 0.9542472 0.0305227 0.2972674 0.9540801 0.03692144 0.04032546 0.9987205 0.030519 -0.7201229 0.6934753 -0.0226944 -0.5160842 0.8562236 -0.023202 -0.7201303 0.6934863 -0.02211856 -0.9542469 0.297458 0.03052282 -0.9540799 0.2972683 0.03692156 -0.9987204 0.04032629 0.03051912 -0.9834949 -0.1808049 -0.006900787 -0.9968356 0.0794245 0.003247141 -0.9834461 -0.1811806 0.002713322 -0.6282753 -0.7778798 -0.0131573 -0.8081176 -0.5887879 -0.01657766 -0.6282141 -0.7778748 -0.01605814 -0.2974572 -0.9542472 0.03052282 -0.2972674 -0.9540801 0.03692156 -0.04032546 -0.9987205 0.03051912 0.1801615 -0.9836134 -0.006819665 -0.08007615 -0.9967827 0.003471434 0.1805369 -0.9835646 0.002653598 0.7777662 -0.6284171 -0.01311075 0.5886426 -0.8082265 -0.01643091 0.7777603 -0.6283547 -0.01610344 0.9542446 -0.2974572 0.03060662 0.9540771 -0.2972676 0.03700101 0.9987179 -0.04032546 0.03060293 0.9608744 0.2764062 -0.01789385 0.9997818 0.01867759 -0.00936073 0.9609116 0.2767152 -0.008817315 0.2448402 0.969535 0.007438302 0.4871531 0.8733165 -3.63535e-4 0.2445795 0.9696279 -0.001636445 0.2974756 0.9543529 0.02681189 0.2974678 0.9544132 0.02466356 0.04034382 0.9988262 0.0268079 -0.1816512 0.9833387 -0.006930947 0.07856637 0.9969045 0.002974271 -0.1820275 0.9832891 0.002932429 -0.7781458 0.6279457 -0.01316624 -0.589129 0.8078666 -0.01669156 -0.7781418 0.6278858 -0.01596671 -0.9542481 0.2974579 0.03048759 -0.9540813 0.2972682 0.03688502 -0.9987215 0.04032617 0.0304839 -0.983681 -0.1797926 -0.006804823 -0.9967522 0.08044981 0.003599047 -0.9836326 -0.1801675 0.002555429 -0.6284833 -0.7777125 -0.0131151 -0.8082756 -0.588573 -0.01650834 -0.628422 -0.7777074 -0.01603162 -0.297457 -0.9542454 0.03058087 -0.2972671 -0.954078 0.0369817 -0.04032528 -0.9987186 0.03057712 0.1801977 -0.9836071 -0.006772637 -0.0800395 -0.9967857 0.003465592 0.1805734 -0.9835577 0.002757489 0.7785932 -0.6273921 -0.01311099 0.5897032 -0.8074455 -0.01678925 0.7785905 -0.6273347 -0.01575303 0.9542469 -0.2974578 0.03052431 0.9540801 -0.2972685 0.03691571 0.9987204 -0.04032605 0.03052061 0.9837647 0.1793382 -0.006697058 0.9967142 -0.08090996 0.003814518 0.983716 0.1797124 0.002550184 0.6284034 0.7777779 -0.01306694 0.8082138 0.5886556 -0.01658803 0.6283442 0.7777742 -0.01584541 0.297457 0.9542443 0.03061503 0.2972669 0.9540766 0.03701919 0.04032528 0.9987176 0.03061127 -0.1808356 0.9834892 -0.006904661 0.07939344 0.9968382 0.003234207 -0.1812112 0.9834405 0.002717912 -0.7778816 0.6282733 -0.01315164 -0.5887912 0.8081172 -0.01647895 -0.7778757 0.6282108 -0.01614767 -0.9542462 0.2974569 0.03055518 -0.9540792 0.2972674 0.03694772 -0.9987194 0.04032516 0.03055149 -0.9835377 -0.1805738 -0.006825149 -0.9968165 0.07965874 0.003383159 -0.9834887 -0.1809492 0.002722203 -0.6281017 -0.7780206 -0.01312595 -0.8079846 -0.5889675 -0.01668733 -0.6280426 -0.7780169 -0.01588016 -0.2974572 -0.9542468 0.03053307 -0.2972673 -0.9540797 0.03693419 -0.0403254 -0.9987201 0.03052937 0.1808638 -0.983484 -0.006904363 -0.07936459 -0.9968405 0.003241777 0.1812397 -0.9834352 0.002715587 0.777882 -0.6282727 -0.01315712 0.5887906 -0.8081156 -0.01657748 0.777877 -0.6282114 -0.01605802 0.9542469 -0.297458 0.03052282 0.9540799 -0.2972683 0.03692156 0.9987204 -0.04032629 0.03051912 0.9834949 0.1808049 -0.006900787 0.9968356 -0.0794245 0.003247141 0.9834461 0.1811806 0.002713322 0.6282753 0.7778798 -0.0131573 0.8081176 0.5887879 -0.01657766 0.6282141 0.7778748 -0.01605814 0.2974572 0.9542472 0.03052282 0.2972674 0.9540801 0.03692156 0.04032546 0.9987205 0.03051912 1 -4.20284e-6 0 1 -4.0696e-5 1.13257e-5 1 1.54354e-4 1.82906e-4 1 1.71081e-5 7.2574e-5 1 5.27846e-5 -1.34907e-4 1 -5.87559e-5 4.62417e-5 1 2.7783e-6 3.23293e-6 1 0 0 1 1.97789e-6 0 1 -7.10873e-5 -5.66333e-5 1 0 -4.44394e-5 1 7.39674e-6 -1.81478e-4 1 -6.41678e-5 5.01544e-5 1 3.71682e-6 -9.40357e-7 1 -1.32755e-4 -2.908e-5 1 1.44401e-5 0 1 0 1.75476e-5 1 -9.12276e-7 4.04613e-6 1 9.28213e-5 5.06737e-5 1 1.31479e-5 -3.88852e-5 1 -9.07743e-6 0 1 1.11958e-4 4.34822e-5 1 -7.53438e-5 -4.90278e-5 1 -5.97053e-6 1.76859e-5 1 7.52824e-5 -1.9556e-5 1 -1.17821e-4 -1.10096e-4 1 -3.96498e-6 -1.24176e-7 1 1.98882e-5 7.756e-5 1 4.39018e-5 -7.22352e-5 1 -7.07853e-5 3.43742e-5 1 9.44123e-6 0 1 -1.43099e-4 -3.09408e-5 1 -5.10849e-6 1.34421e-5 1 7.6383e-5 -2.26538e-5 1 6.0163e-7 0 1 3.40464e-5 1.0346e-5 1 -1.14457e-4 -4.19303e-5 1 -8.99488e-5 -1.6566e-5 1 3.6584e-4 -5.31532e-5 1 0 1.88904e-5 1 7.5503e-5 -2.02677e-5 1 -5.68636e-6 -3.836e-6 1 -7.89056e-5 2.5324e-6 1 8.72129e-6 4.18392e-5 1 2.35618e-5 -2.27663e-4 1 -1.78396e-5 3.25379e-5 1 -1.95703e-6 1.8893e-5 1 1.07852e-4 -3.75337e-5 1 6.98497e-6 -1.59483e-6 1 0 1.37867e-6 1 -5.56235e-6 -1.22247e-5 1 -4.25741e-5 -6.0966e-5 1 1.05682e-4 4.61044e-5 1 -1.14866e-4 -9.96444e-5 1 0 1.89451e-5 1 7.14726e-5 -3.13097e-5 1 -6.421e-6 1.37973e-7 1 9.26249e-5 5.06289e-5 1 -2.11228e-4 -1.24202e-7 1 1.33974e-5 1.21547e-5 1 6.93015e-5 -3.70336e-5 1 0 1.37867e-6 1 -1.33035e-4 -1.49107e-4 0.9981384 0.01824891 0.05819636 0.9997248 0.02338325 0.001939713 0.999357 0.01909941 0.03034532 0.9963911 -0.001703798 0.08486437 0.9913927 -0.005346536 0.1308125 0.9913766 0.001392304 0.1310356 0.9899349 -0.01209592 -0.1410056 0.9899173 -0.01393181 -0.1409597 0.9954326 -0.01163309 -0.09475684 0.9851332 0.003966748 -0.1717466 0.9687837 -0.1044468 -0.2248312 0.9838716 0.004101097 -0.1788298 0.9960413 0.04776942 0.07496547 0.9976215 0.05134707 0.04598671 0.9877127 0.04806578 -0.1487056 0.99473 0.003228127 -0.1024783 0.988807 -4.06811e-5 -0.1492007 0.9773401 -0.0182321 -0.2108885 0.9996548 0.005408465 0.02571046 0.9998683 -0.003477573 0.01585084 0.9999584 -0.002597093 0.008751451 0.9826203 -0.02872711 0.1833907 0.9925876 -0.01211673 0.1209259 0.9971713 -0.01386201 0.07387393 0.9800689 0.0261569 0.1969286 0.9953201 -0.02039557 0.0944572 0.989013 -0.001353144 0.1478222 0.9811728 -0.00700891 -0.1930049 0.9886037 -0.03815358 -0.1456267 0.9938936 -0.05784404 -0.09396535 0.1930142 -0.006955385 0.9811713 0.1456407 -0.03804051 0.988606 0.0939607 -0.05777758 0.993898 0.141106 -0.01209223 0.9899207 0.1410603 -0.01391607 0.9899033 0.09480994 -0.01161974 0.9954276 0.1717426 0.003966271 0.9851338 0.2248302 -0.1044464 0.968784 0.1787784 0.004099607 0.9838808 -0.1281856 -0.004356801 0.9917407 -0.1284087 0.002388477 0.9917185 -0.0821771 -7.10024e-4 0.9966176 -0.05871731 0.01831704 0.9981066 -0.002558171 0.02344924 0.9997218 -0.03086704 0.01916664 0.9993398 -0.1454311 -0.00439924 0.9893586 -0.1911039 0.1025952 0.9761934 -0.1524996 -0.004999518 0.9882909 -0.09453785 -0.01988172 0.9953228 -0.1478781 -8.76058e-4 0.9890053 -0.1970047 0.02667534 0.9800396 -0.9974085 -0.0512582 0.05048644 -0.9873568 0.01812452 -0.1574742 -0.9875575 0.04535543 -0.1505762 -0.9863644 -0.006952941 0.1644294 -0.9878975 0.002397239 0.1550902 -0.9889802 0.002034842 0.1480339 -0.9981438 -0.01823174 0.05810749 -0.9997255 -0.02335864 0.00184983 -0.9993601 -0.01908117 0.03025627 -0.9963935 0.001739501 0.084836 -0.9913963 0.005382418 0.1307842 -0.9913805 -0.001356601 0.1310074 -0.9899382 0.01209211 -0.1409828 -0.9899206 0.01392799 -0.1409368 -0.9954348 0.0116294 -0.09473383 -0.985177 -0.003939926 -0.1714956 -0.9688383 0.1044711 -0.2245845 -0.9839256 -0.004080593 -0.1785323 -0.9325156 -0.3539751 0.07152855 -0.9342001 -0.3544277 0.04063618 -0.9206208 -0.3610593 -0.1486393 -0.9937064 -0.01027178 -0.1115449 -0.9865515 0.00481081 -0.1633803 -0.9756472 0.02583003 -0.2178198 -0.9948225 0.01150983 0.1009733 -0.994822 0.01286834 0.1008155 -0.9955011 0.008660376 0.09435427 -0.9981035 -0.04832106 0.03813719 -0.9978643 -0.0313543 0.05730396 -0.9989468 -0.03582262 0.02867364 -0.9962907 0.04226481 -0.07495719 -0.9982188 0.03856521 -0.04552096 -0.9879568 0.04271507 0.1487176 -0.9736919 -0.01362478 0.2274611 -0.9930292 0.002311944 0.1178463 -0.9864608 -0.002922713 0.1639718 -0.9996255 0.01005315 -0.02545577 -0.9985294 0.004323005 -0.05404108 -0.9996539 0.008023381 -0.02505737 -0.07496404 0.04779356 0.9960404 -0.0461747 0.05131661 0.9976145 0.1487103 0.04809099 0.9877107 0.1025626 0.00321716 0.9947214 0.149284 -5.44216e-5 0.9887943 0.2109777 -0.01822161 0.9773211 -0.1832073 -0.02871537 0.9826549 -0.120745 -0.0120809 0.99261 -0.07369107 -0.01385116 0.997185 0.1361466 -0.002540886 -0.9906855 0.1717299 -0.003187954 -0.985139 0.1361443 -0.002579987 -0.9906857 0.08901381 0.01373404 -0.9959358 0.1151691 0.01414519 -0.9932453 0.0614044 0.01293903 -0.9980291 -0.2237967 -0.09072667 -0.9704039 -0.08108973 -0.05993264 -0.9949033 -0.006440818 -0.05661809 -0.9983752 -0.1738047 0.003982424 -0.9847722 -0.138278 0.003435075 -0.9903876 -0.1382815 0.00337547 -0.9903873 -0.08321005 -0.01511925 -0.9964174 -0.02697998 -0.01637452 -0.9995019 -0.05543476 -0.01387691 -0.9983659 0.04227548 0.03037571 -0.9986441 0.0165075 0.01543331 -0.9997447 0.07085269 0.03013515 -0.9970315 0.007504045 0.01992148 -0.9997735 -0.05182087 0.02614742 -0.998314 0.1716099 0.02710545 -0.9847921 -0.1931087 -0.01845705 -0.9810038 -0.1281576 -0.01393628 -0.991656 -0.1637996 -0.01578181 -0.9863674 -0.03169965 0.005034267 0.9994848 -0.02184057 -0.003852486 0.9997541 -0.01469397 -0.002968847 0.9998877 -0.09337103 0.02113962 0.9954069 -0.09133887 0.00663048 0.9957979 -0.3054131 -0.03486406 0.9515815 -0.2317783 -0.01504021 0.9726524 -0.01021063 -0.01570397 0.9998245 -0.2299067 0.015347 0.9730917 -0.3987063 0.002877175 0.9170742 -0.3993173 -0.009335994 0.9167654 -0.5927397 0.003174424 0.805388 -0.5978503 0.0159204 0.8014497 -0.4051142 0.004727244 0.9142539 -0.5983614 0.00474286 0.8012123 -0.8030136 -0.004794001 0.5959415 -0.8032543 -0.01609027 0.5954189 -0.9154717 -0.004785358 0.4023543 -0.9163976 0.008448481 0.4001802 -0.8048375 -0.004060268 0.5934814 -0.9167023 -0.004015028 0.3995508 -0.9716176 -0.008179724 0.2364156 -0.9714661 0.02151435 0.2362009 -0.9998773 0.003611385 0.01524788 -0.9834116 -0.00272876 -0.1813676 -0.9851543 -0.01208436 -0.1712455 -0.9863641 -0.0117225 -0.16416 -0.1290106 0.01147764 -0.9915769 -0.1319598 0.02937412 -0.9908198 -0.3399527 -0.03517204 -0.9397846 0.4358025 0.0756005 -0.8968617 0.5308435 -0.04803895 -0.8461074 0.4250847 -0.1487476 -0.8928478 -0.3669103 0.01109546 -0.9301903 -0.3670716 0.01821208 -0.9300144 -0.5646696 0.01112788 -0.8252421 -0.624103 -0.01217633 -0.7812473 -0.434937 -0.00427103 -0.9004509 -0.6243659 -0.004005134 -0.7811219 -0.801212 0.00474298 -0.598362 -0.8014493 0.01592028 -0.5978509 -0.9142536 0.004727363 -0.405115 -0.9167652 -0.009336411 -0.3993174 -0.8053877 0.003173351 -0.5927398 -0.9170742 0.002876579 -0.3987065 -0.9914321 0.01382887 -0.1298896 -0.9910925 -0.01843726 -0.1318932 -0.9956678 -0.01806879 0.09120994 -0.9951098 0.01002913 -0.09826451 -0.9495478 -0.03287506 -0.3118948 -0.9946755 0.02375739 -0.1002813 -0.2115125 -0.00719428 -0.9773489 -0.2109333 -0.005360841 -0.9774858 -0.205277 -0.0104404 -0.9786483 0.1867836 -0.08715289 -0.9785276 0.1862546 -0.1058568 -0.9767823 0.3993243 -0.10578 -0.910687 0.211326 0.009616017 -0.9773684 0.2003881 0.001416027 -0.9797157 0.1934311 0.002641081 -0.9811103 0.9947401 0.007943034 -0.1021234 0.9941496 0.02586245 -0.1048706 0.9485079 -0.03692954 -0.3145936 0.9509665 0.01546102 -0.3089073 0.9958332 -0.006590008 -0.09095537 0.9507511 -0.008987665 -0.3098253 0.9166985 0.003885567 -0.3995607 0.9165229 0.01201266 -0.3998019 0.8048321 0.003835082 -0.5934904 0.7469398 -0.02114403 -0.6645554 0.8760992 -0.01509869 -0.4818946 0.7469193 -0.01489228 -0.664748 0.625065 0.01967233 -0.7803248 0.6250569 0.02030801 -0.780315 0.4357582 0.01971501 -0.8998479 0.4237289 0.00375986 -0.9057812 0.4237616 0.003527343 -0.905767 0.2140418 -0.03051048 -0.9763479 0.2627609 -0.01075619 -0.9648011 0.4665828 0.03185737 -0.8839037 0.2637402 -0.01740992 -0.9644367 0.9785844 -0.002998292 -0.2058244 0.9786701 -0.001620352 -0.2054322 0.9799781 -0.004848361 -0.1990466 0.1021131 0.007943987 0.9947412 0.1048611 0.02586638 0.9941505 0.3145819 -0.03693479 0.9485115 0.3088921 0.01546251 0.9509714 0.09093981 -0.006591379 0.9958346 0.3098104 -0.008989036 0.950756 0.3995571 0.003886401 0.9167001 0.3997983 0.01201337 0.9165245 0.5934872 0.003835916 0.8048344 0.6241056 -0.01217591 0.7812452 0.4349398 -0.004271268 0.9004494 0.6243684 -0.004004776 0.7811197 0.8012108 0.00474286 0.5983636 0.8014481 0.01592016 0.5978524 0.9142528 0.004727423 0.4051167 0.9167686 -0.009338498 0.3993096 0.8053929 0.003171503 0.592733 0.9170774 0.002873659 0.3986987 0.9722027 0.01544302 0.2336313 0.971759 -0.01494538 0.235502 0.9997796 -0.01561129 0.01404005 0.9956746 0.006573021 0.09267675 0.9511679 -0.03491622 0.3066929 0.9952821 0.02107673 0.09470766 0.9865541 0.006964862 0.1632872 0.988069 -0.002336919 0.1539942 0.989151 -0.001973867 0.1468893 0.2057625 -0.003021538 0.9785973 0.2053671 -0.001631855 0.9786837 0.1989833 -0.004867434 0.9799909 0.1661211 -0.9730861 -0.1597099 4.09772e-4 -0.9999988 -0.001564443 -0.09855973 -0.9793638 0.1764442 -3.70972e-4 -0.9999992 0.001307368 0.0340017 -0.9920383 0.1212607 0.003617107 -0.9894214 -0.1450252 -5.18115e-4 -0.9999997 -7.38942e-4 0.1322626 -0.988385 0.07484573 -0.05929571 -0.9943994 -0.08748739 -0.001666843 -0.9999986 -4.34019e-4 0.005176782 -0.9999855 0.001465976 -0.002232909 -0.9999967 0.001243829 0.9981384 0.01824885 0.05819636 0.9997248 0.02338325 0.001939713 0.999357 0.01909941 0.03034532 0.9963911 -0.001703679 0.08486431 0.9913927 -0.005346477 0.1308124 0.9913768 0.001392364 0.1310356 0.9899349 -0.01209592 -0.1410053 0.9899173 -0.01393181 -0.1409594 0.9954326 -0.01163309 -0.09475654 0.985125 0.003962278 -0.1717937 0.9687895 -0.1043993 -0.2248282 0.9838715 0.004101037 -0.1788299 0.9960414 0.04777032 0.07496517 0.9976215 0.05134683 0.04598635 0.9877128 0.04806429 -0.1487059 0.99473 0.003228127 -0.1024783 0.9888069 -4.07095e-5 -0.1492008 0.9773401 -0.01823216 -0.2108886 0.9996548 0.005408406 0.0257126 0.9998683 -0.003477632 0.01585298 0.9999583 -0.002597153 0.008753597 0.9826204 -0.02872675 0.1833906 0.9925876 -0.01211655 0.1209257 0.9971714 -0.01386183 0.07387375 0.9800701 0.02616661 0.1969213 0.99532 -0.02039504 0.09445738 0.9890158 -0.001396656 0.1478036 0.9811729 -0.007009029 -0.1930046 0.9886034 -0.03810799 -0.1456409 0.9938937 -0.05784326 -0.09396517 -0.9962906 0.04226881 -0.07495623 -0.9982188 0.03856658 -0.04551988 -0.9879568 0.04271268 0.1487186 -0.9736919 -0.01362526 0.227461 -0.9930292 0.002312123 0.1178463 -0.9864608 -0.002922654 0.1639718 -0.9996255 0.01005315 -0.02545571 -0.9985294 0.004323005 -0.05404102 -0.9996539 0.008023381 -0.02505731 -0.9899383 0.01209241 -0.1409828 -0.9899207 0.01392835 -0.1409369 -0.9954347 0.01162976 -0.09473389 -0.9851769 -0.003943622 -0.1714962 -0.9688382 0.1044712 -0.2245848 -0.9839256 -0.004080474 -0.1785326 -0.9974081 -0.0512582 0.05049538 -0.9873583 0.01812458 -0.1574652 -0.9875588 0.04535549 -0.1505672 -0.9863647 -0.006952464 0.1644275 -0.9878978 0.002397656 0.1550884 -0.9889805 0.002035319 0.1480321 -0.9981439 -0.01823157 0.05810719 -0.9997255 -0.02335846 0.001849472 -0.9993601 -0.01908099 0.03025597 -0.9963935 0.001740038 0.08483564 -0.9913963 0.005382955 0.1307838 -0.9913805 -0.001356065 0.131007 -0.9325224 -0.3539592 0.07151824 -0.9342015 -0.3544245 0.04063183 -0.9206284 -0.3610431 -0.1486311 -0.9937064 -0.01026779 -0.1115441 -0.9865515 0.004814505 -0.1633803 -0.9756472 0.02583408 -0.2178193 -0.9948226 0.01150971 0.1009724 -0.9948221 0.01286828 0.1008146 -0.9955012 0.008660256 0.09435337 -0.9981033 -0.04832488 0.03813713 -0.9978643 -0.03135812 0.0573039 -0.9989466 -0.0358265 0.02867358 0.1367635 0.002307176 0.9906011 0.17234 0.00302273 0.985033 0.1367589 0.002384483 0.9906015 0.0904622 -0.01408863 0.9958002 0.1166241 -0.01437443 0.9930722 0.06286281 -0.01311719 0.9979361 0.1930425 -0.01846486 0.9810166 0.1280911 -0.01393824 0.9916645 0.1637336 -0.01578366 0.9863784 -0.1715968 0.02709835 0.9847945 -0.007490813 0.01992291 0.9997735 0.05183416 0.02615398 0.9983132 -0.01652389 0.01544952 0.9997442 -0.07086831 0.03014862 0.99703 -0.04229122 0.03039473 0.9986429 -0.1735497 -0.003902792 0.9848174 -0.1379742 -0.003355979 0.9904302 -0.1379777 -0.003296554 0.9904299 -0.08324813 0.01512622 0.9964141 -0.02701812 0.01638156 0.9995008 -0.05547285 0.01388412 0.9983637 0.07868689 -0.06657284 0.994674 0.005699217 -0.06275206 0.998013 0.2228209 -0.09662562 0.9700589 0.1410874 0.01208913 -0.9899233 0.1410418 0.01391291 -0.989906 0.09483903 0.01161831 -0.9954249 0.1715455 -0.003938972 -0.9851684 0.2245865 0.1044231 -0.968843 0.1785817 -0.004075527 -0.9839167 0.09455746 -0.01988518 -0.9953209 0.1479191 -8.40571e-4 -0.9889992 0.1970234 0.02666878 -0.9800361 -0.1929391 -0.007045328 -0.9811855 -0.1455799 -0.03814679 -0.9886109 -0.09389954 -0.05788099 -0.9938977 -0.1281699 0.0043841 -0.9917426 -0.1283931 -0.002361357 -0.9917206 -0.08216136 7.37078e-4 -0.9966188 -0.05865007 -0.01830518 -0.9981108 -0.002538442 -0.02343106 -0.9997223 -0.03079968 -0.01915436 -0.999342 -0.146279 0.004443466 -0.9892334 -0.1918949 -0.1025037 -0.9760478 -0.1533471 0.005048632 -0.9881595 0.05382484 0.004356563 -0.9985409 0.0249831 0.008035838 -0.9996556 0.02538245 0.01007372 -0.9996271 0.07494777 0.04223763 -0.9962925 0.04546517 0.03857684 -0.9982209 -0.1487236 0.04269796 -0.9879566 -0.1182639 0.002146124 -0.9929799 -0.164386 -0.003089666 -0.9863913 -0.227869 -0.01379543 -0.9735941 -0.1867989 -0.08713942 0.9785259 -0.1862698 -0.1058585 0.9767792 -0.3993374 -0.1057782 0.9106814 -0.2041566 0.01133239 0.9788727 -0.1932042 0.003138661 0.9811536 -0.1862845 0.004363059 0.9824862 -0.2631998 -0.01816385 0.9645704 -0.262223 -0.01153141 0.9649385 -0.4660915 0.03114932 0.884188 -0.4264728 0.003982186 0.9044917 -0.2169754 -0.03009092 0.9757132 -0.4264512 0.004136562 0.9045012 -0.6250545 0.02030855 0.7803168 -0.4357556 0.01970964 0.8998493 -0.6250627 0.01967799 0.7803267 -0.7695357 -0.01804018 0.638349 -0.7696106 -0.02745419 0.6379231 -0.8922828 -0.01803588 0.4511166 -0.9163975 0.0084486 0.4001804 -0.8048374 -0.004056572 0.5934817 -0.9167022 -0.004018425 0.399551 -0.9716179 -0.008179724 0.2364141 -0.9714664 0.02151423 0.2361996 -0.9998773 0.003611385 0.01524645 -0.9834117 -0.002729177 -0.1813669 -0.9851544 -0.01208472 -0.1712448 -0.9863563 -0.01172381 -0.1642066 -0.1287814 0.01002687 -0.9916223 -0.1316769 0.02847772 -0.9908836 -0.3397684 -0.03561902 -0.9398344 -0.3088986 0.01546251 -0.9509693 -0.09094625 -0.006588637 -0.9958341 -0.3098165 -0.008988201 -0.9507539 -0.3995615 0.003884911 -0.9166982 -0.3998027 0.01201248 -0.9165226 -0.5934911 0.003834426 -0.8048316 -0.6241032 -0.01217639 -0.7812471 -0.4349372 -0.004271149 -0.9004507 -0.6243661 -0.004005193 -0.7811216 -0.801212 0.00474298 -0.5983618 -0.8014494 0.01592022 -0.5978507 -0.9142537 0.004727363 -0.4051147 -0.9167652 -0.009336173 -0.3993175 -0.8053877 0.003173589 -0.5927398 -0.9170742 0.002876758 -0.3987065 -0.9914323 0.01382911 -0.1298879 -0.9910927 -0.01843696 -0.1318916 -0.9956676 -0.01806855 0.09121155 -0.9951101 0.01002883 -0.09826266 -0.9495484 -0.03287541 -0.311893 -0.9946756 0.02375704 -0.1002795 -0.1955546 -0.01118457 -0.9806291 -0.1952062 -0.009980082 -0.9807115 -0.1889797 -0.01367682 -0.9818857 0.1814622 -0.002731919 -0.9833942 0.1713405 -0.01208746 -0.9851378 0.1643024 -0.01172626 -0.9863404 0.99474 0.007943034 -0.102124 0.9941495 0.02586245 -0.1048712 0.9485077 -0.03692954 -0.3145942 0.9509662 0.01546102 -0.3089081 0.9958332 -0.006590008 -0.09095615 0.9507509 -0.008987665 -0.309826 0.9166985 0.003885507 -0.3995609 0.9165228 0.0120126 -0.399802 0.8048319 0.003835022 -0.5934905 0.7812454 -0.01217603 -0.6241052 0.9004496 -0.004271388 -0.4349394 0.7811201 -0.004004895 -0.6243681 0.5983632 0.00474286 -0.8012109 0.5978521 0.01592016 -0.8014484 0.4051163 0.004727423 -0.9142529 0.3993277 -0.009334146 -0.9167608 0.5927489 0.003175258 -0.8053811 0.3987168 0.002879619 -0.9170696 0.1298912 0.01382732 -0.9914319 0.1318953 -0.01843905 -0.9910922 -0.09120792 -0.01807296 -0.9956679 0.09828573 0.01002812 -0.9951077 0.3119183 -0.03286474 -0.9495404 0.100301 0.02374953 -0.9946737 0.9785844 -0.00299859 -0.2058247 0.97867 -0.00162059 -0.2054325 0.979978 -0.004848599 -0.1990468 0.1207625 0.01088064 0.9926219 0.1237918 0.02913147 0.9918806 0.3319474 -0.03620564 0.9426029 -0.4359508 0.07559633 0.8967899 -0.5309838 -0.04804205 0.846019 -0.4252334 -0.1487518 0.8927763 0.3669167 0.01109611 0.9301877 0.3670781 0.01821088 0.9300119 0.5646753 0.01112544 0.8252382 0.6241055 -0.01217597 0.7812452 0.4349398 -0.004271328 0.9004495 0.6243684 -0.004004836 0.7811198 0.8012108 0.004741787 0.5983636 0.8014481 0.01592004 0.5978525 0.9142528 0.004728496 0.4051168 0.9167688 -0.009338557 0.3993093 0.805393 0.003171324 0.5927328 0.9170777 0.002873539 0.3986985 0.9722025 0.01544314 0.2336318 0.9717589 -0.01494526 0.2355025 0.9997795 -0.01561117 0.01404064 0.9956745 0.006572961 0.09267783 0.9511676 -0.03491634 0.3066939 0.995282 0.02107679 0.09470874 0.9865539 0.007012784 0.1632859 0.9880766 -0.002336919 0.153945 0.9891512 -0.001973927 0.1468874 0.2101526 -0.005757868 0.9776517 0.2095416 -0.003795802 0.9777924 0.2038977 -0.008962094 0.9789513 4.09771e-4 -0.9999988 -0.001564443 -0.09970611 -0.978874 0.1785061 -3.70972e-4 -0.9999991 0.001307249 0.0340017 -0.9920383 0.1212607 0.003617048 -0.9894214 -0.1450252 7.42649e-4 -0.9999989 0.001330792 -5.97655e-4 -0.9999994 -0.001019656 0.1371678 -0.9875034 0.07760226 -0.1255069 -0.9831709 -0.1327515 -0.001666843 -0.9999986 -4.32118e-4 0.005176842 -0.9999856 0.001465976 0.1099768 -0.9913102 -0.07217496 -0.5700679 0.8198017 0.05429512 -0.7628448 0.6455736 0.03609365 -0.7631076 0.6441585 0.05221796 -0.8807809 0.468162 -0.07105875 -0.8123908 0.5788774 -0.07015883 -0.9347242 0.3483508 -0.07030248 -0.9978489 -0.04839658 0.04421961 -0.971186 -0.2333512 0.04842621 -0.9712994 -0.2334206 0.04574215 -0.8457095 -0.5280478 -0.0770787 -0.8468803 -0.5280227 -0.06313288 -0.6810197 -0.7295411 -0.063102 -0.6039245 -0.7951512 0.05486243 -0.3775672 -0.9230874 0.07316279 -0.3771599 -0.9243115 0.05829823 0.2874219 -0.9563679 -0.0524336 0.1605537 -0.9856616 -0.05190223 0.410447 -0.9104142 -0.05176246 0.4917318 -0.8682668 0.06566929 0.6986108 -0.7107091 0.08267754 0.7000602 -0.7110655 0.0655871 0.9702414 -0.2321849 -0.06871664 0.9320886 -0.3558312 -0.06778651 0.9924839 -0.1019401 -0.06770586 0.9851777 0.1459755 0.09008955 0.9397437 0.3263487 0.1018733 0.940819 0.327536 0.08706277 0.2192574 0.9708549 -0.0967828 0.2198801 0.9715892 -0.08756339 0.464106 0.8804747 -0.09679841 0.3651 0.9292804 -0.05603593 0.1174882 0.9930685 -0.00337696 0.2462506 0.9691985 -0.003868103 -0.8402236 -0.5320803 0.104475 -0.6728634 -0.7323489 0.1044987 -0.6729966 -0.7324376 0.1030083 -0.9966088 0.0249536 -0.07841062 -0.9953526 0.02565479 -0.09281712 -0.9742109 0.2105097 -0.08123213 -0.879408 0.4674952 0.0899434 -0.8794831 0.4675668 0.08883124 -0.7276418 0.679824 0.09152489 -0.2826147 0.956734 -0.06920337 -0.2819221 0.9562838 -0.07772517 -0.1551503 0.9855351 -0.06818336 0.2817039 0.9563403 0.07782208 0.1548777 0.985571 0.06828361 0.282396 0.9567913 0.06930404 0.727594 0.679865 -0.09160047 0.8793725 0.4675449 -0.09003251 0.8794489 0.4676176 -0.08890086 0.9953568 0.02667528 0.09248417 0.9740458 0.2115095 0.0806145 0.996591 0.02596402 0.07830822 0.8416754 -0.5299628 -0.1035468 0.6748155 -0.7306459 -0.1038295 0.6749234 -0.7307189 -0.1026076 -0.2783876 -0.956108 -0.09142106 -0.4014234 -0.912285 -0.08121228 -0.2779475 -0.9572136 -0.08054465 0.278106 -0.957231 0.07978737 0.2785333 -0.9560858 0.09120935 0.4008932 -0.9125238 0.08114796 -0.4730374 0.8766543 -0.08782345 -0.4718459 0.8759942 -0.0999791 -0.6834141 0.7231599 -0.09992492 -0.9975591 0.02332669 0.06581652 -0.9842995 -0.1630656 0.06755858 -0.9840449 -0.163029 0.07125413 -0.894369 -0.4345539 -0.1061465 -0.8953571 -0.4347667 -0.09650719 -0.7515571 -0.6525761 -0.09647047 -0.6179162 -0.7847285 0.04879266 -0.3938892 -0.9166786 0.06746739 -0.3934503 -0.9178257 0.05284851 0.2872911 -0.9559822 -0.05968236 0.1604375 -0.9852757 -0.05909156 0.4103312 -0.9100297 -0.05894404 0.5005169 -0.86334 0.06424081 0.7057747 -0.7037638 0.0812323 0.7072893 -0.704103 0.06309354 0.9380717 -0.3434029 -0.04578298 0.8856059 -0.4622309 -0.04522198 0.9751062 -0.2170789 -0.04521965 0.9711608 0.2243795 0.08062624 0.9125883 0.4018218 0.0756424 0.912688 0.4018152 0.07446724 0.8213521 0.5630996 -0.09110206 0.8209006 0.5623108 -0.09964406 0.6464441 0.7564352 -0.09957808 -0.3227565 0.9422161 0.08976173 -0.1958759 0.9762846 0.09220129 -0.1980023 0.9740414 0.1097202 -0.8699754 -0.4828277 -0.1001018 -0.8703782 -0.4831004 -0.09516239 -0.7147676 -0.6926168 -0.0968976 -0.9953249 -0.02613526 0.0929802 -0.9741077 -0.210977 0.08125841 -0.9965797 -0.02542698 0.07862865 -0.8402336 0.5320693 -0.1044512 -0.6728737 0.7323378 -0.1045104 -0.6730042 0.732425 -0.1030486 -0.2783968 0.9561048 0.09142678 -0.4014322 0.9122809 0.0812146 -0.2779566 0.9572103 0.08055198 0.2849447 0.9550905 -0.08129358 0.2853989 0.9538688 -0.09317719 0.4073998 0.909487 -0.0828191 0.6748803 0.7307024 0.1030076 0.6748938 0.7307108 0.1028595 0.8416458 0.5299556 0.1038249 0.99555 -0.05289292 -0.07799166 0.9679608 -0.2377486 -0.08079344 0.968096 -0.2377868 -0.07904309 0.8705522 -0.4827583 0.09530675 0.8708366 -0.4829723 0.09154987 0.7153016 -0.6925442 0.093414 -0.3467034 -0.9351241 0.0730744 -0.3464505 -0.9349007 0.07702481 -0.2215318 -0.9725924 0.07062387 0.3402819 -0.9372702 -0.07571536 0.2150816 -0.9741407 -0.06920927 0.3405522 -0.9375041 -0.07148754 -0.4730358 -0.8766552 0.08782255 -0.4718446 -0.8759953 0.09997439 -0.683413 -0.7231613 0.09992235 -0.9975568 -0.02340435 -0.06582397 -0.9843118 0.1629891 -0.06756389 -0.9840576 0.1629527 -0.07125335 -0.894369 0.4345542 0.1061456 -0.8953574 0.4347669 0.0965026 -0.7515577 0.6525765 0.0964623 -0.6038541 0.7951985 -0.05495041 -0.3774861 0.9231215 -0.07315111 -0.3770815 0.9243491 -0.05821031 0.2874181 0.9563683 0.05244666 0.1605524 0.9856612 0.05191332 0.4104458 0.9104139 0.05177646 0.4918071 0.8682124 -0.06582826 0.6986751 0.7106391 -0.08273565 0.700129 0.711003 -0.06553041 0.9380733 0.3433998 0.04577177 0.8856073 0.462229 0.04521209 0.9751071 0.2170768 0.04520791 0.9711431 -0.2244659 -0.08059978 0.9125562 -0.4019029 -0.07559841 0.9126563 -0.4018962 -0.0744189 0.8213521 -0.5630999 0.09110093 0.8209006 -0.562311 0.0996434 0.646444 -0.7564355 0.09957647 -0.3227358 -0.9422231 -0.08976227 -0.1958545 -0.9762897 -0.09219324 -0.1979805 -0.9740465 -0.1097147 -0.4978412 -0.8631264 -0.08465778 -0.705126 -0.7047126 -0.07859718 -0.7050396 -0.7044552 -0.08162069 -0.8807797 -0.4681606 0.07108318 -0.812388 -0.5788783 0.07018417 -0.934722 -0.348352 0.07032668 -0.9978536 0.04829877 -0.04422271 -0.9712077 0.2332555 -0.04845255 -0.9713208 0.2333249 -0.04577785 -0.8457086 0.5280494 0.07707715 -0.8468796 0.5280242 0.06313157 -0.6810185 0.7295424 0.06310021 -0.6039248 0.7951509 -0.05486267 -0.3775676 0.9230872 -0.07316285 -0.3771603 0.9243114 -0.05829811 0.2874176 0.9563691 0.05243396 0.1605517 0.9856619 0.05190211 0.4104452 0.9104151 0.05176264 0.4917308 0.8682677 -0.06566786 0.6986098 0.7107101 -0.08267796 0.7000591 0.7110664 -0.06558942 0.9702414 0.2321848 0.06871598 0.9320887 0.3558312 0.06778568 0.9924839 0.10194 0.06770539 0.9973178 -0.04835546 -0.05494529 0.9700647 -0.2318057 -0.07239288 0.9707373 -0.2333742 -0.05661892 0.6224393 -0.7826665 0.001606464 0.4025195 -0.9148095 0.03319215 0.3987375 -0.9170635 0.001732409 0.2191305 -0.9705099 0.1004612 0.2218039 -0.9660356 0.1325831 0.4639789 -0.8801289 0.100483 0.04709994 -0.2334507 0.9712274 0.04447537 -0.04844683 0.9978352 0.05963677 -0.2323754 0.9707961 -0.002195179 -0.7930252 0.609185 -0.0287252 -0.9221125 0.3858541 -0.00282973 -0.9236419 0.3832461 -0.07522654 -0.972635 0.2198227 -0.1023375 -0.9697083 0.2217944 -0.07524979 -0.8822759 0.464679 0.07188612 -0.8683043 -0.4907956 0.06648373 -0.7116231 -0.6994087 0.06995952 -0.7113695 -0.6993277 -0.09310793 -0.3588254 -0.9287493 -0.09200555 -0.4784662 -0.8732727 -0.09204858 -0.2351364 -0.9675939 0.07400816 0.1454802 -0.9865893 0.08361983 0.3262461 -0.9415791 0.07104098 0.3270656 -0.9423276 -0.07910847 0.9723 -0.2199423 -0.07119464 0.9728105 -0.220389 -0.07912123 0.881885 -0.4647781 -0.04627466 0.9290594 -0.3670251 -0.003077864 0.9930472 -0.1176761 -0.00241065 0.9690421 -0.2468838 0.02901941 0.6446079 0.7639624 0.04237371 0.6436389 0.7641554 0.04428362 0.8195227 0.5713331 -0.09208905 0.2351399 0.9675891 -0.09316366 0.360897 0.9279407 -0.0920636 0.478506 0.8732447 0.08349388 -0.2576195 0.9626324 0.08209335 -0.07333695 0.9939227 0.09931313 -0.2559915 0.961564 -0.07910299 -0.9723512 0.2197179 -0.0711863 -0.9728618 0.2201647 -0.0791158 -0.8819928 0.4645746 -0.001790642 -0.968168 0.2502948 -0.04675042 -0.9273741 0.371203 -0.002078771 -0.9924997 0.1222299 0.0443564 -0.8194414 -0.5714441 0.02899414 -0.644505 -0.7640501 0.04229128 -0.6435368 -0.7642461 -0.09318143 -0.3588221 -0.9287432 -0.09207898 -0.4784634 -0.8732665 -0.09212034 -0.2351335 -0.9675878 0.09709256 0.2250186 -0.9695049 0.1031457 0.4017428 -0.9099251 0.09142297 0.4024213 -0.9108781 -0.1176178 0.9686985 -0.2186082 -0.1187279 0.9685723 -0.2185666 -0.1176285 0.8782842 -0.4634442 0.1080508 0.9748505 0.1949148 0.1040619 0.9410619 0.3218287 0.1058304 0.9750913 0.1949284 -0.1055253 0.2346547 0.9663341 -0.1068566 0.3606014 0.9265789 -0.1055923 0.4780173 0.8719804 0.08349388 -0.2576185 0.9626327 0.08209347 -0.073336 0.9939228 0.09931319 -0.2559906 0.9615643 -0.07910293 -0.9723514 0.2197169 -0.07118624 -0.9728621 0.2201635 -0.07911598 -0.8819932 0.4645736 -0.001790165 -0.9681681 0.2502945 -0.04674994 -0.9273743 0.3712027 -0.002078294 -0.9924997 0.1222297 0.044357 -0.8194411 -0.5714445 0.02899467 -0.6445046 -0.7640505 0.04229187 -0.6435364 -0.7642462 -0.09318125 -0.3588225 -0.9287431 -0.09207797 -0.4784637 -0.8732664 -0.092121 -0.2351339 -0.9675877 0.09709256 0.2250189 -0.9695049 0.1031456 0.4017432 -0.909925 0.09142291 0.4024217 -0.9108781 -0.1176177 0.9686982 -0.2186092 -0.1187276 0.9685721 -0.2185677 -0.1176282 0.8782837 -0.4634451 0.1080507 0.9748502 0.194916 0.1040618 0.9410615 0.3218299 0.1058303 0.975091 0.1949297 -0.1055252 0.2346546 0.9663342 -0.1069014 0.3605821 0.9265812 -0.1055939 0.478017 0.8719803 0.03823679 -0.2332981 0.9716533 0.03628975 -0.04827427 0.9981747 0.03052389 -0.2330794 0.9719786 -0.03753393 -0.3066734 0.9510745 -0.04246211 -0.3064974 0.9509239 -0.04245561 -0.5423235 0.8390964 0.03501516 -0.7946854 0.6060109 0.03233927 -0.9245389 0.3797131 0.03633683 -0.9244482 0.3795726 -0.05021321 -0.9978178 0.0428763 -0.06049293 -0.997234 0.04318612 -0.05022686 -0.9526371 0.299933 0.07188642 -0.8683041 -0.4907957 0.06648397 -0.7116229 -0.6994088 0.06995975 -0.7113693 -0.6993278 -0.0584051 -0.4670346 -0.8823081 -0.05759125 -0.5793113 -0.8130694 -0.05768418 -0.3487975 -0.9354212 0.05322927 0.1446568 -0.9880492 0.05181682 0.3262735 -0.9438542 0.04991084 0.3262766 -0.9439558 -0.08363413 0.563086 -0.8221555 -0.08088916 0.5632137 -0.8223426 -0.08083313 0.7573885 -0.647942 0.06275236 0.9277809 -0.3678109 0.06538999 0.9912763 -0.1144357 0.06774818 0.9674823 -0.243697 0.01179116 0.6421083 0.7665233 -0.02046638 0.6389379 0.7689861 -0.02271378 0.8161457 0.5773997 -0.0704658 0.7251815 0.6849427 -0.09479081 0.8752651 0.4742635 -0.07049107 0.8780306 0.4733852 0.707107 0 -0.7071067 0.7071065 0 -0.7071071 -0.7071073 0 -0.7071064 -0.7071063 0 -0.7071073 0.04334348 0.9990053 -0.01048308 0.2740295 0.9616753 -0.00941044 0.0433402 0.9990162 -0.009407579 0.01378959 0.9998283 0.01238977 0.01378017 0.999844 0.01105451 -0.2186557 0.9757234 0.01239192 -0.1317384 -0.9824918 0.1317377 -0.06255513 -0.9980396 0.001966655 -0.06835156 -0.9976613 0 -4.71837e-7 1.0228e-5 -1 -5.91389e-5 1.13677e-4 -1 0 -1.51771e-5 -1 1.55481e-5 2.15444e-5 -1 2.62454e-5 0 -1 -2.14026e-5 5.01987e-5 -1 1.18857e-6 0 -1 6.43892e-6 -3.03621e-6 -1 5.10106e-6 -6.05581e-6 -1 -6.12793e-5 -4.94627e-5 -1 3.7712e-6 -4.37292e-5 -1 -7.23933e-6 -5.5864e-5 -1 -6.24509e-5 3.73942e-5 -1 -6.8129e-5 -1.68495e-5 -1 -2.10331e-5 4.16831e-5 -1 7.68846e-6 -4.83599e-6 -1 -9.28817e-5 -1.02878e-5 -1 5.79906e-5 -2.67535e-5 -1 -0.166121 0.9730861 -0.1597099 -4.09772e-4 0.9999988 -0.001565694 0.09855985 0.9793631 0.1764483 3.70973e-4 0.9999992 0.001306235 -0.03400206 0.9920381 0.1212615 -0.003617107 0.9894215 -0.1450249 -7.46718e-4 0.9999989 0.001337826 5.97656e-4 0.9999994 -0.001019358 -0.1407712 0.986835 0.07962614 0.1280565 0.9824734 -0.1354534 0.001670539 0.9999985 -4.34027e-4 -0.005176782 0.9999856 0.00146681 0.002232909 0.9999968 0.001242399 -0.1693668 0.9720124 -0.1628097 -4.09771e-4 0.9999988 -0.001564443 0.1009683 0.9783276 0.1807781 3.70972e-4 0.9999992 0.00130701 -0.03400206 0.9920382 0.1212604 -0.003617107 0.9894215 -0.1450248 -7.46718e-4 0.9999988 0.001338779 5.97657e-4 0.9999994 -0.001019239 -0.1372002 0.9874975 0.07761996 0.1255059 0.9831719 -0.1327455 0.001670539 0.9999985 -4.33394e-4 -0.005176782 0.9999855 0.001465976 0.002232909 0.9999967 0.001242399 -0.9967529 -0.02489864 0.07657575 -0.9951018 -0.02626377 0.09530287 -0.974385 -0.2104603 0.07924878 -0.8992411 -0.4264624 -0.09744501 -0.8992704 -0.4264931 -0.09703892 -0.7571128 -0.6453197 -0.1017001 -0.2827352 -0.9566947 0.0692529 -0.2820457 -0.9562453 0.07775127 -0.1552745 -0.9855123 0.06823068 0.2820453 -0.9562455 -0.07775038 0.1552741 -0.9855124 -0.06822985 0.2827348 -0.956695 -0.06925201 0.7571123 -0.6453201 0.1017004 0.8992408 -0.4264628 0.09744548 0.8992701 -0.4264935 0.0970394 0.9951018 -0.02626311 -0.09530323 0.9743852 -0.2104597 -0.07924926 0.9967529 -0.02489805 -0.07657617 0.7677825 0.6343446 0.09009486 0.577122 0.8123188 0.08407467 0.576747 0.8121393 0.08827644 0.3170819 0.9461451 -0.06533503 0.4376016 0.89766 -0.05207204 0.3160368 0.9473912 -0.05070328 -0.3160364 0.9473914 0.05070245 -0.3170815 0.9461453 0.0653342 -0.4376443 0.8976392 0.05207133 -0.5771217 0.812319 -0.08407467 -0.5767467 0.8121396 -0.0882765 -0.7677822 0.6343449 -0.09009486 -0.4730365 0.8766548 -0.08782291 -0.4718453 0.8759948 -0.09997594 -0.6834137 0.7231608 -0.09992116 -0.9975568 0.02340328 0.06582438 -0.9843116 -0.1629903 0.06756418 -0.9840575 -0.1629538 0.07125353 -0.8943689 -0.4345544 -0.106146 -0.8953575 -0.4347671 -0.0965023 -0.7515575 -0.6525766 -0.09646332 -0.6038545 -0.7951983 0.05495035 -0.3774865 -0.9231213 0.07315111 -0.3770818 -0.9243489 0.05821049 0.2874209 -0.9563674 -0.05244642 0.1605529 -0.9856612 -0.0519132 0.4104462 -0.9104137 -0.0517767 0.4918065 -0.8682127 0.06582838 0.6986746 -0.7106396 0.08273565 0.7001284 -0.7110035 0.06553035 0.9380735 -0.3433993 -0.04577183 0.8856076 -0.4622285 -0.04521232 0.9751073 -0.2170763 -0.04520773 0.9711433 0.2244649 0.08059912 0.9125568 0.401902 0.07559788 0.9126567 0.4018954 0.07441842 0.8213521 0.5630998 -0.09110069 0.8209008 0.5623109 -0.09964233 0.6464441 0.7564354 -0.09957706 -0.322736 0.9422231 0.08976203 -0.1958547 0.9762896 0.092193 -0.1979807 0.9740464 0.1097143 -0.5874968 0.8090244 0.01808708 -0.7711356 0.6335527 0.06293678 -0.7768294 0.6294258 0.01895284 -0.9026641 -0.426675 -0.05608975 -0.9063887 -0.4221338 -0.01621037 -0.766288 -0.6423081 -0.01559197 -0.9229357 -0.3822968 -0.04515331 -0.7976294 -0.6031476 5.60594e-4 -0.7926687 -0.6083841 -0.03930753 -0.1988793 -0.9791282 0.04189318 -0.1978857 -0.9787613 0.05355012 -0.06938385 -0.9966925 0.04230755 0.1978863 -0.9787612 -0.0535503 0.06938439 -0.9966925 -0.04230779 0.1988798 -0.9791281 -0.04189336 0.7976287 -0.6031488 -5.61186e-4 0.7926679 -0.6083853 0.03930693 0.9229352 -0.3822981 0.0451526 0.7662878 -0.6423084 0.0155918 0.902664 -0.4266752 0.05608969 0.9063886 -0.422134 0.01621037 0.7711358 0.6335523 -0.0629369 0.7768297 0.6294255 -0.0189529 0.5874971 0.8090241 -0.0180872 0.7393563 0.673211 0.01179701 0.5447956 0.8367044 0.05588799 0.5399488 0.8415507 0.01574808 -0.5447962 0.836704 -0.05588805 -0.5399494 0.8415503 -0.01574814 -0.7393569 0.6732105 -0.01179701 -0.4978421 0.863126 0.08465784 -0.7051267 0.7047119 0.07859718 -0.7050403 0.7044546 0.08162069 -0.8807785 0.4681628 -0.07108378 -0.8123883 0.5788777 -0.07018435 -0.9347222 0.3483514 -0.0703265 -0.9978535 -0.04829883 0.04422283 -0.9712076 -0.2332555 0.04845261 -0.9713207 -0.233325 0.04577779 -0.8457086 -0.5280494 -0.07707732 -0.8468796 -0.5280242 -0.06313157 -0.6810185 -0.7295424 -0.06310039 -0.6039246 -0.7951511 0.05486249 -0.3775673 -0.9230872 0.07316285 -0.3771601 -0.9243114 0.05829828 0.2874206 -0.9563683 -0.0524336 0.1605524 -0.9856618 -0.05190205 0.4104458 -0.9104148 -0.05176264 0.4917309 -0.8682675 0.06566804 0.69861 -0.7107098 0.08267796 0.7000594 -0.7110661 0.06558936 0.9702413 -0.2321854 -0.06871646 0.9320886 -0.3558312 -0.06778675 0.9924839 -0.10194 -0.06770467 0.9973177 0.04835689 0.05494564 0.9700644 0.2318071 0.07239323 0.9707369 0.2333756 0.05661916 0.6224397 0.7826662 -0.001606583 0.40252 0.9148092 -0.03319221 0.398738 0.9170634 -0.001732289 0.219131 0.9705097 -0.100462 0.2218045 0.9660355 -0.1325833 0.4639794 0.8801288 -0.1004821 0.8785192 0.4673386 0.09898829 0.8103103 0.5777762 0.0978375 0.9326524 0.3472542 0.0978474 0.9981523 0.02342355 -0.0560677 0.9842909 -0.1623964 -0.06927376 0.9846966 -0.1629262 -0.06186836 0.8457096 -0.5280488 0.07707029 0.8468794 -0.5280241 0.06313502 0.6810185 -0.7295423 0.06310123 0.6038553 -0.7951976 -0.05495035 0.3774875 -0.9231209 -0.07315111 0.3770829 -0.9243485 -0.05821031 -0.2874168 -0.9563685 0.05244845 -0.1605512 -0.9856613 0.05191504 -0.4104445 -0.9104143 0.05177825 -0.4918067 -0.8682125 -0.06582742 -0.6986749 -0.7106395 -0.08273482 -0.7001288 -0.7110033 -0.06552958 -0.9702371 -0.232169 0.06882816 -0.932084 -0.355831 0.06785082 -0.9924793 -0.1019399 0.06777226 -0.9669923 0.2258167 -0.1180376 -0.9068814 0.4021803 -0.125766 -0.9082175 0.4031659 -0.1122421 -0.2172522 0.9654319 0.1440232 -0.2171822 0.9652156 0.1455711 -0.4621009 0.875052 0.1440369 0.319954 0.9388433 -0.12729 0.193008 0.972706 -0.1288063 0.1929789 0.9723098 -0.1318052 0.4978414 0.8631264 -0.08465725 0.7051261 0.7047126 -0.07859671 0.7050398 0.7044551 -0.08162021 0.8807821 0.468156 0.071083 0.812389 0.5788769 0.07018435 0.9347226 0.3483504 0.07032746 0.9978538 -0.04829508 -0.04422229 0.9712085 -0.2332518 -0.04845231 0.9713217 -0.2333213 -0.04577744 0.8457079 -0.5280506 0.0770775 0.8468788 -0.5280253 0.06313174 0.6810176 -0.7295433 0.06310039 0.6039251 -0.7951508 -0.0548622 0.377568 -0.9230871 -0.07316237 0.3771607 -0.9243113 -0.05829763 -0.2874191 -0.9563686 0.05243408 -0.1605532 -0.9856616 0.05190426 -0.4104465 -0.9104144 0.05176067 -0.4917309 -0.8682674 -0.06566905 -0.69861 -0.7107098 -0.08267939 -0.7000592 -0.7110661 -0.06559062 -0.9702419 -0.232169 0.068762 -0.9320886 -0.3558315 0.06778603 -0.9924837 -0.1019404 0.06770658 -0.9973176 0.04835832 -0.05494624 -0.970064 0.2318084 -0.07239383 -0.9707366 0.233377 -0.05661964 -0.6224398 0.7826662 0.001607477 -0.4025202 0.9148092 0.03319317 -0.398738 0.9170634 0.001733124 -0.2191312 0.9705096 0.1004623 -0.2218048 0.9660354 0.1325836 -0.4639796 0.8801286 0.1004824 0.05134117 -0.1626111 0.9853537 0.04495996 0.02372777 0.9987071 0.06739515 -0.1606445 0.9847087 -0.002256453 -0.7927522 0.6095399 -0.02850568 -0.9219466 0.3862667 -0.002403616 -0.9234715 0.3836597 -0.07524907 -0.9726334 0.2198227 -0.1023651 -0.9697052 0.2217951 -0.07527232 -0.882274 0.464679 0.07202398 -0.86825 -0.4908713 0.06651538 -0.711556 -0.699474 0.06988191 -0.7113093 -0.6993967 -0.09321224 -0.3588392 -0.9287335 -0.09206378 -0.4785055 -0.873245 -0.0921086 -0.2351335 -0.9675889 0.09708267 0.225108 -0.9694852 0.1031191 0.4018276 -0.9098907 0.09139126 0.4025055 -0.9108442 -0.1176173 0.9686984 -0.2186088 -0.1187271 0.9685723 -0.2185673 -0.1176275 0.878284 -0.4634448 0.1080388 0.974857 0.1948887 0.1040585 0.9410864 0.3217581 0.1058149 0.9750981 0.1949024 -0.1055081 0.2346551 0.9663359 -0.1068385 0.3605985 0.926582 -0.1055788 0.4779756 0.8720049 0.04712587 -0.233354 0.9712493 0.04445672 -0.04834848 0.9978407 0.05964654 -0.2322784 0.9708188 -0.002195298 -0.7930265 0.6091832 -0.0287252 -0.9221135 0.3858519 -0.00282979 -0.9236428 0.383244 -0.0752263 -0.9726351 0.219823 -0.1023373 -0.9697083 0.2217948 -0.07524955 -0.8822758 0.4646793 0.07188451 -0.8683048 -0.4907948 0.06648385 -0.7116239 -0.6994079 0.0699616 -0.7113701 -0.6993269 -0.09310728 -0.3588247 -0.9287497 -0.09200489 -0.4784656 -0.8732731 -0.09204792 -0.2351357 -0.9675942 0.04497921 0.04847455 -0.9978112 0.05963391 0.2324146 -0.9707869 0.04663598 0.2334947 -0.971239 -0.001868605 0.782768 -0.6223109 -0.02777105 0.9155728 -0.4011923 -0.001209914 0.9171323 -0.3985812 -0.08170843 0.9721015 -0.2198693 -0.1088891 0.9689948 -0.2217933 -0.08173131 0.8816857 -0.4647047 0.06377226 0.7044692 0.7068638 0.06624889 0.7042938 0.7068108 0.06933194 0.8633152 0.49988 -0.09210389 0.2351386 0.9675881 -0.09317833 0.360895 0.92794 -0.0920785 0.4785048 0.8732439 0.05134075 -0.1626113 0.9853536 0.0449596 0.02372765 0.9987071 0.06739479 -0.1606447 0.9847087 -0.002256274 -0.792752 0.6095402 -0.02850544 -0.9219464 0.386267 -0.002403438 -0.9234713 0.38366 -0.07524871 -0.9726333 0.2198227 -0.1023648 -0.9697054 0.2217952 -0.07527196 -0.882274 0.464679 0.0720238 -0.8682501 -0.4908711 0.0665152 -0.7115561 -0.6994739 0.06988173 -0.7113094 -0.6993966 -0.09316784 -0.3588255 -0.9287433 -0.09206432 -0.4785053 -0.8732451 -0.0921092 -0.2351332 -0.9675889 0.09708207 0.2251079 -0.9694853 0.1031186 0.4018274 -0.9098908 0.09139066 0.4025052 -0.9108443 -0.1176173 0.9686982 -0.2186094 -0.1187272 0.9685721 -0.218568 -0.1176278 0.8782836 -0.4634454 0.1080387 0.974857 0.1948887 0.1040584 0.9410864 0.3217581 0.1058148 0.9750981 0.1949024 -0.1055087 0.2346547 0.966336 -0.1068402 0.3606004 0.9265812 -0.1055774 0.4780173 0.8719822 0.04712605 -0.2333555 0.9712489 0.04445683 -0.04835003 0.9978407 0.05964666 -0.2322798 0.9708185 -0.002195119 -0.7930265 0.6091832 -0.0287252 -0.9221135 0.3858519 -0.00282967 -0.9236428 0.383244 -0.07522726 -0.972635 0.2198228 -0.1023377 -0.9697083 0.2217946 -0.07524913 -0.8822759 0.4646793 0.07188439 -0.868305 -0.4907944 0.06648379 -0.7116242 -0.6994076 0.06996142 -0.7113703 -0.6993266 -0.0931074 -0.3588249 -0.9287496 -0.09200501 -0.4784657 -0.873273 -0.09204804 -0.2351359 -0.9675941 0.04497927 0.04847538 -0.9978111 0.05963397 0.2324154 -0.9707868 0.04663604 0.2334956 -0.9712389 -0.001868784 0.7827688 -0.6223099 -0.02777129 0.9155734 -0.4011911 -0.001210153 0.9171328 -0.39858 -0.08170837 0.9721017 -0.2198684 -0.1088888 0.968995 -0.2217925 -0.08173102 0.8816861 -0.464704 0.06377226 0.7044686 0.7068642 0.06624883 0.7042933 0.7068113 0.06933188 0.8633149 0.4998806 -0.09210246 0.2351385 0.9675883 -0.09317666 0.3608924 0.9279412 -0.09208047 0.4784626 0.8732667 -0.02893209 0.2330979 0.9720229 -0.0265944 0.04807013 0.9984899 -0.0298804 0.2330794 0.9719985 0.05544555 0.5649711 0.8232457 0.04384124 0.5649215 0.8239793 0.04381138 0.7590629 0.6495414 -0.02856767 0.7945131 0.6065748 -0.04459828 0.9236448 0.3806459 -0.03190916 0.9243561 0.3801943 0.05698746 0.8774617 -0.4762495 0.03037238 0.8797511 -0.4744635 0.03036528 0.7269293 -0.6860407 0.02109402 0.865563 -0.5003557 -0.0110467 0.7092136 -0.7049071 0.01991444 0.7065957 -0.7073373 -0.03316849 -0.1437522 -0.9890578 -0.0244252 -0.3251855 -0.9453347 -0.029765 -0.325405 -0.9451063 0.01159292 -0.3074815 -0.9514835 0.02553868 -0.3066412 -0.9514825 0.02553647 -0.5424796 -0.8396808 0.00257492 -0.9990614 -0.04324239 -0.01720833 -0.9988507 -0.04473763 0.002577543 -0.9538438 -0.3002926 0.03508913 -0.928946 -0.3685488 0.00281769 -0.9930492 -0.1176669 0.001111507 -0.9690678 -0.2467925 -0.02142369 -0.64359 0.7650706 -0.03155738 -0.6430324 0.7651885 -0.03314644 -0.8191689 0.5725939 0.0435211 -0.3489673 0.9361238 0.04397326 -0.4688107 0.8822035 0.04346722 -0.5795257 0.813794 -0.0628575 0.2572314 0.9643034 -0.06140875 0.07292377 0.9954453 -0.07485967 0.2562769 0.9637002 0.05929553 0.9736527 0.2201918 0.05305218 0.9739516 0.2204622 0.05930209 0.8832963 0.4650493 6.26905e-4 0.9682042 0.2501604 0.03545385 0.927258 0.3727408 0.002026379 0.9925125 0.1221269 -0.03322201 0.8190959 -0.572694 -0.02140766 0.6434966 -0.7651495 -0.0314781 0.6429399 -0.7652695 0.07029557 0.3597744 -0.9303876 0.0694788 0.479137 -0.874986 0.06950509 0.2358232 -0.9693072 -0.07355254 -0.2240644 -0.9717949 -0.07758122 -0.4011328 -0.9127287 -0.06799423 -0.4015219 -0.9133219 0.08806705 -0.9715905 -0.2196726 0.08875477 -0.9715324 -0.2196532 0.08807486 -0.8811776 -0.4645092 -0.081191 -0.9770767 0.1967971 -0.07786625 -0.9429679 0.3236486 -0.07983112 -0.9771881 0.1968005 0.07954394 -0.2355532 0.9686008 0.0804879 -0.3611519 0.929027 0.07957106 -0.4788627 0.8742763 -0.02893131 0.233096 0.9720233 -0.0265935 0.04806822 0.99849 -0.02987968 0.2330775 0.9719991 0.05544579 0.5649718 0.8232452 0.04384213 0.5649223 0.8239786 0.04381084 0.7590634 0.6495408 -0.02856755 0.7945135 0.6065743 -0.04459822 0.923645 0.3806453 -0.03190904 0.9243564 0.3801937 0.05698722 0.8774617 -0.4762496 0.03037101 0.8797512 -0.4744636 0.03036636 0.7269293 -0.6860407 0.02109402 0.8655635 -0.5003548 -0.01104664 0.7092144 -0.7049064 0.01991438 0.7065964 -0.7073366 -0.03316843 -0.1437522 -0.9890578 -0.02442508 -0.3251855 -0.9453347 -0.02976489 -0.3254049 -0.9451063 0.01159363 -0.3074826 -0.9514831 0.0255413 -0.3066423 -0.9514822 0.02553528 -0.5424806 -0.8396802 0.002575814 -0.9990615 -0.04323917 -0.01720869 -0.9988507 -0.04473423 0.002576053 -0.9538447 -0.3002895 0.03508919 -0.928944 -0.3685538 0.00281769 -0.9930486 -0.117672 0.001111567 -0.9690665 -0.2467974 -0.02142387 -0.6435931 0.7650679 -0.0315575 -0.6430354 0.7651861 -0.03314656 -0.8191711 0.5725907 0.04352188 -0.3490075 0.9361088 0.04401946 -0.4687949 0.8822095 0.04346698 -0.5795216 0.8137969 -0.05191808 0.257016 0.9650115 -0.0509743 0.07268863 0.9960512 -0.04872828 0.2569944 0.9651837 0.01157009 0.3075944 0.9514473 0.02551901 0.3067539 0.9514468 0.02551734 0.5425791 0.8396171 0.002580642 0.9990682 0.04308444 -0.01720118 0.9988577 0.04457938 0.002583801 0.9538911 0.3001416 6.27315e-4 0.9682046 0.2501587 0.03545427 0.9272587 0.3727391 0.002026796 0.9925127 0.1221251 -0.03322219 0.8190938 -0.5726969 -0.02140778 0.6434939 -0.7651519 -0.03147828 0.6429372 -0.7652719 0.04400306 0.4676448 -0.8828206 0.04345196 0.5796632 -0.8136969 0.04350507 0.3491678 -0.9360498 -0.05059117 -0.2229701 -0.9735116 -0.04631614 -0.4004911 -0.9151294 -0.0447753 -0.4004762 -0.9152126 0.05501902 -0.5645028 -0.8235955 0.06073749 -0.5641738 -0.823419 0.06069332 -0.7583482 -0.6490181 0.06170243 -0.7256584 0.6852829 0.05360859 -0.8787671 0.4742304 0.06173801 -0.8785064 0.4737247 -0.0679931 -0.9775885 0.1992427 -0.05429238 -0.9441167 0.3251096 -0.05684822 -0.9784891 0.1983116 0.7071069 0 -0.7071067 0.7071065 0 -0.7071071 0.002664268 -0.9999898 0.003660738 0.002865076 -0.9999403 0.01055377 0.2346817 -0.9720654 0.003661096 0.2868926 -0.9579213 -0.008925497 0.05689752 -0.9983766 -0.002673745 0.287059 -0.9579093 -0.002669215 6.42355e-5 1 -2.32165e-4 0 1 -1.16631e-6 6.37028e-5 1 -4.80537e-5 0 1 8.88042e-5 -2.77431e-4 0.9999998 -6.48458e-4 2.27917e-5 1 7.66875e-5 2.07371e-4 1 1.10005e-4 -1.24019e-4 1 1.99301e-4 -1.4755e-4 1 -2.1559e-4 -1.8529e-4 1 -2.49647e-5 -7.2213e-5 1 -2.70488e-5 5.43116e-5 1 0 -3.76127e-4 1 2.85155e-4 -2.3225e-4 1 1.76868e-4 3.86945e-5 1 6.74493e-5 0 1 8.45321e-7 1.29443e-4 1 3.71911e-6 -1.61225e-4 1 1.7788e-4 -5.53792e-5 1 5.98565e-5 -5.21434e-5 1 -7.57776e-5 5.0839e-4 0.9999999 2.94257e-4 -5.69937e-4 0.9999999 -2.21656e-4 4.95678e-4 0.9999999 6.89191e-5 -7.18541e-5 1 0 5.94936e-4 0.9999999 -2.78733e-4 -4.56743e-4 1 1.29923e-4 2.48122e-4 1 -3.16439e-4 3.95477e-4 1 -2.61088e-4 -7.18543e-5 1 0 6.96374e-4 0.9999998 -2.74938e-4 0 1 -8.79293e-5 2.64906e-4 0.9999995 9.8147e-4 -6.14664e-5 -1 -1.80986e-4 0 -1 -6.85317e-7 -7.12475e-5 -1 -3.36909e-5 2.73647e-4 -0.9999998 -7.45762e-4 0 -1 8.88042e-5 -3.29323e-4 -1 9.10183e-6 -1.8539e-4 -1 1.48379e-4 -1.90969e-5 -1 7.93557e-5 5.03618e-5 -1 6.85143e-5 5.2374e-4 -0.9999999 -1.47671e-4 -5.83188e-4 -0.9999999 2.5237e-4 1.47718e-4 -1 -3.71912e-6 -2.38842e-4 -1 -1.90388e-4 1.05594e-4 -1 -2.90089e-5 -7.23531e-5 -1 0 4.12292e-4 -1 2.42384e-4 2.99082e-4 -1 9.79803e-5 0 -1 -8.88544e-5 -2.67899e-4 -0.9999997 8.85092e-4 5.39371e-5 -1 0 -0.001246929 -0.9999993 -2.5409e-4 1.61148e-4 -1 -1.90466e-4 5.1533e-5 -1 -6.04984e-5 -2.21567e-4 -1 -1.92451e-4 2.81934e-4 -1 2.10677e-4 1.39715e-4 -1 1.90491e-4 -4.30758e-4 -1 3.57755e-4 1.20938e-4 -1 -3.74815e-6 -1.29467e-4 -1 3.13674e-6 1.53365e-4 -1 5.19065e-5 -5.20876e-4 -0.9999999 -2.71322e-4 0.06614327 -0.1843305 0.9806362 0.06553912 -0.311317 0.9480435 0.06517547 -0.05487269 0.9963639 -0.1031337 0.08919906 0.9906599 -0.1206464 0.2157877 0.9689583 -0.1049508 0.2180264 0.9702834 0.1412271 0.7534818 0.6421216 0.1194374 0.7546836 0.645126 0.1194161 0.8967279 0.4261676 -0.07625865 0.9676647 0.2404365 -0.04140388 0.9305945 0.3637028 -0.07670289 0.9908189 0.1113315 0.01975458 0.7542095 -0.6563367 0.06484663 0.5632274 -0.8237536 0.02547699 0.558608 -0.8290405 0.05795824 0.5991757 -0.798517 0.02937412 0.7448276 -0.6666103 0.02974158 0.5468908 -0.8366756 0.01173347 -0.5186179 -0.8549256 -0.01061707 -0.456013 -0.8899099 -0.01099228 -0.6707592 -0.7415937 -0.02954483 -0.5191761 -0.8541565 -0.06496125 -0.6680628 -0.7412639 -0.03278857 -0.6733093 -0.7386336 -0.07234829 -0.9328444 0.3529409 -0.05391532 -0.9327711 0.3564144 -0.04980796 -0.9714609 0.2319113 0.02346569 -0.9549354 0.2958849 0.02416831 -0.9854077 0.1684864 0.02396404 -0.9989654 0.03865242 0.07051527 -0.1837648 0.9804378 0.06978332 -0.3111751 0.9477872 0.06946593 -0.05468046 0.9960846 -0.09750258 0.1082827 0.9893272 -0.1132679 0.2348221 0.9654166 -0.09889584 0.2367099 0.966534 0.1419121 0.7523661 0.6432778 0.1196061 0.7535954 0.6463657 0.1196542 0.8959956 0.4276385 -0.07533007 0.9672933 0.2422173 -0.04021883 0.9299951 0.365365 -0.07589542 0.990669 0.1132036 0.01853632 0.7536618 -0.6570011 0.06407999 0.5625885 -0.82425 0.02429658 0.5579169 -0.8295411 0.05727994 0.6001511 -0.7978332 0.0294032 0.7457407 -0.6655872 0.02978163 0.5479946 -0.8359516 0.01166456 -0.5186512 -0.8549064 -0.01068967 -0.4560454 -0.8898923 -0.0110659 -0.6707864 -0.741568 -0.04280042 -0.5365431 -0.8427869 -0.07761907 -0.6829567 -0.7263233 -0.04602712 -0.6882118 -0.7240484 -0.07182765 -0.9029836 0.4236291 -0.07013595 -0.9509276 0.3013597 -0.06641429 -0.9511057 0.301641 0.04107838 -0.9544002 0.2956908 0.04189437 -0.9848299 0.1683894 0.04150748 -0.9983975 0.03846693 0.07066762 -0.1837552 0.9804286 0.06998133 -0.3111708 0.947774 0.06966561 -0.05467599 0.996071 -0.09784495 0.11018 0.9890839 -0.1133285 0.2366979 0.9649512 -0.09882342 0.238574 0.9660831 0.1417427 0.7524159 0.643257 0.1195151 0.7536429 0.646327 0.1195635 0.8960303 0.4275915 -0.07560044 0.9674901 0.2413453 -0.04050064 0.930305 0.3645441 -0.07603538 0.9907598 0.1123107 0.01885253 0.7533459 -0.6573542 0.06444346 0.5621964 -0.8244892 0.02460241 0.557518 -0.8298004 0.0573281 0.6000799 -0.7978833 0.02944272 0.7456474 -0.6656901 0.02981954 0.5479177 -0.8360005 0.01168763 -0.5186581 -0.8549019 -0.01067751 -0.4560496 -0.8898904 -0.01105397 -0.6707897 -0.7415653 -0.04351711 -0.537339 -0.842243 -0.07822918 -0.6835994 -0.7256529 -0.04657042 -0.6888635 -0.7233936 -0.07214003 -0.9026678 0.4242487 -0.06977325 -0.9507384 0.3020401 -0.06639963 -0.9508965 0.302303 0.04147791 -0.9543538 0.2957844 0.0423054 -0.9846996 0.1690472 0.04191416 -0.9983767 0.03856498 0.07051599 -0.1837629 0.9804381 0.06978398 -0.3111732 0.9477877 0.06946665 -0.05467855 0.9960847 -0.09740185 0.108079 0.9893593 -0.1131752 0.2346222 0.965476 -0.0987994 0.2365109 0.9665927 0.1418392 0.7524171 0.6432343 0.1194903 0.7536447 0.6463296 0.1195388 0.8960322 0.4275943 -0.07534325 0.967218 0.2425135 -0.04022771 0.9298835 0.3656478 -0.07590365 0.9906337 0.1135051 0.01846498 0.7536373 -0.6570311 0.06401598 0.56256 -0.8242744 0.02422451 0.5578861 -0.829564 0.05725961 0.6001141 -0.7978625 0.0294016 0.7456796 -0.6656558 0.02978092 0.5479578 -0.8359758 0.01168006 -0.5186152 -0.854928 -0.01069045 -0.4560059 -0.8899126 -0.01108545 -0.6707528 -0.7415982 -0.04279935 -0.5365337 -0.8427928 -0.07761812 -0.6829483 -0.7263313 -0.04602617 -0.6882036 -0.7240562 -0.07182747 -0.9029584 0.4236828 -0.07013708 -0.9509096 0.3014161 -0.06641829 -0.9510874 0.3016976 0.04108023 -0.9544101 0.2956582 0.04190546 -0.9848505 0.1682661 0.04150533 -0.9983989 0.03843301 0.0657615 0.2051577 -0.9765172 0.06891596 0.2051248 -0.9763066 0.06716817 0.3316133 -0.9410213 -0.1187071 0.7562403 -0.6434355 -0.09273242 0.7568464 -0.646981 -0.09271371 0.8989743 -0.4280765 -0.0077762 0.8650772 -0.5015784 0.04126477 0.9636477 -0.2639704 0.03811579 0.92096 -0.3877887 0.01949501 0.8168437 0.5765296 -0.01709532 0.6434171 0.765325 0.01483887 0.6398895 0.7683237 -0.08156919 0.5971524 0.7979696 -0.0560339 0.7440679 0.6657502 -0.05632686 0.5460851 0.835834 0.04702287 -0.3375931 0.940117 0.0411182 -0.4573909 0.8883147 0.0468707 -0.4576383 0.8879023 -0.04555642 -0.5162327 0.8552359 -0.05112636 -0.4553782 0.888829 -0.05145967 -0.6701019 0.7404832 -0.07434028 -0.9524065 -0.2956275 -0.075167 -0.9828093 -0.1686294 -0.07423365 -0.9965013 -0.0384019 0.07119572 -0.9401685 0.3331883 0.04581052 -0.9957011 0.08050411 0.04766291 -0.9763773 0.2107504 0.09570199 -0.6270613 -0.7730687 0.08948129 -0.6274101 -0.7735307 0.08967757 -0.8068056 -0.5839716 -0.08194303 -0.05481243 -0.9951287 -0.0830276 -0.1856561 -0.9791008 -0.08199948 -0.311276 -0.9467753 -0.06534188 0.5155504 -0.8543642 -0.05215513 0.4553811 -0.8887677 -0.05202168 0.6701138 -0.7404332 0.03347134 0.652033 -0.7574515 0.05586814 0.783025 -0.6194761 0.03400242 0.7852305 -0.6182693 -0.03545624 0.9960904 0.08091253 -0.03513276 0.9981378 -0.04986661 -0.03481125 0.9770296 0.2102418 0.05220788 0.9733946 0.2231082 0.05061864 0.9734655 0.2231657 0.05234128 0.9360054 0.3480726 -0.06044155 0.4658085 0.882819 -0.06313288 0.63301 0.771565 -0.06297463 0.4113504 0.9092992 0.07851517 0.2616291 0.9619697 0.07823318 0.2616311 0.9619922 0.07865518 0.1335504 0.9879158 -0.08174204 -0.5148121 0.8533973 -0.06902205 -0.4548184 0.8879055 -0.06889539 -0.669548 0.7395667 0.05910843 -0.6998115 0.711878 0.08295625 -0.8580563 0.5068114 0.06011682 -0.8603661 0.5061188 -0.04203402 -0.9768112 -0.2099359 -0.04273551 -0.9958789 -0.07999318 -0.04224473 -0.9978463 0.0501827 0.05831736 -0.95613 -0.2870792 0.05769014 -0.9101787 -0.4101788 0.05647683 -0.9562276 -0.2871225 -0.075585 -0.4110736 -0.9084633 -0.07581019 -0.465267 -0.8819182 -0.07568567 -0.6327057 -0.770685 0.08534413 -0.06996434 -0.993892 0.07603979 -0.06909728 -0.9947078 0.07213336 -0.1987131 -0.9773996 -0.1010404 0.5132779 -0.8522539 -0.09475618 0.4535856 -0.8861611 -0.09478688 0.6683117 -0.7378177 0.09427446 0.8225127 -0.5608792 0.08947694 0.940416 -0.3280425 0.09099841 0.8889757 -0.4488224 -0.06202828 0.9947092 0.08189153 -0.06117784 0.9968779 -0.04991847 -0.06124782 0.9757408 0.2101872 0.0511161 0.8867952 0.4593274 0.05052548 0.7375267 0.6734253 0.04929208 0.7375842 0.6734536 -0.05921852 0.4655581 0.8830339 -0.05483824 0.633231 0.7720177 -0.054802 0.41156 0.9097337 0.06731408 0.1958326 0.9783243 0.06781977 0.1958214 0.9782916 0.06545305 0.06631827 0.9956495 -0.08165401 -0.5148113 0.8534062 -0.06894695 -0.454818 0.8879116 -0.06882059 -0.6695483 0.7395735 0.05984312 -0.700385 0.7112523 0.08321642 -0.8584797 0.5060512 0.06004798 -0.8608028 0.5053839 -0.04221093 -0.9767853 -0.2100211 -0.04282629 -0.995848 -0.08033037 -0.04242849 -0.9978429 0.05009567 0.05838066 -0.9559044 -0.2878168 0.057949 -0.9098674 -0.4108324 0.05630189 -0.9560135 -0.2878686 -0.07565951 -0.4110261 -0.9084786 -0.0759195 -0.4652176 -0.8819348 -0.07576107 -0.6327019 -0.7706806 0.1161953 0.02628916 -0.9928785 0.1078107 0.02684545 -0.993809 0.1073649 -0.1038817 -0.9887777 -0.06534284 0.5155498 -0.8543645 -0.05215597 0.4553804 -0.888768 -0.05202251 0.6701132 -0.7404336 0.03346848 0.6520349 -0.7574499 0.05585551 0.7829982 -0.6195113 0.03399997 0.7852025 -0.6183051 -0.03545409 0.9961004 0.08078992 -0.03512579 0.9981377 -0.04987454 -0.03480434 0.9770314 0.2102342 0.05220925 0.9733865 0.2231436 0.05062139 0.9734572 0.223201 0.05234098 0.935976 0.3481516 -0.06043988 0.4657726 0.882838 -0.06313562 0.6330154 0.7715604 -0.06297576 0.4113131 0.9093161 0.07851463 0.2616251 0.9619708 0.07823258 0.261627 0.9619933 0.07865458 0.1335463 0.9879165 -0.08174234 -0.5148139 0.8533961 -0.06904149 -0.4548191 0.8879037 -0.06889569 -0.6695496 0.7395653 0.05910998 -0.6998095 0.7118797 0.08295762 -0.8580548 0.5068137 0.06011784 -0.8603647 0.506121 -0.04203075 -0.9768114 -0.209936 -0.04273223 -0.9958791 -0.0799933 -0.04224145 -0.9978464 0.05018258 0.05831831 -0.956147 -0.2870227 0.05769103 -0.9102029 -0.4101252 0.05647641 -0.9562445 -0.2870662 -0.07558447 -0.4110736 -0.9084632 -0.07580971 -0.465267 -0.8819181 -0.0756852 -0.6327058 -0.7706848 0.08534359 -0.06996071 -0.9938923 0.07603931 -0.06909364 -0.9947081 0.07213318 -0.1987096 -0.9774003 -1 -1.94185e-5 -4.71514e-6 -1 -5.80273e-6 -1.33656e-5 -0.9999833 -0.005198776 -0.002548217 -1 3.10309e-6 -7.44856e-6 -0.9999896 0.004525244 -6.54024e-4 -0.9999992 -4.57909e-4 -0.001186192 -0.9998652 -0.01191514 -0.01130819 -0.9999929 5.51437e-4 -0.003727138 -1 2.03768e-5 -5.77669e-6 -0.9996622 0.02598661 -4.93448e-4 -0.9993653 -0.03561455 -7.79536e-4 -1 1.04721e-6 0 -1 0 0 -1 2.20518e-7 0 -1 -1.53909e-7 0 -1 0 1.48914e-7 -1 0 0 -1 0 0 -1 1.9863e-7 0 -1 1.03835e-6 0 -1 3.29043e-7 0 -1 -1.40402e-7 0 -1 0 0 -1 0 0 -1 0 0 -0.999993 0.002682566 -0.002623736 -0.9999976 0.001296103 -0.001764178 -1 0 0 -1 2.68607e-7 0 -1 0 0 -5.3711e-6 1.99282e-6 1 -1.07435e-5 1.23379e-6 1 -6.53491e-5 6.66453e-5 1 0 3.82482e-6 1 2.97514e-5 -3.9286e-5 1 0 -3.12927e-6 1 -2.70771e-5 3.68705e-5 1 -2.63065e-6 -6.14276e-6 1 5.06022e-6 0 1 2.31871e-5 -4.90018e-6 1 4.52752e-5 -1.68344e-5 1 5.97586e-5 -6.07523e-5 1 -1.31453e-7 3.76736e-6 1 -2.08633e-5 3.62507e-6 1 -3.9335e-5 1.5089e-5 1 -4.80058e-6 0 1 0.9999889 -0.004319608 -0.001895844 0.9999989 -1.92526e-4 -0.001533925 1 -8.45401e-6 -5.98774e-6 0.9998653 0.01192802 -0.01128035 1 1.17834e-5 -1.61805e-5 1 -1.91709e-6 -7.6824e-6 1 2.22131e-6 0 1 6.8233e-6 -5.47198e-6 0.9998815 0.01538896 -3.1389e-4 1 -1.59647e-6 0 0.999993 -0.003255367 -0.001866161 0.9999937 0.003464519 -8.29209e-4 1 6.86894e-7 0 0.9999656 -0.008297502 -2.9241e-4 0.999544 -0.03019797 -9.46117e-5 1 -8.13548e-7 0 1 -2.254e-6 0 1 3.78847e-7 0 0.9999983 -0.001647114 -9.23471e-4 1 -2.13006e-7 0 1 4.68438e-7 0 1 -6.10787e-7 0 1 -1.96524e-7 0 1 2.51055e-6 0 0.9999991 1.30926e-5 -0.001412093 0.003186881 0.9999899 0.003180801 0.01682341 0.9998564 -0.002063274 0.002418518 0.9999746 -0.006709098 -6.22784e-6 1 -2.61527e-5 0.002546787 0.9999926 0.002895891 -0.003769814 0.9999921 -0.001305282 -0.002774238 0.9999958 -8.93128e-4 -9.54745e-4 0.9999997 -6.09455e-5 -0.007144391 0.9999745 -2.88622e-4 -0.003959596 0.9999921 -5.9666e-4 0.01647484 0.9997722 -0.01357251 0.001693964 0.9999986 -8.75394e-5 0.001670539 0.9999986 -8.81425e-5 9.53955e-4 0.9999996 -6.25198e-5 1.3135e-5 1 6.18462e-5 -0.001029193 0.9999995 -1.9213e-5 0.00144881 0.999999 -2.45871e-5 -0.005203664 0.9999865 4.49754e-4 8.2695e-4 0.9999998 -1.45179e-4 -1.0906e-4 1 2.22808e-4 0 1 -4.3075e-5 1.89599e-4 1 4.176e-4 9.30623e-5 1 1.36029e-5 -1.86628e-4 1 -2.56767e-4 -1.79009e-4 1 -2.63973e-5 1.5924e-4 1 1.40609e-5 0.003945231 0.9999922 3.51193e-4 -3.90525e-4 1 -6.24322e-5 -1.15124e-4 1 -6.62097e-5 -1.87864e-4 1 -5.68057e-5 -1.4273e-4 1 -2.27265e-5 9.57971e-5 1 -9.97768e-5 -0.1176781 -0.02130204 -0.9928234 -0.05608272 -0.001307845 -0.9984253 -0.02716124 -0.002975702 -0.9996267 -0.273358 -0.0136426 -0.9618157 -0.1603111 0.01385337 -0.9869694 -0.1958407 0.01069605 -0.9805775 -0.2199637 -7.76338e-5 -0.9755081 -0.2142984 9.87919e-5 -0.9767683 -0.22887 -0.05017882 -0.9721629 -0.2642795 0.1423034 -0.95389 -0.172625 -0.005119085 -0.9849744 -0.2830449 -0.04971218 -0.9578175 -0.2199465 -5.39779e-4 -0.9755118 -0.2143036 -0.001060783 -0.9767665 -0.2341177 -0.04820644 -0.9710124 -0.1974807 -0.02466464 -0.9799965 -0.03279078 -0.02065992 -0.9992488 -0.01402312 -0.02453809 -0.9996006 -0.08941757 -0.006645858 -0.9959722 -0.08941191 -0.006754577 -0.9959719 -0.1353811 -0.007197678 -0.9907675 -0.02052152 0.01445227 -0.9996849 -0.04922544 0.01328563 -0.9986994 -0.02044683 0.0102806 -0.9997382 0.2623915 0.01015609 -0.9649081 0.09881669 0.02352237 -0.9948276 0.1441073 0.02453374 -0.9892579 0.2348333 -0.001567244 -0.9720345 0.2329505 -0.001189708 -0.9724879 0.2868629 -0.002660036 -0.957968 0.118598 -0.002346098 -0.9929397 0.1813586 -0.006985962 -0.9833923 0.1537686 0.001932322 -0.9881051 0.234629 -0.1385985 -0.9621537 0.1331824 0.005512297 -0.9910763 0.244525 0.05385226 -0.9681465 0.2505527 0.07436925 -0.9652422 0.2627075 -0.001785874 -0.9648739 0.2606078 -0.003745436 -0.9654375 0.1637671 -0.004870235 -0.986487 0.1182314 -0.001480996 -0.992985 0.1640554 -3.67066e-4 -0.9864511 0.2538498 0.01284593 -0.9671583 0.09040778 0.01080298 -0.9958463 0.07183098 0.01278626 -0.997335 0.1097857 -0.007309198 -0.9939284 0.04622399 -0.01251989 -0.9988527 0.01739722 -0.01067411 -0.9997918 -0.09539937 0.01415616 -0.9953385 -0.09648811 0.0274223 -0.9949564 -0.2766423 0.0142284 -0.9608677 -0.9895116 -0.02546125 -0.1421918 -0.9890065 -0.03492277 -0.1436891 -0.9465264 -0.02563911 -0.321606 -0.940779 -0.1154695 -0.31875 -0.9666008 -0.00250715 -0.2562747 -0.9660962 -0.001678466 -0.2581773 -0.9298542 0.01130449 -0.3677548 -0.9733144 -0.005851984 -0.2294015 -0.9737566 -0.006172955 -0.2275084 -0.9980885 0.01366329 -0.0602715 -0.9960563 0.01300776 -0.08776557 -0.9825204 -0.004709005 -0.1860956 -0.9880421 0.001102149 0.1541804 -0.9941154 0.002051055 0.1083069 -0.9834796 -0.005486965 0.1809366 -0.9856249 -0.006887257 0.1688081 -0.9845392 -0.008574306 0.1749551 -0.971201 0.1125363 0.2100106 -0.9787989 0.01511669 0.2042654 -0.982016 4.11552e-4 0.1887976 -0.9809077 -1.50422e-4 0.1944739 -0.9769248 -0.00258255 0.2135683 -0.976502 -0.003619074 0.2154781 -0.9347668 0.004321634 0.3552359 -0.9529092 -0.01605063 0.3028306 -0.9913005 -0.01449197 0.1308182 -0.9923143 -0.0167874 0.1225994 -0.9944936 5.16867e-4 0.1047967 -0.994464 0.00393325 0.1050047 -0.9885764 5.87435e-4 0.1507195 -0.9893568 -0.001128256 0.1455057 -0.9950068 0.002585172 0.09977447 -0.9893237 0.002686977 0.1457102 -0.9951997 -0.003920018 -0.09778666 -0.9975131 -0.001371681 -0.07046741 -0.9923436 -0.008910357 -0.1231863 -0.996133 0.002668738 -0.08781898 -0.9994331 0.008764028 -0.03250718 -0.9981805 0.001844108 -0.06027013 0.9889552 0.02402549 -0.1462551 0.9887177 0.02683985 -0.147367 0.945235 0.02420985 -0.3254916 0.9693202 -0.005343258 -0.2457433 0.9687939 -0.006858944 -0.2477726 0.9227615 0.01077407 -0.385221 0.9413624 -0.0225265 -0.3366444 0.9857322 -0.02707296 -0.1661302 0.9871754 -0.02327138 -0.1579346 0.9847729 -0.006088972 -0.1737396 0.9847666 -0.004906833 -0.1738128 0.989177 -0.004631876 -0.1466543 0.9854416 8.50053e-4 -0.1700125 0.9922209 0.001185059 -0.1244845 0.9854481 -0.004642546 -0.1699138 0.9902814 -0.001454293 -0.1390714 0.9902856 -0.001140952 -0.1390438 0.9860875 5.32921e-4 -0.1662268 0.9997444 -6.72133e-4 0.02259826 0.9997225 -0.005857706 0.02281463 0.9986755 -0.003873407 0.05130636 0.996311 0.009739577 0.08526313 0.9995537 0.004860639 0.02947813 0.9983043 0.007437944 0.0577358 0.9918284 -0.02199155 0.1256696 0.9916401 -0.02405387 0.1267728 0.9518453 -0.02216744 0.3057766 0.934537 0.007989883 0.3557766 0.9762392 -0.006730139 0.2165913 0.9766897 -0.004903495 0.2146006 0.9817211 -7.63781e-4 0.1903243 0.982806 -1.77581e-4 0.1846411 0.9795731 0.01459813 0.2005579 0.9565267 0.1197115 0.2659435 0.9777521 0.006360113 0.2096675 0.9789492 0.008670449 0.2039199 0.9909722 0.02353769 0.131986 0.9921281 0.01934099 0.1237254 0.9525188 0.01859325 0.3039118 0.9979981 0.01585745 0.06122529 0.995927 0.01566374 0.08879303 0.9822926 -3.20102e-4 0.1873531 -0.9988135 0.002662241 0.04862844 -0.9970627 0.002241969 0.07655721 -0.9846938 -0.01089847 0.1739523 -0.9877508 -0.004324138 -0.1559801 -0.9916668 -0.004937171 -0.1287353 -0.9877622 -0.00740838 -0.1557916 -0.9942461 0.03270608 -0.1020058 -0.994188 0.03447759 -0.1019882 -0.9960563 0.03270393 0.08247703 0.9791887 0.01267284 -0.2025559 0.9914436 0.005723118 -0.1304105 0.9844229 8.14686e-4 -0.1758152 0.9997338 -0.01115757 0.02019828 0.9987384 -0.01117104 0.04895764 0.9997639 -0.007862687 0.02026009 0.9315094 0.004047453 0.3636946 0.9745512 -3.30177e-4 0.2241645 0.9314932 -0.002758741 0.3637484 0.7113083 -3.69709e-4 0.70288 0.8282005 0.005691051 0.5604031 0.7111546 0.00568372 0.7030128 0.7633197 -0.009272992 0.6459544 0.7632796 -0.005109131 0.6460481 0.6316578 -0.009266316 0.7751921 0.2511949 0.004859149 0.9679244 0.424652 0.008716642 0.9053148 0.2511072 0.008713901 0.9679201 0.2960303 -0.008716821 0.9551388 0.2959581 -0.004860758 0.9551886 0.1155213 -0.008719742 0.9932667 -0.2959579 0.004860699 0.9551887 -0.1155211 0.008719742 0.9932668 -0.2960301 0.008716821 0.9551389 -0.2511064 -0.008713841 0.9679203 -0.2511941 -0.004859089 0.9679245 -0.4246513 -0.008716642 0.9053151 -0.7313148 0.004109323 0.6820278 -0.5936078 0.007282257 0.8047217 -0.7313403 0.007278621 0.6819739 -0.7114843 -0.007735371 0.7026596 -0.7115104 -0.005720734 0.7026522 -0.828461 -0.007743656 0.5599933 -0.9469789 0.006588637 0.3212284 -0.8718451 0.007900536 0.489718 -0.9469733 0.007872879 0.3212158 -0.9332255 0.003066778 0.3592782 -0.9333382 0.00801301 0.3589091 -0.9755274 -0.006184399 0.2197912 -0.9635809 7.25706e-5 -0.2674171 -0.9630737 9.52285e-5 -0.2692379 -0.9451096 -0.1411166 -0.29471 -0.9553036 -0.00580585 -0.2955695 -0.9879825 -0.01695924 -0.1536327 -0.9552485 -0.007789194 -0.295702 -0.7167903 0.02219128 -0.6969356 -0.8325964 0.02427071 -0.5533482 -0.7167354 0.02429586 -0.696922 -0.6738544 -0.01539564 -0.7387038 -0.6737954 -0.01047235 -0.7388438 -0.526664 -0.01538825 -0.8499343 -0.2678952 7.69415e-4 -0.9634478 -0.2676072 -0.003437638 -0.963522 -0.2157596 0.002756834 -0.9764426 -0.5913367 0.02217006 -0.80612 -0.6133326 0.04830795 -0.7883461 -0.588651 0.07174754 -0.8051972 0.436099 -0.01541465 -0.8997667 0.4363331 -0.02344763 -0.8994796 0.5939865 -0.01544511 -0.8043268 0.6723949 0.01325517 -0.7400739 0.5254219 0.004068076 -0.8508322 0.6727833 0.0040856 -0.7398284 0.923389 0.004705667 -0.3838366 0.9234908 -0.009171128 -0.3835112 0.9694091 0.002242863 -0.2454406 -0.1617509 0.006913304 -0.9868074 -0.1264808 0.008907496 -0.9919291 -0.1265111 0.009600639 -0.9919188 -0.09224957 0.018592 -0.9955623 -0.09299862 0.03079092 -0.9951901 -0.2736002 0.01864302 -0.9616629 -0.2252013 0.06911677 -0.9718577 -0.2020245 0.006483793 -0.979359 -0.2117819 0.005681931 -0.9773005 -0.2329544 -0.002085566 -0.9724854 -0.3101139 -0.1578601 -0.9375019 -0.3457657 0.03185027 -0.9377803 -0.2155305 0.07005733 -0.9739809 -0.2030161 0.00314325 -0.9791704 -0.2124002 0.003394961 -0.9771769 -0.1833981 -0.01092338 -0.9829781 -0.1475516 -0.01232165 -0.9889776 -0.2614101 0.01238614 -0.9651484 -0.2710753 -0.008795976 -0.962518 -0.1087784 -0.0211662 -0.9938407 -0.08962422 -0.008843064 -0.9959364 0.06526541 -0.003000855 -0.9978634 0.06457698 -0.008048117 -0.9978803 0.09945148 -0.007836818 -0.9950116 0.03176718 0.005847156 -0.9994782 0.06607198 0.001338005 -0.997814 0.06665587 0.007490456 -0.9977479 0.09647208 0.005220115 -0.9953221 0.06160509 0.005358695 -0.9980863 0.09648132 0.006011724 -0.9953168 0.09217303 -0.0171085 -0.9955961 0.0921725 -0.01747947 -0.9955897 0.2735264 -0.01715749 -0.9617115 0.1608319 -0.001312077 -0.986981 0.1997842 0.09520208 -0.9752041 0.1665187 -0.002461194 -0.9860352 0.1381728 -0.01444685 -0.9903028 0.2368942 0.1379418 -0.9616929 0.255636 -0.0533837 -0.9652981 0.207495 0.006237447 -0.9782162 0.2019331 0.007345974 -0.9793718 0.2286955 0.04695516 -0.972365 0.1555327 0.007108926 0.9878052 0.1554744 0.008150815 0.9878063 0.1097678 0.004023432 0.9939491 0.09227067 0.01189684 0.9956629 0.09363049 0.02806288 0.9952115 0.2736213 0.01194256 0.9617634 0.2667897 -0.01584172 0.9636247 0.1540289 0.01449 0.9879601 0.1893395 0.009317457 0.9818675 0.2287101 -0.002528548 0.9734914 0.1659852 0.001658618 0.9861269 0.2006596 -0.003706157 0.979654 0.1400538 0.01086264 0.9900843 0.2398138 -0.1383111 0.960916 0.2552429 0.05350935 0.9653952 0.2848771 0.01965063 0.9583626 0.1718146 -0.006044745 0.9851108 0.1259811 -0.01313191 0.9919458 0.2710802 -0.004449725 0.9625465 0.1090631 -0.01860213 0.9938608 0.08962923 -0.004522383 0.995965 -0.06592738 0.01280039 0.9977424 -0.06590294 0.01031202 0.9977728 -0.1007341 0.01187425 0.9948425 0.06193256 -0.004452407 0.9980705 0.06205749 -0.00713557 0.9980471 0.02716821 -0.008075952 0.9995983 -0.1316745 -0.001309752 0.9912922 -0.1668835 -0.001133859 0.985976 -0.1316317 -0.002406537 0.9912958 -0.09164804 0.001921892 0.9957897 -0.05677551 0.003148674 0.9983821 -0.0916562 0.002114176 0.9957885 -0.09217101 -0.01768994 0.995586 -0.09225976 -0.02211511 0.9954894 -0.2735245 -0.01772773 0.9617018 -0.2355986 -0.05004978 0.9705609 -0.2108696 -0.004557669 0.9775037 -0.2164818 -0.004027724 0.9762784 -0.1329859 -0.01335889 0.991028 -0.2300839 0.1372573 0.9634428 -0.2488558 -0.05432921 0.9670156 -0.2106156 0.005578398 0.9775531 -0.2050739 0.006808161 0.9787229 -0.2318229 0.04614877 0.9716627 0.2718337 0.01428335 -0.9622383 0.1088452 0.01660555 -0.9939201 0.09040951 0.01423764 -0.9958029 0.06219142 -0.009363174 -0.9980203 0.06211042 -0.007363617 -0.9980421 0.02726751 -0.0101388 -0.9995768 -0.2718337 0.01431715 0.9622378 -0.1088449 0.01650285 0.9939218 -0.09040951 0.01427829 0.9958024 -0.08088171 -0.005541861 0.9967083 -0.08086293 -0.005010664 0.9967127 -0.04596918 -0.006390392 0.9989225 -0.9919173 -0.01989072 -0.1253179 -0.991783 -0.01964986 -0.1264135 -0.9519999 -0.02007472 -0.3054395 -0.9291754 0.01001596 -0.3695034 -0.972993 -0.003447473 -0.2308089 -0.9734585 -0.002844572 -0.2288457 -0.9800425 0.006495594 -0.1986824 -0.9783816 -0.001917481 -0.2067993 -0.9802996 -0.001547157 -0.1975108 -0.9804891 -0.01223582 -0.1961924 -0.9922791 -0.003963768 -0.1239618 -0.9855037 -0.001831173 -0.1696444 -0.999907 0.01009577 0.009175539 -0.9992235 0.01004266 0.03810024 -0.9999281 0.007693827 0.00920242 -0.9869133 -0.00985521 0.1609513 -0.9858526 -0.011554 0.167216 -0.9741768 0.1107388 0.1967654 -0.9730146 -0.001037359 0.2307415 -0.9725704 -9.928e-4 0.2326064 -0.9283319 0.004278242 0.371728 -0.9321811 0.01409709 0.3617177 -0.9782932 -0.003507018 0.2071963 -0.9810481 -0.006456613 0.1936569 -0.9529011 -0.01636874 0.3028392 -0.9911001 -0.02362918 0.1310057 -0.9923073 -0.01713305 0.1226084 -0.994497 5.52925e-4 0.1047643 -0.9944685 0.003907263 0.1049635 -0.9885812 6.36195e-4 0.1506872 -0.9873304 -0.003974199 0.1586284 -0.9935834 0.001621186 0.1130912 -0.9873169 -0.002926886 0.1587356 -0.9963924 9.07199e-4 -0.08486098 -0.9983497 0.001743376 -0.05740153 -0.9939008 -0.005260705 -0.1101529 -0.9961306 0.002564072 -0.08784931 -0.9994347 0.008565068 -0.03251087 -0.9981791 0.001744329 -0.06029504 0.9926354 0.001187384 -0.1211354 0.9923942 0.001513659 -0.1230912 0.9638868 -0.002480924 -0.2663012 0.9844595 -4.28906e-4 -0.1756115 0.9844072 -0.002340674 -0.1758894 0.9888451 -0.005208313 -0.1488568 0.9853871 9.09672e-4 -0.1703277 0.9921816 0.001254081 -0.1247961 0.9853942 -0.00452876 -0.1702289 0.9902808 -0.001437664 -0.1390757 0.990285 -0.001122415 -0.1390483 0.9860863 5.26297e-4 -0.1662332 0.9997488 -6.88248e-4 0.02240508 0.9997276 -0.005793213 0.02260982 0.9986853 -0.00386703 0.05111593 0.9963076 0.00956279 0.08532291 0.9995526 0.004777133 0.02952933 0.9983022 0.007288098 0.05779117 0.9869301 -0.01277905 0.160642 0.9866564 -0.01780885 0.16184 0.9406159 -0.01294988 0.3392258 0.9337296 0.008817434 0.3578708 0.9757329 -0.006634354 0.2188639 0.9761939 -0.004501044 0.2168533 0.9838284 8.37686e-5 0.1791139 0.9848467 7.55355e-4 0.1734259 0.9817855 0.01536124 0.1893705 0.9785444 0.1076956 0.1756493 0.9913336 -0.01081812 0.1309232 0.9921424 -0.008547186 0.1248213 0.9817557 -0.02226781 -0.1888385 0.9990606 -0.02676481 -0.03408247 0.9997395 -0.02222645 -0.005200862 0.9782555 0.01164853 0.2070764 0.9985031 0.01759946 0.05178713 0.9965655 0.01834201 0.080751 -0.9989252 -0.007823705 0.04568737 -0.9972586 -0.007761001 0.07358795 -0.9850122 -0.014741 0.1718536 -0.9863271 0.004858136 -0.1647284 -0.9904879 0.004641354 -0.1375219 -0.9863905 0.001315116 -0.1644143 -0.9866175 0.03031688 -0.1602085 -0.99939 0.03457969 -0.004910171 -0.9992576 0.03024017 0.02387291 0.9795928 -0.008751273 -0.2008022 0.9914552 0.008723556 -0.1301555 0.984575 -6.26783e-4 -0.1749619 0.9994833 0.01975542 0.02535438 0.9984554 0.01433914 0.05367755 0.9995268 0.01790815 0.02501326 0.9973869 0.04898929 0.05310046 0.9972168 0.05239397 0.05304461 0.9901371 0.04901343 -0.1312488 0.9536757 -0.004249393 0.3008067 0.9871965 -0.01358175 0.1589295 0.9536633 -0.004789054 0.3008379 0.7157155 0.01258355 0.6982786 0.8317221 0.01668828 0.5549415 0.7156032 0.01672166 0.6983068 0.7533355 -0.007046222 0.6575987 0.7531676 1.30204e-4 0.6578288 0.6197069 -0.007040679 0.7848017 0.2714114 0.002113044 0.9624611 0.2714724 -0.001984357 0.9624443 0.2193554 -0.00106281 0.9756445 -0.2705571 0.002372264 0.9627011 -0.2184547 6.80343e-4 0.9758468 -0.2705267 -0.002197265 0.96271 -0.7211419 3.0109e-4 0.6927873 -0.5817573 0.006500661 0.8133366 -0.7212734 0.006488382 0.69262 -0.6759738 -0.01059073 0.7368496 -0.6760316 -0.007545709 0.7368341 -0.799839 -0.01057928 0.6001214 -0.9537078 0.007456362 0.3006423 -0.8822394 0.009155511 0.4707123 -0.9536997 0.009122729 0.3006222 -0.9170128 0.007761836 0.3987821 -0.9172333 0.01532346 0.3980557 -0.9652193 -0.003551483 0.2614176 -0.9657754 0.001483261 -0.2593757 -0.9652774 0.001488924 -0.2612226 -0.9490187 -0.1407176 -0.2820674 -0.9522987 -0.003109335 -0.3051521 -0.986543 -0.008811056 -0.1632648 -0.9522606 -0.00581783 -0.3052312 -0.7013767 0.007772326 -0.7127485 -0.8202556 0.0129022 -0.5718517 -0.7012326 0.01292818 -0.7128154 -0.7534795 -0.007048547 -0.6574335 -0.7533115 1.31487e-4 -0.6576639 -0.6198789 -0.007043361 -0.784666 -0.2683643 0.002354919 -0.9633147 -0.2684396 -0.002021312 -0.9632945 -0.2162892 -0.001111984 -0.9763287 0.2715521 0.00234586 -0.962421 0.2194601 7.02236e-4 -0.9756212 0.2715213 -0.002152264 -0.9624301 0.7765625 -2.47025e-4 -0.6300404 0.6478353 0.007509708 -0.7617434 0.7767495 0.007512629 -0.6297648 0.7024573 -0.008038282 -0.7116805 0.7027088 -3.98025e-4 -0.7114775 0.8212453 -0.008012652 -0.5705189 0.9664509 -0.001693189 -0.2568463 0.9664497 -0.001280248 -0.2568526 0.9935581 7.43094e-4 -0.1133224 1.37712e-4 -1 -2.33279e-4 0.01021021 -0.9998891 -0.01084178 -0.01126956 -0.9999291 -0.00385642 -0.002417147 -0.9999746 -0.006711959 3.85408e-6 -1 -1.72636e-5 -4.6429e-4 -0.9999911 -0.004198193 0.01305931 -0.9999145 -6.55013e-4 0.02145248 -0.9997699 1.9583e-4 0.005042552 -0.999985 -0.002100825 6.05751e-4 -0.9999998 -1.02512e-4 -6.19463e-4 -0.9999999 1.73718e-5 2.28855e-4 -1 9.45167e-6 1.83886e-4 -1 -2.87278e-5 0.00274682 -0.9999963 2.54265e-4 -8.41467e-4 -0.9999997 -1.13112e-4 0.001599729 -0.9999986 -5.29295e-4 9.94029e-5 -1 2.06677e-4 0 -1 -3.16076e-5 -1.80841e-4 -1 4.05849e-4 -0.02559536 -0.9996582 -0.005351006 -0.05750858 -0.9983428 -0.002122342 -0.001081943 -0.9999995 -6.78159e-5 -2.67528e-5 -1 4.48125e-5 6.27745e-5 -1 8.54207e-5 -6.09783e-4 -0.9999999 -2.6739e-4 2.62214e-5 -1 5.31353e-5 -0.008945941 -0.9999195 -0.008999466 2.09056e-4 -1 -9.66765e-5 7.88313e-5 -1 4.99507e-6 -9.17771e-5 -1 0 -1.41031e-4 -1 3.71254e-5 -0.01642554 -0.9997739 -0.01351326 2.74316e-4 -2.84041e-4 -1 -7.13166e-4 2.42423e-4 -0.9999997 -4.61805e-4 -0.001094937 -0.9999994 -7.74865e-4 -8.10803e-4 -0.9999994 -2.689e-4 2.36752e-4 -1 -3.90062e-4 3.84958e-4 -0.9999999 7.08575e-4 2.38914e-4 -0.9999998 1.32324e-4 -2.20731e-4 -1 4.32047e-4 9.6622e-4 -0.9999995 6.97426e-4 -2.60783e-4 -0.9999998 6.64868e-4 3.69864e-4 -0.9999997 -6.30218e-5 -9.58758e-4 -0.9999997 -8.36958e-4 8.67703e-4 -0.9999994 6.89569e-4 7.42596e-4 -0.9999996 9.02403e-4 -0.00102818 -0.9999992 4.02385e-4 5.5033e-4 -0.9999998 -4.04728e-4 2.9155e-4 -0.9999999 -2.62453e-4 -4.41404e-4 -0.9999999 3.94899e-4 -3.88876e-4 -0.9999999 4.34207e-4 -1.55773e-4 -0.9999999 -0.001734733 -5.7532e-4 -0.9999983 -0.001089036 8.42185e-4 -0.9999991 -1.78316e-4 -1.88832e-4 -1 2.69307e-4 4.24296e-4 -0.9999999 2.13504e-4 7.0693e-4 -0.9999998 -4.27666e-4 -4.28651e-4 -0.9999998 4.11173e-4 4.12761e-4 -0.9999999 0.1784326 0.9396283 -0.2919943 0.1770579 0.933403 -0.3121049 0.2154884 0.9173755 -0.3346447 0.1753312 0.9448264 -0.2766985 0.197387 0.9283952 -0.3148346 0.2485957 0.9293809 -0.2728576 0.01624655 0.9943806 -0.1046102 -0.01779258 0.9951426 -0.09682399 -0.01769608 0.9950594 -0.09769189 0.05334311 0.9916657 -0.1172763 0.02034848 0.9936373 -0.1107741 0.04677844 0.9906502 -0.1281564 -0.107987 0.9901267 -0.08937591 -0.06358969 0.9906435 -0.1207554 -0.06544929 0.9907266 -0.119068 -0.01947611 0.9933478 -0.1134942 -0.02966582 0.9932664 -0.1119908 -0.04087388 0.9931552 -0.1094178 -0.06500226 0.9926443 -0.1021378 -0.0763213 0.9914031 -0.1062777 -0.1024935 0.9864309 -0.1282544 0.1066405 0.9890685 -0.101841 0.1044381 0.98915 -0.1033196 0.1416556 0.9802483 -0.138011 0.1314584 0.9843866 -0.1170545 0.05624192 0.9887832 -0.1383646 0.0691201 0.9883881 -0.1353195 -0.1120837 0.9896315 -0.08981448 -0.04950356 0.9950361 -0.08632963 -0.03532075 0.995598 -0.08681654 -0.005101859 0.9887169 -0.1497092 0.001306354 0.9873815 -0.1583541 0.1138268 0.9786884 -0.1709166 -0.09163236 0.9912606 -0.09489995 -0.03233289 0.9958309 -0.08529603 -0.1487356 0.9809324 -0.1250972 -0.2761502 0.860878 -0.4273528 -0.3277588 0.8472731 -0.4179746 -0.3255155 0.8320685 -0.4491124 -0.5801029 0.6665115 -0.468234 -0.4997053 0.7434203 -0.4445458 -0.5688061 0.6977838 -0.435382 -0.4174075 0.8640388 -0.2814396 -0.4895115 0.8119477 -0.3179931 -0.4231276 0.8476363 -0.3201183 -0.1718937 0.964294 -0.201469 -0.3226112 0.9128397 -0.2502914 -0.2648579 0.9376094 -0.2252533 -0.2149104 0.9618733 -0.1691548 -0.316129 0.92766 -0.1987698 -0.3459095 0.9126598 -0.2177124 0.2487108 0.889791 -0.3826421 0.3054974 0.8600886 -0.4085574 0.2745971 0.8851522 -0.3756358 0.07412695 0.9861239 -0.1485425 0.1572394 0.9801595 -0.1206787 0.1182385 0.9861135 -0.1166194 0.3765764 0.8558543 -0.3545473 0.4547559 0.8054236 -0.3801184 0.3639479 0.8758605 -0.3168762 0.42996 0.8559981 -0.2870572 0.3822668 0.875866 -0.2945013 0.4842158 0.7994201 -0.3556158 0.01064318 0.9679654 -0.2508584 0.05274415 0.9699775 -0.2374065 0.001788914 0.9764812 -0.2155951 0.02507448 0.9948445 -0.0982638 0.05791419 0.989722 -0.1307531 0.0372647 0.9954107 -0.08814197 0.3230895 0.9217331 -0.2145262 0.3611043 0.9031744 -0.2321204 0.2984316 0.9457543 -0.1284037 -0.02202087 0.994163 -0.1056169 0.01319611 0.9932674 -0.1150899 -0.006784558 0.9978272 -0.06553643 -0.01949858 0.981818 -0.1888208 -0.06721538 0.9812973 -0.1803818 -0.03315126 0.9725682 -0.2302439 -0.1236702 0.9517076 -0.2809955 -0.1512557 0.9517355 -0.2670607 -0.1605359 0.9376412 -0.3083136 -0.1422114 0.9587568 -0.246092 -0.2016195 0.9500153 -0.238371 -0.1731442 0.9419041 -0.2878154 0.2718172 0.8737649 -0.4032993 0.3325976 0.8373121 -0.4339213 0.327298 0.8693126 -0.3703669 0.0225569 0.9947791 -0.09952819 0.02261602 0.9948582 -0.09871995 0.001381874 0.9948009 -0.1018295 0.9903595 0.1068759 -0.08812314 0.9909533 0.0623281 -0.1188562 0.9910145 0.06425237 -0.1173108 0.9934931 0.02030152 -0.1120692 0.993438 0.03054189 -0.1102188 0.993402 0.04162603 -0.106864 0.9932808 0.06024926 -0.09880965 0.992212 0.07186228 -0.1017404 0.9875104 0.09879642 -0.1227302 0.9892267 -0.1048976 -0.1021139 0.9893721 -0.103043 -0.1025911 0.98032 -0.1410508 -0.1381217 0.9952768 0.0539779 -0.08068817 0.9961392 0.03481632 -0.08058816 0.9872427 0.1293641 -0.09282684 0.9898164 0.0063048 -0.1422109 0.9885694 -4.14391e-4 -0.1507665 0.9803726 -0.1139089 -0.1609179 0.9805753 -0.153598 -0.1219828 0.9898813 -0.03771919 -0.1367926 0.9894989 -0.05341362 -0.1343094 0.9911972 0.0921539 -0.0950573 0.9957407 0.03273564 -0.08619117 0.9808766 0.1495253 -0.1245929 0.9396111 -0.1784468 -0.292041 0.9333978 -0.177048 -0.3121258 0.9173721 -0.2154793 -0.3346599 0.9448266 -0.1753314 -0.2766976 0.9283941 -0.1973893 -0.3148363 0.9293822 -0.2485988 -0.2728508 0.9710102 0.003228724 -0.2390163 0.9718315 -0.03360456 -0.2332692 0.9731 -0.00611335 -0.2303022 0.9926475 -0.05227702 -0.1091701 0.9957204 -0.01144391 -0.09170675 0.9955615 -0.01526564 -0.09286606 0.9927867 -0.0490812 -0.1093885 0.9943044 -0.01616907 -0.1053447 0.9918081 -0.04329109 -0.120177 0.9918575 -0.0564478 -0.1141601 0.9927064 -0.02122759 -0.1186741 0.9928178 -0.02025049 -0.11791 0.8615353 0.2788293 -0.4242773 0.8491751 0.3303705 -0.412016 0.8335604 0.329824 -0.4431629 0.6665095 0.5800999 -0.4682406 0.7434183 0.4996958 -0.4445598 0.6977844 0.5688045 -0.4353831 0.8640401 0.4174123 -0.2814282 0.8119477 0.4895184 -0.3179822 0.8476359 0.4231272 -0.3201199 0.9642952 0.1719035 -0.2014547 0.912823 0.3226537 -0.2502978 0.9376121 0.264858 -0.225242 0.9618737 0.2149099 -0.1691539 0.9276602 0.3161279 -0.1987708 0.9126609 0.3459046 -0.2177159 0.8882149 -0.2510342 -0.3847809 0.8583202 -0.3077808 -0.4105578 0.8835394 -0.2768806 -0.3777505 0.9861159 -0.07414942 -0.1485841 0.9801654 -0.1572322 -0.1206395 0.9861209 -0.1181054 -0.1166911 0.8558543 -0.3765721 -0.3545516 0.8054234 -0.4547512 -0.3801243 0.8758606 -0.3639424 -0.3168823 0.8559989 -0.4299598 -0.2870551 0.8758668 -0.3822671 -0.2944985 0.799421 -0.4842168 -0.3556125 0.9948353 -0.02510547 -0.09834885 0.9897091 -0.05793762 -0.1308403 0.9954023 -0.03732812 -0.08820986 0.9217301 -0.3230932 -0.2145332 0.903171 -0.3611077 -0.232128 0.9457538 -0.2984295 -0.1284118 0.993341 0.02266931 -0.1129591 0.9923618 -0.01120108 -0.1228523 0.9973131 0.007656335 -0.07285678 0.9811162 0.02334052 -0.1920059 0.9806522 0.07083284 -0.1824941 0.9717547 0.03717356 -0.2330474 0.9537877 0.1177315 -0.2764571 0.9539148 0.145151 -0.2626362 0.9400173 0.1549959 -0.3038813 0.9585601 0.1330099 -0.2519347 0.9509051 0.1925964 -0.2422522 0.9415139 0.1668162 -0.2927864 0.8737657 -0.2718167 -0.4032979 0.837313 -0.3325976 -0.4339191 0.8693138 -0.3272971 -0.370365 -0.9971529 0.001319408 -0.07539486 -0.9976325 -0.0225979 -0.06495273 -0.9976174 -0.006774425 -0.06865632 -0.9972235 0.04558801 -0.05888193 -0.9933046 -0.07854777 -0.0847125 -0.997924 -0.01653778 -0.06224262 -0.9951242 -0.003424763 -0.09857058 -0.9916144 0.0251758 -0.1267564 -0.9957168 0.009989917 -0.09191524 -0.9943195 -0.01344537 -0.1055848 -0.9943211 -0.01219934 -0.1057198 -0.9933594 0.03049927 -0.1109369 -0.9921845 0.05521661 -0.1118984 -0.9951773 0.0136829 -0.09713363 -0.9950183 0.01741254 -0.09816104 -0.9926192 -0.01064372 -0.120805 -0.9952858 -0.02903008 -0.09253835 -0.9950665 -0.03116917 -0.09418714 -0.9473366 0.1410127 -0.2875221 -0.9289488 0.1632964 -0.3322478 -0.9307078 0.2157783 -0.2953351 -0.8511372 -0.2979683 -0.432181 -0.8404511 -0.3479295 -0.4154358 -0.823446 -0.3506056 -0.4461081 -0.6665063 -0.5800985 -0.4682468 -0.7434178 -0.4996955 -0.4445608 -0.6977877 -0.5687989 -0.4353852 -0.8623433 -0.4194092 -0.2836547 -0.8098687 -0.4905292 -0.3217045 -0.8454889 -0.4255832 -0.322533 -0.9634088 -0.2031911 -0.1748054 -0.928629 -0.2974429 -0.2217566 -0.9135996 -0.3257824 -0.2433138 -0.9306584 0.2424253 -0.2740529 -0.9411525 0.2217388 -0.2550764 -0.9389479 0.2258537 -0.2595519 -0.9819229 0.09573829 -0.1632845 -0.98865 0.05419719 -0.1401218 -0.9674225 0.1670198 -0.1902584 -0.9658164 0.2263858 -0.126286 -0.975482 0.118614 -0.1853795 -0.9805331 0.162546 -0.1101533 -0.8558291 0.3766017 -0.3545811 -0.8054207 0.4547445 -0.3801382 -0.8758627 0.3639389 -0.3168804 -0.8475298 0.448015 -0.2845627 -0.8667654 0.4008781 -0.2966725 -0.7888392 0.5051344 -0.350103 -0.9335451 0.2365979 -0.2692862 -0.9543411 0.2013192 -0.2206894 -0.9489442 0.1762877 -0.261587 -0.953276 0.2530676 -0.16499 -0.9646698 0.2326993 -0.1235446 -0.9727202 0.1891685 -0.1342784 -0.9950048 0.07844376 -0.06174248 -0.9961439 0.08221197 -0.03063732 -0.9975723 0.02938312 -0.06313663 -0.9582162 0.1428573 -0.2478177 -0.9689004 0.1247586 -0.2136995 -0.9649259 0.1039401 -0.2410694 -0.9544284 0.1562756 -0.2542527 -0.9652291 0.112641 -0.2358914 -0.9390389 0.1616523 -0.303438 -0.993366 -0.02553087 -0.1121269 -0.9924861 0.008306622 -0.1220756 -0.9973469 -0.01046788 -0.0720393 -0.9820915 -0.008114635 -0.1882302 -0.9840965 -0.04313665 -0.172318 -0.9767465 -0.04111045 -0.210419 -0.9531748 -0.1354247 -0.2704034 -0.9540675 -0.1600006 -0.2532885 -0.940016 -0.175259 -0.2926676 -0.9898003 -0.1026345 -0.09880197 -0.9941318 -0.07092529 -0.0816797 -0.9832935 -0.1496452 -0.1036359 -0.9924694 -0.05633103 -0.1087729 -0.9904108 -0.0895428 -0.1052075 -0.9831475 -0.1337133 -0.1246668 -0.9456777 -0.145464 -0.2907474 -0.938229 -0.2051831 -0.2786152 -0.9258081 -0.1849122 -0.3296768 -0.9237488 -0.2836133 -0.2573941 -0.941405 -0.2534449 -0.2225365 -0.9210788 -0.3146392 -0.2293823 -0.8641998 0.2520501 -0.4354647 -0.827774 0.3132335 -0.4654837 -0.8617275 0.3082441 -0.4030026 -0.9922988 -0.04846787 -0.1139911 -0.9947032 -0.04975503 -0.08994483 -0.9893903 -0.09230589 -0.1121902 -0.0323497 -0.9948346 -0.09621685 -0.03290957 -0.9944162 -0.1002668 -0.0724709 -0.9908432 -0.1139199 -0.03514057 -0.9930298 -0.1125034 -3.14583e-4 -0.9938374 -0.1108483 -5.26434e-4 -0.9937811 -0.1113508 -0.01383334 -0.9954518 -0.09425717 -0.01552921 -0.9955233 -0.09323215 -0.005258977 -0.9943092 -0.1064033 -0.168239 -0.9463747 -0.275809 -0.170479 -0.9399032 -0.295836 -0.2100236 -0.9252977 -0.3157757 -0.1741261 -0.9459974 -0.2734394 -0.1969478 -0.9283546 -0.3152291 -0.2483267 -0.9285582 -0.2758865 -0.144524 -0.9857708 -0.08584249 -0.1410766 -0.9861626 -0.08706694 -0.1817809 -0.9758889 -0.1208163 -0.003908932 -0.986967 -0.1608752 -0.001394152 -0.9868245 -0.1617892 -0.09326291 -0.9785203 -0.1838475 0.009426712 -0.9923532 -0.1230711 0.03107744 -0.9935989 -0.108607 0.01592242 -0.9932981 -0.1144793 0.06033015 -0.9947941 -0.0821278 0.1757349 -0.9766441 -0.1236268 0.1187121 -0.9882283 -0.09649991 0.1436529 -0.9830678 -0.1137607 0.09072709 -0.9888365 -0.1181994 0.08855581 -0.9891048 -0.1175996 0.07164889 -0.996719 -0.03765141 0.07769858 -0.9964675 -0.03186875 0.1039003 -0.9933947 -0.04870206 0.29796 -0.8511316 -0.4321978 0.3479288 -0.8404514 -0.4154358 0.3506369 -0.8234187 -0.4461341 0.5800898 -0.6664993 -0.4682677 0.4996839 -0.743419 -0.4445719 0.5687843 -0.6977987 -0.4353867 0.4194498 -0.8623237 -0.2836546 0.4905373 -0.8098739 -0.3216792 0.4255841 -0.8454934 -0.32252 0.2183403 -0.9592728 -0.1792298 0.3184689 -0.9241099 -0.2111831 0.3489176 -0.9085617 -0.2297219 -0.1468277 -0.9816325 -0.1218176 -0.1077305 -0.9874461 -0.1155182 -0.06324809 -0.9872484 -0.1460839 -0.1461465 -0.9836287 -0.105432 -0.09101891 -0.9880585 -0.1243227 -0.09724503 -0.9874302 -0.1245998 -0.3765752 -0.8558538 -0.3545496 -0.454753 -0.8054223 -0.3801245 -0.3639398 -0.8758614 -0.3168829 -0.423577 -0.8587302 -0.2883838 -0.3757603 -0.8784247 -0.295253 -0.4776963 -0.8025966 -0.3572746 -0.002074301 -0.9800848 -0.1985685 -0.04225677 -0.9753732 -0.2164754 -0.00298798 -0.9868111 -0.1618488 -0.07410722 -0.9908513 -0.1127922 -0.1038959 -0.9837097 -0.1467004 -0.1319176 -0.9837705 -0.1216285 -0.3409399 -0.904469 -0.2563121 -0.3394055 -0.9171491 -0.2089049 -0.3040843 -0.9340404 -0.1873539 0.02488636 -0.9941005 -0.1055698 -0.009672522 -0.9933336 -0.1148689 0.009339451 -0.9978409 -0.06501173 0.007220506 -0.9806373 -0.1957003 0.04107755 -0.9826944 -0.1806226 0.0398395 -0.975077 -0.2182605 0.1201276 -0.9538632 -0.2751627 0.1466886 -0.9549434 -0.2580029 0.1545599 -0.9415511 -0.2993206 0.01976972 -0.9873158 -0.1575334 0.05018162 -0.9883999 -0.1433438 0.09803003 -0.9842805 -0.1469082 0.1324967 -0.953176 -0.2718459 0.1938214 -0.9433135 -0.2694309 0.1693249 -0.9320334 -0.3203796 0.2628401 -0.9158031 -0.3036772 0.2079614 -0.9543125 -0.2145685 0.256578 -0.9358575 -0.2415338 0.2952013 -0.9200541 -0.2575978 0.2593814 -0.937256 -0.2329645 0.3221375 -0.9183694 -0.2298376 -0.2717882 -0.8737947 -0.4032543 -0.3326048 -0.8373363 -0.4338687 -0.3273052 -0.8693302 -0.3703192 0.05529624 -0.9900058 -0.1297345 0.05643796 -0.9922755 -0.1104714 0.1004045 -0.9879323 -0.1179354 0.9987707 -0.04344242 0.02387571 0.9967033 -0.07790124 0.02267438 0.9966952 -0.07791894 0.02296388 -0.9880611 -0.107748 0.1101159 -0.9834523 -0.1418722 0.1126676 -0.9828314 -0.1374328 0.1231051 0.2336245 -0.9720514 0.02314525 0.2387673 -0.9709206 0.01742345 0.3671969 -0.9295789 -0.03239721 0.1486791 -0.986812 0.06400483 0.1510424 -0.9851892 0.08116912 0.3277811 -0.9425486 0.06451237 0.373725 -0.927404 -0.01586252 0.2371318 -0.9714009 0.01220488 0.2310327 -0.9729083 0.008567452 0.3605871 -0.9319412 0.03824174 0.2194691 -0.9756195 2.25225e-4 0.2019465 -0.9792333 -0.01788204 0.3105161 -0.9482918 -0.06574529 0.1418432 -0.9860571 -0.08701747 0.1306791 -0.9892497 -0.06563711 0.1340495 -0.9909677 0.003730654 0.1344874 -0.990913 -0.002130687 0.08823126 -0.9960983 -0.001825749 0.1688765 -0.9855822 0.01041406 0.1233633 -0.9923455 0.005658924 0.1227855 -0.9923732 0.0109173 -0.03555047 -0.9993209 -0.009697794 -0.0355156 -0.9993073 -0.01111686 -0.06400841 -0.9978893 -0.01095569 -0.1531609 -0.9858387 -0.0682919 -0.1542794 -0.9854151 -0.07179939 -0.3320522 -0.940736 -0.06897157 -0.157034 -0.9875624 0.007800519 -0.1310614 -0.9913566 0.005926787 -0.1582707 -0.9873747 0.00644344 -0.1918619 -0.9814218 4.87969e-4 -0.2047955 -0.9788047 -4.75628e-4 -0.2047578 -0.9788126 -3.17286e-4 -0.2277119 -0.9737279 0.00119543 -0.2335271 -0.972339 0.004676043 -0.3724436 -0.9280211 -0.007917821 -0.3087565 -0.9505395 0.03382402 -0.1391288 -0.9899663 0.02469754 -0.1287871 -0.9911038 0.03357148 -0.2126421 -0.9758806 -0.04940128 -0.1500516 -0.9885663 -0.0148794 -0.1945939 -0.980724 -0.01771605 0.005970835 -0.9986454 0.05168843 0.03455716 -0.9981951 0.04911679 0.005683958 -0.9989025 0.04649388 -0.1475973 0.9888997 0.01710271 -0.123065 0.9918918 0.03171408 -0.07692283 0.9964263 0.03489571 -0.3602191 0.9320749 -0.03845638 -0.2330505 0.9720135 0.02961641 -0.2377673 0.9711018 0.02069193 -0.1522443 0.9851964 0.07880204 -0.1570639 0.9817612 0.1071255 -0.3311715 0.9402318 0.07930803 -0.2238706 0.974615 -0.002778172 -0.2299576 0.9731701 -0.00771296 -0.3682786 0.9296386 0.01195907 -0.3092685 0.9500078 -0.0428763 -0.1397444 0.9896051 -0.03395885 -0.1293626 0.9906892 -0.04242992 -0.08721548 0.9960479 -0.01679557 -0.004762768 0.9998297 -0.01783156 -0.0336101 0.9993168 -0.01538163 -0.09080415 0.9958487 0.006336212 -0.09078848 0.9958473 0.006760895 -0.1371088 0.9905326 0.006807804 -0.1891128 0.9819552 -5.84824e-4 -0.1891359 0.9819509 -1.404e-4 -0.2019834 0.9793884 -0.001078784 0.08978819 0.9958638 0.01391154 0.0898602 0.9958791 0.01224762 0.1361259 0.9905874 0.01437056 0.1492509 0.9861963 -0.07169997 0.1505151 0.9854115 -0.07943254 0.3283148 0.941786 -0.07244694 0.370623 0.9284085 0.02638983 0.2390339 0.9707916 -0.02065569 0.2312969 0.9728409 -0.009076118 0.2194579 0.9756218 -6.23262e-4 0.2137941 0.9768787 -5.35259e-4 0.2286353 0.9734206 0.0133534 0.3594734 0.9325688 -0.03308159 0.2152847 0.9765459 0.003278553 0.1989929 0.9798681 0.0161398 0.3100152 0.9495807 0.04676645 0.1410875 0.9878033 0.06587105 0.1301065 0.9903985 0.04672598 0.1619381 0.9867712 -0.007665514 0.09400856 0.9954057 0.01817035 0.1396128 0.9901222 0.01290202 0.1432768 -0.9896827 -3.21408e-4 0.07324081 -0.9971133 -0.02002036 0.1188211 -0.9928516 -0.01128697 -0.1681306 -0.9857621 -0.002308368 -0.1434471 -0.9895122 -0.01698911 -0.09735786 -0.9950901 -0.01781439 -0.02047312 0.9987297 -0.04604333 0.008552432 0.9990177 -0.043482 -0.02055352 0.9987785 -0.04493463 0.9927353 -0.09940522 -0.06778949 0.9925892 -0.09939992 -0.06990408 0.9574503 -0.2804913 -0.06792521 0.9614977 -0.2741646 0.01886862 0.9743034 -0.2249358 -0.0116918 0.9732357 -0.2296853 -0.0075621 0.9732944 -0.2086302 -0.09576719 0.9852197 -0.1712954 1.5224e-4 0.9841976 -0.1770682 0.001413702 0.9445645 -0.2370365 -0.2271819 0.995553 -0.08976578 0.02857577 0.98951 -0.1428629 0.02145314 0.9954763 -0.09410917 0.01305389 0.9970286 -0.07243293 0.02622193 0.966717 -0.2544313 0.0268898 0.9940277 -0.1088917 -0.007194578 0.9940167 -0.1090784 -0.005732715 0.9971928 -0.07484298 -0.002270996 0.9973798 -0.07210487 0.005871534 0.9992352 -0.03786498 0.009766757 0.9992667 -0.03762209 0.007120966 0.9891115 0.1471677 5.03962e-4 0.9831746 0.1826493 0.002640783 0.9890938 0.1472839 -9.86131e-4 0.9895862 0.1438896 -0.003872692 0.9895657 0.1439833 -0.005343437 0.9951795 0.09778386 -0.007479608 0.9808019 0.1949004 0.00645256 0.9796582 0.2005794 0.006153047 0.974761 0.2179163 0.04851365 0.9946865 0.09423053 0.04146742 0.9445784 0.2289969 -0.2352281 0.9886161 0.1470735 0.03174573 0.99526 0.09465992 0.02229827 0.9933538 0.1006999 0.05574798 0.9609187 0.2759274 0.02234518 0.9608863 0.2746087 -0.03588455 0.9909246 0.1299741 0.03428035 0.9836992 0.1790531 0.01660805 0.9946123 -0.103078 -0.01101642 0.9975959 -0.06870108 -0.009096682 0.9946482 -0.1029787 -0.008400678 -0.9932522 -0.03357815 0.1110077 -0.9932163 -0.0335741 0.1113296 -0.9699277 -0.2165896 0.1110372 -0.9631569 -0.2685905 -0.01371806 -0.9760171 -0.2172888 0.01328307 -0.9749045 -0.2223963 0.01005834 -0.9700668 -0.2238017 0.09425115 -0.9829525 -0.1838046 -0.004501104 -0.9818594 -0.189554 -0.0046373 -0.9978032 -0.06552076 -0.009797394 -0.991194 -0.1309709 -0.01952505 -0.9828212 -0.1839982 -0.01439213 -0.9939658 -0.09309887 -0.058007 -0.9966246 -0.07314288 -0.03727948 -0.966212 -0.2550517 -0.03719145 -0.989324 -0.1442225 -0.02093064 -0.9683188 -0.2482137 0.02736479 -0.9832156 -0.1821689 -0.01008576 -0.9756206 0.2192428 -0.009845256 -0.9744771 0.2243849 -0.006773293 -0.9629649 0.2689175 0.01954507 -0.9829595 0.1832153 -0.01492309 -0.9926564 0.1188401 -0.02259206 -0.9720674 0.2346946 -0.001837432 -0.9614802 0.2746352 0.01145845 -0.9868524 0.1613291 -0.009758114 -0.9803496 0.1970719 -0.008802533 -0.9961327 0.08002603 -0.03627085 -0.9966194 0.07395696 -0.03577911 -0.990582 0.1334447 -0.03065955 -0.9950467 0.09179586 -0.03815293 -0.9951129 0.0929833 -0.03323578 -0.9978482 0.05875968 -0.02909493 -0.9950737 -0.09830117 0.01285725 -0.995076 -0.0985617 0.01045495 -0.9979023 -0.06418597 0.00842905 -0.9882133 0.1530704 -0.001977086 -0.9820955 0.1883808 0.001139044 -0.9882351 0.1529418 -3.79374e-4 -0.9992465 -0.03800183 -0.007900595 -0.999926 -0.009060263 -0.00812602 -0.9992277 -0.03817307 -0.009314715 0.9829733 0.1834359 -0.01071733 0.9891107 0.1455589 -0.02173995 0.9680831 0.2491397 0.02728801 0.9655801 0.2575761 -0.03618985 0.9937404 0.09578371 -0.05749571 0.9964655 0.07574772 -0.03631603 -0.9967035 0.07816231 0.02174359 -0.9987894 0.04368495 0.02261817 -0.9967117 0.07814353 0.02143126 -0.9933757 0.09459996 -0.0652343 -0.9932815 0.09459221 -0.06666547 -0.9589727 0.2758557 -0.06538546 0.3753646 0.9268533 0.006672322 0.2365641 0.9716127 -0.00247085 0.375689 0.9267264 -0.005991339 0.7385584 0.6739698 0.01721572 0.6023216 0.7978545 0.02523863 0.7386803 0.6735825 0.02526026 0.7385892 0.6737334 -0.02386188 0.7389646 0.6735618 -0.01568335 0.849816 0.5265403 -0.02383428 0.9630736 0.2691946 0.004859864 0.9630345 0.269367 -0.002467572 0.9757263 0.2189921 -8.29664e-4 0.9609218 -0.2767306 0.007029533 0.9737232 -0.2276861 -0.004704415 0.9606232 -0.2778488 -0.001776874 0.7420611 -0.6700803 0.01838368 0.8522507 -0.5224925 0.02589297 0.7417203 -0.6702092 0.02589809 0.7358356 -0.676702 -0.02490782 0.7357116 -0.6770849 -0.01686686 0.5989542 -0.800398 -0.02484011 0.3750884 -0.9269681 0.006250441 0.3748091 -0.9270784 -0.006634294 0.2359091 -0.9717735 0.001815259 -0.3800701 -0.924692 0.02217 -0.2467371 -0.9689226 -0.01760476 -0.3840592 -0.9233041 -0.002873182 -0.7353522 -0.6774591 0.01750528 -0.5985091 -0.8007208 0.02516227 -0.7354592 -0.677101 0.02518016 -0.7412851 -0.6707184 -0.02516585 -0.7416299 -0.6705804 -0.01752251 -0.8519151 -0.5230762 -0.02514022 -0.9604637 -0.2784008 0.001643359 -0.9606964 -0.2775297 -0.006313681 -0.9736145 -0.2281653 0.003928899 -0.996353 0.07948976 -0.03101921 -0.9988707 0.02793067 -0.03843581 -0.9963684 0.07943731 -0.03065639 -0.7808038 0.623573 0.03875935 -0.88204 0.4693751 0.04113817 -0.7807037 0.6235443 0.04116225 -0.7370987 0.6753151 -0.02520173 -0.7369875 0.6756828 -0.01738333 -0.6004496 0.7992677 -0.02513235 -0.3797672 0.9250721 0.004333376 -0.3778882 0.9257356 -0.01463299 -0.2412119 0.9704047 0.01146906 6.83632e-4 1.112e-4 -0.9999998 4.39632e-4 5.55495e-5 -1 -7.76987e-4 -6.97552e-4 -0.9999995 4.96603e-4 5.22071e-4 -0.9999998 6.24206e-4 7.10278e-4 -0.9999997 -1.2312e-4 -3.93379e-4 -1 4.44746e-4 -3.85148e-4 -0.9999998 -8.97692e-4 9.35241e-4 -0.9999992 5.95289e-5 -1.20467e-4 -1 -7.01726e-4 1.00667e-4 -0.9999998 0.2725976 -0.04022544 0.9612869 0.3737663 -0.04076457 0.9266268 0.2504957 -0.04859709 0.9668973 0.9940884 -0.06151509 0.08946645 0.9503366 -0.06138449 0.3051106 0.9899738 -0.06020003 0.1277808 0.540672 0.04586803 0.8399822 0.7398067 0.04564577 0.6712694 0.5407156 0.04464668 0.84002 -0.300318 0.04446595 0.9528022 -0.3002614 0.04631358 0.952732 -0.1738659 0.04335355 0.9838146 -0.9422836 0.01895564 0.3342788 -0.8907954 0.01279139 0.4542246 -0.8905281 0.01901656 0.4545308 -0.8541173 -0.06189417 0.5163844 -0.8353052 -0.06485837 0.5459477 -0.7462791 -0.06242185 0.6626998 0.9536825 0.07177817 -0.2921261 0.9572785 0.07673692 -0.2787997 0.9073413 0.07397061 -0.4138359 0.3403802 -0.06472605 -0.9380575 0.3403275 -0.06669259 -0.9379389 0.5719462 -0.06566071 -0.8176591 0.2150811 0.0252155 -0.9762707 0.3407101 0.003992736 -0.94016 0.08621472 0.02480995 -0.9959677 -0.6049849 -0.05214697 -0.7945275 -0.6032082 -0.02567964 -0.7971703 -0.7890412 -0.02216285 -0.6139404 -0.6321503 -0.01125466 -0.7747641 -0.8087614 0.02224314 -0.5877163 -0.8111139 -0.009221911 -0.5848155 0.71535 0.0371285 -0.6977793 0.5130221 0.0725966 -0.8553 0.5102118 0.04007863 -0.8591145 0.7116945 -1.75754e-4 -0.7024891 0.7153208 0.03926259 -0.6976923 0.5102212 0.04102498 -0.8590642 0.9680969 -0.05305588 0.2448949 0.9283127 -0.0463649 0.3688983 0.9281315 -0.04909801 0.3690005 0.8528344 0.0719226 0.5172047 0.8337854 0.07865875 0.5464565 0.7446196 0.0763843 0.6631041 -0.152579 -0.05097705 0.9869757 -0.1521455 -0.05056166 0.987064 -0.02140527 -0.05336344 0.9983457 -0.2555009 0.02207577 0.9665568 -0.2784649 0.02679526 0.9600726 -0.3794153 0.0280801 0.9248004 -0.8974458 -0.0250048 0.4404155 -0.8976009 -0.03608328 0.4393298 -0.9471566 -0.02316725 0.3199343 -0.9208981 0.001927793 0.3897988 -0.9762342 0.001411616 0.2167138 -0.9831352 0.02528154 0.1811251 -0.7687994 0.03132206 -0.6387227 -0.8179877 0.01691895 -0.5749868 -0.6413179 0.02061676 -0.7669983 -0.7151944 -0.04288154 -0.697609 -0.5116054 -0.07214754 -0.8561862 -0.510051 -0.04555588 -0.8589369 0.599609 0.063286 -0.7977869 0.4428511 0.0461626 -0.8954061 0.6596482 0.04478049 -0.7502393 0.3508455 -0.05125361 -0.9350297 0.4681519 -0.03394043 -0.882996 0.3272469 -0.03466814 -0.9443027 -0.6409819 -0.006950855 -0.7675247 -0.6399379 0.02163368 -0.7681221 -0.7683044 0.02333223 -0.6396593 -0.7081554 0.06782233 -0.7027916 -0.8225824 0.09112471 -0.5612972 -0.8290968 0.06749838 -0.5550156 -0.997532 -0.06583315 -0.02441 -0.9967615 -0.06374007 0.04902958 -0.9763189 -0.06325334 0.2068827 -0.7508905 0.06643766 0.6570765 -0.6647651 0.07098197 0.7436726 -0.5549179 0.06616801 0.8292695 -0.4421609 -0.03010535 0.8964304 -0.5602861 -0.01205658 0.8282115 -0.4401525 -0.011312 0.8978518 0.3640006 0.03890192 0.930586 0.5908502 0.01087778 0.806708 0.3619736 0.01539099 0.9320613 0.4757803 -0.02004081 0.8793358 0.606166 -0.02095156 0.7950623 0.6791633 -0.05289191 0.732079 0.9722295 0.01837259 0.2333073 0.9722432 0.03111511 0.2318946 0.9943858 0.01676529 0.1044782 0.9927079 -0.02947741 0.1168855 0.9974392 -0.03242707 -0.06374663 0.9941916 -0.05152326 -0.09449106 0.6369685 -0.03645694 -0.7700273 0.6347383 -0.01735186 -0.7725324 0.5454064 -0.03720873 -0.8373456 0.6387819 -0.01002562 -0.7693226 0.7222301 -0.009459376 -0.6915883 0.51872 -0.01379293 -0.854833 0.9962448 0.05074852 -0.07014894 0.996717 0.03944087 -0.07070958 0.9930842 0.04047787 0.1102059 0.9417765 -0.05469751 0.3317612 0.8927344 -0.06111663 0.4464193 0.8901431 -0.05567109 0.4522676 0.7344459 0.03948146 0.6775179 0.6540055 0.04051464 0.7554042 0.654114 0.04712218 0.7549268 -0.01834303 -0.04822444 0.9986681 -0.06152123 -0.05022108 0.9968416 0.06931227 -0.04778105 0.9964501 -0.1169583 0.01946395 0.9929461 -0.09803402 0.02759546 0.9948004 -0.2454637 0.02672046 0.9690375 -0.9248319 -0.001923143 0.3803712 -0.9782795 -0.001318633 0.2072863 -0.9786362 -0.01970374 0.2046536 -0.9447709 -0.01564574 0.3273577 -0.9451058 -0.007583022 0.3266766 -0.9792524 -0.01815307 0.2018299 -0.5106071 0.01226365 -0.8597268 -0.5134654 0.03579145 -0.8573636 -0.630604 0.01097947 -0.7760272 -0.6021514 -1.82697e-4 -0.7983821 -0.4792026 0.007596254 -0.8776714 -0.6899212 0.007236242 -0.7238485 0.04267567 -0.7357566 0.6759002 0.04326051 -0.6554869 0.7539666 0.03869426 -0.6557393 0.7539952 -0.06420212 -0.4824265 0.8735804 -0.06523698 -0.4409283 0.8951685 -0.06227344 -0.3326508 0.9409918 0.06013572 0.1186581 0.9911125 0.05461007 0.09929376 0.9935585 0.05411767 0.2466885 0.9675827 -0.08247601 0.5580909 0.8256709 -0.09349155 0.5577134 0.8247517 -0.08341997 0.7532631 0.6524078 0.04353523 0.8744509 0.4831567 0.04291409 0.9473459 0.3173238 0.05740046 0.9477477 0.3138146 -0.02665686 0.8655791 -0.5000622 -0.01425832 0.9231879 -0.3840847 -0.01607728 0.8594434 -0.5109781 -0.0546509 0.906789 -0.4180275 -0.04327243 0.9069173 -0.4190807 -0.06065452 0.7672323 -0.6384948 0.03836339 -0.0304628 -0.9987995 0.03847002 0.09420919 -0.9948089 0.03994876 -0.08643591 -0.9954562 0.04394382 -0.7852459 -0.6176228 0.04550671 -0.7851217 -0.6176676 0.0397607 -0.7102068 -0.7028694 -0.05170762 -0.2903528 -0.9555217 -0.04978656 -0.3723616 -0.9267514 -0.05180078 -0.215416 -0.9751475 -0.06294465 -0.984633 -0.162898 -0.05562859 -0.9970869 0.05218535 -0.059475 -0.9976891 -0.03285259 -0.01396018 -0.9999008 -0.001924812 0.005904912 -0.999977 -0.003340482 -8.91725e-4 -0.9842455 0.1768052 0.004856407 -0.3784571 -0.9256061 0.001278996 -0.4662433 -0.8846557 0.002347469 -0.3252485 -0.9456257 0.01253801 -0.4487261 -0.8935815 0.009393036 -0.3972225 -0.9176743 0.0119158 -0.2963817 -0.9549953 0.02705669 0.787235 -0.6160593 0.01448392 0.8328854 -0.5532559 0.01094734 0.6614422 -0.7499163 -0.007398426 0.7730916 -0.6342512 -0.03208941 0.6450755 -0.7634449 -0.008628606 0.6456561 -0.7635796 -0.04882806 0.9975578 0.04994297 -0.01952731 0.9925935 0.119904 -0.01911813 0.9609695 0.2759931 0.004558205 0.9836438 0.1800671 0.01922631 0.9519888 0.3055288 0.003617048 0.9515908 0.3073465 0.02094525 0.481432 0.8762332 0.04360222 0.5258733 0.8494448 0.01780712 0.3314768 0.9432954 -0.03909152 0.2268177 0.9731524 -0.02447938 0.3501986 0.9363555 -0.02538812 0.2382143 0.9708808 0.01873189 -0.2854097 0.9582226 0.03213775 -0.2862337 0.9576208 0.01956707 -0.4384278 0.8985534 -0.01676607 -0.4697175 0.8826577 -0.01857763 -0.3989213 0.916797 -0.0169906 -0.5531321 0.8329204 0.02775365 -0.9757004 0.217344 0.04539442 -0.9756382 0.2146383 0.02547675 -0.9957783 0.08818501 -0.01283323 -0.9880558 0.1535615 -0.01577883 -0.9995158 -0.02681875 -0.04716157 -0.9973772 -0.05490666 -0.04601204 -0.489849 0.8705922 -0.0547434 -0.4765089 0.8774637 -0.04300945 -0.3406618 0.9392017 0.05503225 -0.06420284 0.9964184 0.0479657 -0.1885913 0.9808837 0.05163508 -0.008039832 0.9986338 -0.05157071 0.4165629 0.9076431 -0.04995036 0.637513 0.7688187 -0.0493341 0.4165782 0.9077603 0.04258596 0.867781 0.4951189 0.04113823 0.9431586 0.3297873 0.04223465 0.9551307 0.2931579 -0.01421725 0.9654957 0.2600309 -0.009609162 0.9655876 0.2599009 -0.01348781 0.9911715 0.1318982 0.04390645 0.8226068 -0.566913 0.01484197 0.8248712 -0.565126 0.01911234 0.6504919 -0.7592727 0.01076841 0.8146114 -0.5799072 -0.01989966 0.6393373 -0.768669 0.009617865 0.6368057 -0.7709645 0.07190805 -0.6644441 -0.7438705 0.06641662 -0.4491066 -0.8910063 0.07302218 -0.448716 -0.8906861 -0.04528665 -0.2272651 -0.9727795 -0.02722698 -0.3820927 -0.9237228 -0.02836418 -0.2256713 -0.9737906 -0.06020116 -0.9854508 -0.1589424 -0.05516761 -0.9965671 0.06172978 -0.05678874 -0.9979698 -0.02883434 0.05273759 -0.9785143 0.1993203 0.05761057 -0.9702174 0.2352858 0.05623596 -0.9116532 0.4070949 -0.04395592 -0.8225764 -0.5669535 -0.01491445 -0.8248389 -0.5651711 -0.01918154 -0.650485 -0.7592769 -0.01077181 -0.8143947 -0.5802115 0.01992678 -0.6390461 -0.7689104 -0.009520769 -0.6365186 -0.7712027 -0.07196867 0.6646991 -0.7436368 -0.06657707 0.4494079 -0.8908423 -0.07322049 0.4490167 -0.8905183 0.04517853 0.2274521 -0.9727407 0.02709889 0.3822693 -0.9236536 0.02826005 0.2258573 -0.9737504 0.0438987 0.964613 -0.2599903 0.04493933 0.9981253 -0.04155284 0.04369682 0.9903077 -0.1318386 0.03436475 0.7826831 0.6214711 0.0337646 0.683202 0.7294484 0.03364354 0.8487542 0.5277164 -0.04316717 0.9126151 0.4065346 -0.05326783 0.9785833 0.19884 -0.04521113 0.9710223 0.2346739 -0.03717368 0.06459224 0.9972192 -0.03661757 0.1880118 0.9814839 -0.03981256 0.007438182 0.9991795 0.03132808 -0.04308277 0.9985802 0.0270071 -0.04329246 0.9986974 0.03286212 -0.1731709 0.9843434 -0.03050744 -0.8695563 0.4928908 -0.02864533 -0.944466 0.3273583 -0.01704949 -0.9564889 0.2912704 0.01523721 -0.9364261 0.350534 0.01109945 -0.9365638 0.3503215 0.01838016 -0.9740955 0.225389 0.877114 -0.4698854 -0.09939157 0.8085778 -0.5801295 -0.09824395 0.9315951 -0.3499706 -0.09824126 0.9953866 0.06284588 0.07249885 0.9781223 0.191784 0.08059531 0.9785153 0.1921738 0.07467985 0.8209286 0.5620434 -0.1009124 0.8219971 0.5623559 -0.08986985 0.6476768 0.7566027 -0.08981841 0.4105211 0.9049687 0.1118224 0.1611499 0.9809604 0.1083856 0.3237938 0.9402049 0.1056994 -0.4705649 0.8664409 -0.1668804 -0.4709047 0.8701946 -0.1449493 -0.6820644 0.7167963 -0.1448836 -0.8686667 0.4880682 0.08489704 -0.9228621 0.3709394 0.1035835 -0.924987 0.3696142 0.08822983 -0.949774 -0.3070002 -0.06066584 -0.9507827 -0.3064909 -0.04555934 -0.8389417 -0.5423108 -0.0455625 -0.816749 -0.5746379 0.05208224 -0.6399039 -0.7655028 0.06729513 -0.6399911 -0.7666572 0.05146259 -0.04523807 -0.9967283 -0.06698131 -0.04535037 -0.9969899 -0.06288534 -0.3021792 -0.9508948 -0.06698375 0.4319941 -0.8955364 0.1067519 0.275489 -0.9555599 0.1049336 0.2754024 -0.9546604 0.1130359 -0.954271 -0.2987531 0.01065403 -0.9551118 -0.2961414 -0.007864236 -0.9851852 -0.1711896 0.01021629 -0.9872223 -0.1546928 0.0382418 -0.9597275 -0.280332 0.01836246 -0.988155 -0.152199 0.01962691 -0.4605491 0.8851438 0.0664469 -0.6744188 0.7363163 0.05475068 -0.6744467 0.7356362 0.06293767 -0.6274195 0.778668 -0.004590034 -0.6259518 0.7795451 -0.02222365 -0.8063017 0.5909456 -0.02570819 0.134869 0.9887464 -0.06473845 0.1351889 0.9882097 -0.07187193 0.2984855 0.9524657 -0.06095641 0.5241407 0.8489076 0.068062 0.5243736 0.8493651 0.06009429 0.7265431 0.6843282 0.06188893 0.8290278 0.5568085 -0.05174309 0.9446395 0.3230609 -0.05734002 0.9452075 0.3231673 -0.04632216 0.9967424 0.0625348 0.05093324 0.9963851 -0.06881016 0.04982036 0.9960191 -0.06852662 0.05700981 0.5903199 -0.8048293 -0.06141966 0.5878747 -0.8084475 -0.02856588 0.777141 -0.628745 -0.02705097 0.5611221 -0.8263329 -0.04812449 0.7529467 -0.6580515 -0.006294131 0.7561185 -0.6529104 -0.04464203 -0.2404645 -0.9703499 0.02445697 -0.1117324 -0.9933106 0.02915447 -0.2407242 -0.9700511 0.03244674 -0.231262 -0.9725157 -0.02704077 -0.2320699 -0.9725474 -0.01718151 -0.3904954 -0.920156 -0.02874881 0.4753564 -0.8756158 -0.08563458 0.4740943 -0.8749617 -0.09837037 0.6852864 -0.721607 -0.09831601 0.995247 0.06171458 0.0753318 0.9786618 0.1910697 0.0755884 0.9785065 0.1910571 0.07760334 0.9509301 0.3074274 -0.03493523 0.9506276 0.3063842 -0.04935473 0.8387943 0.5422077 -0.04934692 0.04579126 0.9989461 -0.003131031 0.05041551 0.9980095 -0.03788703 0.3027256 0.9530726 -0.00313872 0.4091504 0.9089415 0.08013486 0.1657173 0.9853723 0.0397405 0.3282538 0.9438089 0.03839904 -0.8810587 0.4729102 -0.009567737 -0.8130242 0.5821616 -0.00892204 -0.9359739 0.3519669 -0.008511483 -0.874656 0.4845377 0.0141524 -0.9285295 0.3692352 0.0387119 -0.9305041 0.3658626 0.01751577 -0.8208378 -0.5686814 -0.0531677 -0.8247824 -0.5651981 -0.01689106 -0.6504086 -0.7593972 -0.01687604 -0.8212395 -0.5703874 -0.0149666 -0.6501274 -0.7593791 0.02603876 -0.6456809 -0.7635017 -0.01271283 0.4388213 -0.8977164 0.03925967 0.2825745 -0.9584471 0.03912603 0.2860937 -0.9559375 0.06583338 -0.9352222 -0.3460539 0.07487565 -0.9357061 -0.3471047 0.0630269 -0.9729976 -0.2212847 0.06564086 -0.9970996 0.03798544 -0.06595075 -0.9967609 0.03799414 -0.07088249 -0.9834067 0.1676643 -0.06928294 -0.6889609 0.7219423 0.06428396 -0.8524466 0.5185168 0.06689542 -0.8526179 0.5186364 0.06371092 -0.3740012 0.9253888 -0.06147122 -0.3386609 0.9383778 -0.06896382 -0.2138715 0.9748755 -0.06226354 0.2139745 0.9727455 0.08933788 0.08586364 0.993117 0.07966154 0.2145664 0.9732466 0.08217298 0.7307586 0.6711021 -0.1249556 0.880687 0.4574747 -0.1229123 0.8808963 0.4576658 -0.1206804 0.9721247 0.2275619 0.05647331 0.9719778 0.2276602 0.05856573 0.9931671 0.09811288 0.06319063 0.5893501 -0.8055041 -0.06188595 0.5869118 -0.8091214 -0.02927356 0.7763962 -0.6296535 -0.02730345 0.5682756 -0.8216881 -0.04349237 0.758582 -0.6515743 -0.002092301 0.7617702 -0.646584 -0.04044055 -0.2342213 -0.971874 0.02452307 -0.1053174 -0.9940073 0.02928876 -0.234471 -0.9715943 0.03206044 -0.2950352 -0.9538993 -0.05504935 -0.2951875 -0.953993 -0.05255389 -0.4503604 -0.8909443 -0.05825561 -0.7071901 -0.7070235 1.66707e-4 -0.7080485 -0.7061638 2.96561e-6 -0.7080555 -0.7061569 -7.60995e-5 -0.7071071 0 0.7071066 -0.7071067 0 0.7071069 -0.7070565 0.7071571 -9.99132e-5 -0.7079212 0.7062916 5.62489e-5 -0.7078672 0.7063392 0.003012359 0.7071011 -0.7071126 -1.18759e-5 0.707194 -0.7070196 5.05666e-6 0.7300837 -0.6831533 -0.01671683 0.7071905 -0.7070229 6.43174e-4 0.7071069 0 0.7071067 0.7071067 0 0.707107 0.7071139 0.7070997 1.47336e-5 0.7068781 0.7073354 6.16541e-5 0.6802996 0.7326846 -0.01912617 0.7068791 0.7073344 3.33114e-4 1 -8.8878e-7 3.25193e-6 1 -1.30584e-5 -1.33767e-5 1 1.28943e-5 -6.97533e-6 1 9.93159e-6 2.28124e-6 1 1.14289e-5 8.79022e-6 1 -1.48113e-5 6.71966e-6 1 3.86369e-7 -1.12733e-6 1 8.87342e-6 1.30259e-5 1 -1.05031e-5 7.65467e-6 1 -1.17944e-5 -9.1982e-7 1 -1.19882e-5 -3.06181e-6 1 8.97413e-6 -2.52717e-5 1 2.42469e-6 2.60566e-6 0.2633697 0.07798206 -0.961538 0.250037 0.07950073 -0.964967 0.2633662 0.3230005 -0.9090154 -0.2232832 0.7048473 -0.6733015 -0.150367 0.7330302 -0.6633676 -0.2233107 0.8532279 -0.4713117 -0.2369461 0.8347678 -0.4970105 -0.1824265 0.6985377 -0.6919291 -0.182455 0.8507553 -0.492875 0.1996386 0.97419 0.1053494 0.2374595 0.965204 0.109519 0.199586 0.9156246 0.3489943 -0.2376408 0.7819942 0.5762048 -0.2039911 0.9083008 0.3652085 -0.2040109 0.7858006 0.583864 0.1482145 0.6078148 0.7801241 0.1601873 0.6063858 0.7788686 0.1481963 0.3922269 0.9078524 -0.2340107 -0.003370404 0.9722282 -0.2304949 0.2452907 0.94165 -0.2305306 -0.003317654 0.9730594 0.19273 -0.08937925 0.9771728 0.1576367 -0.09600865 0.982819 0.1927008 -0.3339666 0.922677 -0.1368978 -0.7960193 0.5895866 -0.06346052 -0.8168648 0.5733279 -0.1368789 -0.9185177 0.3709304 0.08935916 -0.8598704 0.502631 0.1628522 -0.7167035 0.6780968 0.1628412 -0.8644155 0.475677 -0.1640306 -0.9107129 -0.3790728 -0.2004477 -0.9694768 -0.1411935 -0.2004685 -0.9019432 -0.3825064 0.3549079 -0.8120555 -0.4632562 0.3661366 -0.8082853 -0.4611061 0.3548679 -0.6598158 -0.6623533 -0.3657406 -0.1476309 -0.9189336 -0.3524351 -0.38819 -0.8515269 -0.3524409 -0.1483163 -0.9240064 1 -8.8878e-7 3.25192e-6 1 -1.52348e-5 -1.3377e-5 1 1.28943e-5 -6.97512e-6 1 1.12557e-5 2.28106e-6 1 1.26987e-5 8.79015e-6 1 -1.60456e-5 6.71974e-6 1 -3.86368e-7 -1.12732e-6 1 8.87341e-6 1.30262e-5 1 -1.05032e-5 7.6546e-6 1 -1.17945e-5 -9.19916e-7 1 -1.34868e-5 -3.06181e-6 1 8.28377e-6 -2.52714e-5 1 2.42469e-6 2.60569e-6 0.2232225 0.08010977 -0.9714701 0.2304867 0.07997548 -0.9697834 0.2232211 0.3251283 -0.9189472 -0.1697682 0.6683149 -0.7242472 -0.1603736 0.4652863 -0.8705108 -0.1603772 0.6695015 -0.7252909 0.132978 0.7181532 -0.6830614 0.124958 0.7191822 -0.6834929 0.133 0.8665105 -0.4811139 -0.1495296 0.9862031 -0.07102406 -0.1569439 0.9355977 -0.3162685 -0.1569209 0.9850866 -0.0705707 0.2044653 0.9732131 0.105121 0.2197438 0.9698549 0.1053286 0.2044205 0.9146448 0.3487651 -0.1786955 0.7487277 0.6383376 -0.1602683 0.8877519 0.4315212 -0.1602845 0.7504802 0.6411617 0.1482127 0.607812 0.7801267 0.1601855 0.6063829 0.7788714 0.1481943 0.3922236 0.9078542 -0.1603041 0.09124594 0.9828412 -0.1482866 0.3356484 0.9302425 -0.1483121 0.09106135 0.9847393 0.1483121 -0.09106135 0.9847393 0.1603044 -0.09124594 0.9828411 0.1482866 -0.3356484 0.9302426 -0.1601858 -0.6063824 0.7788716 -0.1481944 -0.3922231 0.9078544 -0.1482127 -0.6078116 0.780127 0.204015 -0.7858317 0.5838207 0.237632 -0.7820268 0.5761642 0.2039937 -0.9083024 0.3652032 -0.2374585 -0.9652043 0.1095186 -0.1995849 -0.9156251 0.3489938 -0.1996375 -0.9741902 0.105349 0.1824545 -0.8507536 -0.492878 0.2369456 -0.834766 -0.4970137 0.1824258 -0.6985354 -0.6919314 0.1503627 -0.7330339 -0.6633645 0.2233076 -0.8532074 -0.47135 0.2232793 -0.7048516 -0.6732984 -0.2255821 -0.1263601 -0.9659948 -0.2350217 -0.3676558 -0.8997746 -0.2350236 -0.125406 -0.9638658 1 1.61645e-6 2.60567e-6 1 -4.44389e-7 3.25193e-6 1 -1.30584e-5 -1.33768e-5 1 1.14616e-5 -6.97515e-6 1 9.93158e-6 2.28116e-6 1 1.14289e-5 8.79022e-6 1 -1.48111e-5 6.71957e-6 1 -3.86369e-7 -1.12732e-6 1 8.87353e-6 1.30264e-5 1 -1.22536e-5 7.65445e-6 1 -1.03199e-5 -9.19619e-7 1 -1.34867e-5 -3.0618e-6 1 8.28396e-6 -2.52722e-5 0.1830586 0.08187156 -0.979687 0.1474662 0.08850628 -0.9850993 0.1830539 0.3269353 -0.9271487 -0.1149517 0.7199801 -0.6844084 -0.04757869 0.738061 -0.6730545 -0.1149608 0.8683398 -0.4824625 -0.2148104 0.8614497 -0.460175 -0.164548 0.7314487 -0.6617453 -0.1645744 0.8745942 -0.4560706 0.1996389 0.9741897 0.1053507 0.2374591 0.965204 0.1095201 0.199585 0.9156074 0.3490403 -0.2376337 0.7820228 0.5761689 -0.2039965 0.9082997 0.3652083 -0.2040178 0.7858277 0.583825 0.1482157 0.6078171 0.7801222 0.1601871 0.6063882 0.778867 0.1481974 0.3922294 0.9078511 -0.1603032 0.09124106 0.9828419 -0.1482868 0.335644 0.9302442 -0.1483122 0.0910567 0.9847397 0.1483144 -0.0910589 0.9847391 0.1603062 -0.09124332 0.9828411 0.1482889 -0.335646 0.9302431 -0.1968376 -0.6382823 0.7442115 -0.1894826 -0.4297901 0.8828232 -0.1895015 -0.6392535 0.7452812 0.2603867 -0.773988 0.5771842 0.2796642 -0.7702009 0.5732179 0.2603648 -0.8964596 0.3585672 -0.159739 -0.9851189 0.06343734 -0.1254525 -0.943814 0.30574 -0.1254201 -0.9903175 0.05950814 0.1415614 -0.7974756 -0.5865092 0.05101394 -0.9115231 -0.4080726 0.0510146 -0.781219 -0.6221692 0.2593647 -0.8367832 -0.4822073 0.2394092 -0.8400312 -0.4868583 0.2593299 -0.684566 -0.6812617 -0.2506002 0.03795915 -0.9673462 -0.2681075 -0.2099161 -0.9402413 -0.2681116 0.03971964 -0.9625687 1 1.3992e-6 1.7103e-6 1 -3.91876e-7 2.19814e-6 1 -1.49944e-5 -1.92407e-5 1 1.87574e-5 -6.18929e-6 1 2.87109e-5 -3.05649e-5 1 4.0345e-5 2.7277e-5 1 1.3408e-5 4.40908e-5 1 -6.85978e-5 -4.8304e-6 1 8.44298e-6 -1.2625e-5 1 1.84586e-6 -7.08229e-5 1 8.59449e-5 2.25803e-6 1 -6.96343e-6 8.97101e-5 0.2159788 0.4366526 -0.8733201 0.2607476 0.4383344 -0.8601592 0.2159445 0.6445903 -0.7333971 -0.3057201 0.80106 -0.5146245 -0.2671832 0.6528778 -0.7087762 -0.2672158 0.8135414 -0.5164747 0.2591353 0.9606782 -0.0997309 0.2891483 0.9524563 -0.09602332 0.259126 0.9540041 0.1507648 -0.2528817 0.8512235 0.4598581 -0.2213956 0.9469944 0.2327783 -0.2214068 0.856408 0.4664165 0.20664 0.6374743 0.7422442 0.2299855 0.6328181 0.7393565 0.2066145 0.4280374 0.8798264 -0.1999669 0.1327393 0.9707696 -0.1757045 0.3735519 0.9108167 -0.1757351 0.1314905 0.9756165 0.1756749 -0.1314014 0.9756393 0.1998652 -0.1326447 0.9708034 0.1756443 -0.3734688 0.9108623 -0.2769747 -0.6605425 0.6978314 -0.2586311 -0.4619606 0.8483527 -0.2586589 -0.6646255 0.7009769 0.3059506 -0.8432284 0.4419955 0.3236245 -0.8383253 0.4387231 0.3059371 -0.9293587 0.2066274 -0.3237259 -0.9004845 -0.2903952 -0.3087645 -0.9500412 -0.04567623 -0.3087968 -0.905116 -0.2922493 0.1652252 -0.8899337 -0.4251103 0.1325157 -0.892144 -0.4318782 0.1652087 -0.7540757 -0.6356697 -0.1148279 -0.4282875 -0.8963171 -0.04770267 -0.4119777 -0.9099445 -0.1148259 -0.1903679 -0.9749745 -0.2152059 -0.1710473 -0.9614725 -0.164861 -0.402953 -0.9002499 -0.1648713 -0.1630821 -0.9727393 -1 -3.62688e-7 -6.31987e-7 -1 -3.98263e-6 2.09303e-5 -1 1.33933e-5 1.9165e-6 -1 3.86697e-5 3.43865e-5 -1 4.19677e-5 -3.87117e-5 -1 -6.18859e-5 -3.69317e-5 -1 2.34364e-6 1.08646e-5 -1 -3.89703e-5 5.15545e-5 -1 5.28995e-5 3.87914e-5 -1 8.51512e-5 -2.42562e-5 -1 -2.76277e-5 -7.225e-5 -1 2.64263e-7 -7.31075e-7 -0.1565617 0.08283472 0.9841885 -0.1811407 0.08445608 0.9798241 -0.1565583 0.3278534 0.9316661 0.1156872 0.5034564 0.8562408 0.08459812 0.2782236 0.9567836 0.0846011 0.5081335 0.8571132 -0.119127 0.7195854 0.6841095 -0.1497687 0.7188735 0.6788154 -0.1191358 0.8679668 0.4821207 0.1326017 0.9362799 0.3252642 0.09620171 0.8316124 0.5469607 0.09619146 0.9418632 0.3219332 -0.06133079 0.9719027 -0.2272528 0.01935374 0.9997791 -0.00819987 0.01935666 0.966339 -0.2565432 -0.1921468 0.9702612 -0.1472169 -0.1773037 0.9728256 -0.1489089 -0.1921038 0.9013558 -0.3881417 0.1995702 0.5084337 -0.8376556 0.2130366 0.7019739 -0.6795942 0.2130707 0.505983 -0.8358123 -0.2106916 0.4324204 -0.8767107 -0.1967012 0.4326297 -0.8798524 -0.2107334 0.1953288 -0.9578299 0.147315 -0.3556082 -0.9229524 0.1596987 -0.1124127 -0.9807446 0.1596657 -0.3557337 -0.9208477 -0.1654276 -0.3678241 -0.9150624 -0.1536039 -0.3693009 -0.9165276 -0.1654536 -0.5865689 -0.7928192 0.1661913 -0.9005044 -0.401836 0.175467 -0.7689799 -0.6147205 0.1754439 -0.8992682 -0.4006699 -0.2063547 -0.9431875 -0.2604132 -0.2144529 -0.9415222 -0.2598963 -0.2063048 -0.978411 -0.01226836 0.1934961 -0.9034179 0.3826164 0.185085 -0.972414 0.1419676 0.1851021 -0.9048739 0.3833281 -0.2602354 -0.7882151 0.5576691 -0.2794081 -0.7833064 0.5553039 -0.2602071 -0.6181696 0.7417268 0.2796412 -0.24553 0.9281789 0.2567288 -0.4778333 0.8400986 0.2567381 -0.2457471 0.934716 -1 -3.40019e-7 -6.31985e-7 -1 -3.94576e-6 2.09304e-5 -1 1.32976e-5 1.91636e-6 -1 3.86697e-5 3.43873e-5 -1 4.19677e-5 -3.8712e-5 -1 -6.18862e-5 -3.69322e-5 -1 2.34363e-6 1.08646e-5 -1 -3.89699e-5 5.1555e-5 -1 5.28529e-5 3.87908e-5 -1 8.50576e-5 -2.42562e-5 -1 -2.75757e-5 -7.22494e-5 -1 2.16215e-7 -7.31074e-7 -0.07821065 0.08479321 0.9933244 -0.1299672 0.09495919 0.9869607 -0.0782113 0.3298116 0.9408015 0.2373136 0.4574777 0.8569694 0.1959688 0.2334905 0.9524067 0.195962 0.4672926 0.8621117 -0.1797295 0.712107 0.678676 -0.1916403 0.7106838 0.6769067 -0.1797531 0.8604957 0.4766927 0.196945 0.9745352 0.1072098 0.1877958 0.917392 0.3508914 0.1877692 0.976336 0.107289 -0.2370219 0.9607 -0.1444861 -0.2627694 0.9538251 -0.1454991 -0.2369694 0.8917979 -0.3854117 0.1389545 0.7873262 -0.6006738 0.0980612 0.9143958 -0.392765 0.09806627 0.7872976 -0.6087247 -0.06210988 0.3253159 -0.9435635 0.01954036 0.5252842 -0.8507025 0.01953572 0.2972532 -0.9545989 -0.1289936 0.4370111 -0.8901584 -0.09311026 0.4335053 -0.8963279 -0.1290186 0.1999206 -0.9712806 0.09311145 -0.4335074 -0.8963268 0.1290199 -0.1999226 -0.97128 0.1289949 -0.4370129 -0.8901575 -0.141983 -0.3696205 -0.918271 -0.1052158 -0.3771137 -0.9201712 -0.1420034 -0.5883656 -0.7960283 0.118916 -0.9804708 -0.1566395 0.1573632 -0.9073362 -0.3898432 0.1574007 -0.976242 -0.1489185 -0.08291006 -0.9612287 -0.2629931 -0.02132791 -0.9686698 -0.2474347 -0.08288806 -0.9964475 -0.01489567 0.02544897 -0.8135008 0.5810068 -0.04106897 -0.8017181 0.59629 0.02545011 -0.6434532 0.7650623 0.1518871 -0.6254626 0.7653279 0.09080666 -0.793608 0.6016149 0.09079176 -0.6183076 0.7806745 -1 -3.62688e-7 -6.3199e-7 -1 -3.98264e-6 2.09303e-5 -1 1.32976e-5 1.9165e-6 -1 3.87249e-5 3.43868e-5 -1 4.19215e-5 -3.87116e-5 -1 -6.18858e-5 -3.69317e-5 -1 2.33174e-6 1.08646e-5 -1 -4.00567e-5 5.2669e-5 -1 5.39782e-5 3.95945e-5 -1 8.6737e-5 -2.47552e-5 -1 -2.81436e-5 -7.37396e-5 -1 2.40238e-7 -7.31074e-7 -0.2633702 0.07798218 0.9615378 -0.2500376 0.07950097 0.9649668 -0.2633652 0.323046 0.9089995 0.2232816 0.7048512 0.673298 0.150365 0.7330337 0.6633641 0.2233099 0.853207 0.4713496 0.04107558 0.80172 0.5962868 -0.02544331 0.6434561 0.76506 -0.02544218 0.8135031 0.5810038 0.02132534 0.9686698 -0.2474352 0.08288633 0.9964478 -0.01489686 0.08290839 0.9612285 -0.2629943 -0.157393 0.9762434 -0.148917 -0.1189077 0.9804722 -0.1566381 -0.1573547 0.9073194 -0.389886 0.1052151 0.3771178 -0.9201696 0.1420035 0.5883688 -0.7960259 0.1419832 0.3696243 -0.9182695 -0.1289973 0.4370106 -0.8901581 -0.09311467 0.433505 -0.8963276 -0.1290221 0.1999201 -0.9712803 0.09311401 -0.4335054 -0.8963275 0.1290215 -0.1999201 -0.9712803 0.1289966 -0.4370106 -0.8901582 -0.1419845 -0.3696225 -0.9182699 -0.1052173 -0.3771159 -0.9201701 -0.1420047 -0.5883674 -0.7960268 0.1050359 -0.9742075 -0.1997182 0.1416911 -0.8914848 -0.4303237 0.1417229 -0.9709732 -0.1926805 -0.1371036 -0.9552417 -0.2621371 -0.09680181 -0.9617779 -0.2561501 -0.1370695 -0.990462 -0.01403981 0.02064681 -0.8616922 0.5070112 0.05420964 -0.9582425 0.2807715 0.05421036 -0.8581649 0.5105043 -0.2602348 -0.7882451 0.5576267 -0.2794148 -0.7833349 0.5552603 -0.2602083 -0.6181725 0.741724 0.3657405 -0.1476311 0.9189336 0.3524351 -0.3881903 0.8515269 0.3524409 -0.1483165 0.9240063 -1 -1.81684e-7 -3.47564e-7 -1 -7.06674e-6 2.24654e-5 -1 1.66496e-5 5.23206e-6 -1 3.10063e-5 3.30283e-5 -1 4.46748e-5 -2.88294e-5 -1 1.53945e-5 -4.65904e-5 -1 -7.03675e-5 1.98433e-6 -1 5.23181e-6 9.35862e-6 -1 -1.69084e-5 6.13431e-5 -1 6.45713e-5 2.59899e-5 -1 6.76622e-5 -3.57469e-5 -1 -3.41763e-5 -5.94897e-5 -1 0 -3.95259e-7 0.2284854 0.2357508 0.9445719 0.2216747 -0.01283156 0.9750363 0.2216641 0.2361248 0.9461026 -0.1534769 0.3693251 0.9165391 -0.145745 0.3701304 0.9174758 -0.1534618 0.5880381 0.7941415 0.1497952 0.8794361 0.4518336 0.1608757 0.7364596 0.6570742 0.1608909 0.8782189 0.450384 -0.1188611 0.867272 0.483437 -0.07777804 0.8744998 0.478749 -0.1188588 0.9606845 0.2509143 0.07327204 0.8794848 -0.470253 0.1175524 0.9629759 -0.2426089 0.1175586 0.8715653 -0.475977 -0.08332788 0.9323334 -0.3518679 -0.02161681 0.9292329 -0.3688617 -0.08331376 0.8150795 -0.5733273 0.01465153 0.3967589 -0.917806 -0.04312247 0.3835154 -0.9225271 0.01465851 0.1560994 -0.9876326 0.09637981 0.1491606 -0.9841048 0.04455208 0.3806774 -0.9236341 0.04455518 0.1388525 -0.9893103 -0.04760432 -0.3343762 -0.9412367 -0.09352457 -0.3411478 -0.9353457 -0.04761517 -0.5581162 -0.8283956 0.09325015 -0.6014685 -0.7934358 0.04796397 -0.3938161 -0.9179371 0.04796612 -0.6099282 -0.7910038 -0.05306655 -0.9077468 -0.4161486 -0.1048958 -0.9084761 -0.4045593 -0.05306768 -0.9827772 -0.1770106 0.1181327 -0.98585 -0.1189305 0.06658065 -0.9334036 -0.3525972 0.06657344 -0.9918192 -0.1089164 -0.06061649 -0.9000207 0.4316115 -0.1055485 -0.8931578 0.4371827 -0.06061214 -0.764162 0.6421704 0.202645 -0.6457131 0.7361995 0.168137 -0.8134971 0.5567337 0.1681156 -0.6468401 0.743865 -0.1799288 -0.425215 0.8870276 -0.191723 -0.4239865 0.8851428 -0.1799341 -0.1872948 0.9656834 0.06614446 -0.1843326 0.9806358 0.06554031 -0.3113189 0.9480428 0.06517666 -0.05487465 0.9963638 -0.1031324 0.08919554 0.9906604 -0.1206341 0.215739 0.9689707 -0.1049494 0.2179762 0.9702948 0.1412277 0.7534839 0.6421191 0.1194375 0.7546857 0.6451234 0.1194162 0.8967294 0.4261645 -0.07626032 0.9676628 0.2404434 -0.04143667 0.9305886 0.3637142 -0.07670581 0.9908177 0.1113393 0.01975142 0.7542746 -0.656262 0.0648154 0.5633062 -0.8237022 0.0254746 0.5586901 -0.8289853 0.05799192 0.5991051 -0.7985676 0.02937567 0.7447974 -0.6666439 0.02974033 0.5468531 -0.8367002 0.01172357 -0.5186133 -0.8549285 -0.01061707 -0.4560111 -0.8899108 -0.01101368 -0.6707571 -0.7415953 -0.02954477 -0.5191401 -0.8541784 -0.06494677 -0.6680342 -0.741291 -0.03278958 -0.6732782 -0.738662 -0.07233268 -0.9328582 0.3529073 -0.0539143 -0.9327851 0.356378 -0.04980808 -0.9714589 0.2319197 0.02346265 -0.9549393 0.2958724 0.02416527 -0.9854101 0.1684725 0.02396106 -0.998966 0.03863912 0.07046639 -0.1837585 0.9804425 0.06978219 -0.3111732 0.9477878 0.0694648 -0.05467844 0.9960849 -0.09750306 0.1082843 0.989327 -0.113258 0.2347785 0.9654283 -0.09889638 0.2366648 0.966545 0.1419126 0.7523664 0.6432772 0.1196066 0.7535957 0.6463651 0.1196547 0.8959959 0.4276378 -0.07532 0.9672935 0.2422195 -0.04017871 0.9299981 0.3653618 -0.07588291 0.9906698 0.1132045 0.01853507 0.7536996 -0.6569577 0.06406402 0.5626349 -0.8242196 0.0242958 0.5579646 -0.8295091 0.05728006 0.6001543 -0.7978307 0.02940481 0.7457113 -0.66562 0.02978181 0.5479979 -0.8359495 0.01166468 -0.5186555 -0.8549038 -0.01068961 -0.4560498 -0.8898901 -0.01106584 -0.6707898 -0.7415649 -0.04279941 -0.5365337 -0.8427929 -0.0776028 -0.6829161 -0.7263632 -0.04602605 -0.6881689 -0.7240892 -0.07182973 -0.902963 0.4236726 -0.07013958 -0.9509128 0.3014056 -0.06642067 -0.9510908 0.3016865 0.04107606 -0.9543839 0.2957436 0.04188424 -0.9847816 0.1686738 0.04150933 -0.9983952 0.03852224 0.07071608 -0.1837589 0.9804244 0.06998205 -0.3111703 0.947774 0.0696662 -0.05467545 0.9960709 -0.097844 0.1101719 0.9890848 -0.1133283 0.2366898 0.9649532 -0.09882265 0.2385661 0.966085 0.1417385 0.7524152 0.6432587 0.1195104 0.7536423 0.6463286 0.1195589 0.89603 0.4275933 -0.07559859 0.9675273 0.241197 -0.04055565 0.9303563 0.3644071 -0.07603335 0.9907773 0.1121582 0.01885092 0.7533545 -0.6573445 0.06444168 0.5622075 -0.8244818 0.0246008 0.5575284 -0.8297933 0.05731177 0.6001143 -0.7978585 0.02944189 0.7456778 -0.665656 0.02982133 0.5479558 -0.8359756 0.01170176 -0.5186151 -0.8549279 -0.01067966 -0.4560028 -0.8899143 -0.01107484 -0.6707501 -0.7416008 -0.04351675 -0.5373712 -0.8422224 -0.07824319 -0.6836245 -0.7256278 -0.04656881 -0.6888912 -0.7233673 -0.07214075 -0.9025954 0.4244023 -0.06978011 -0.9506866 0.3022018 -0.06641614 -0.9508442 0.3024635 0.04147785 -0.9543803 0.295699 0.0422492 -0.9848129 0.1684001 0.04190599 -0.9983805 0.03847587 0.07051336 -0.1837623 0.9804383 0.06978142 -0.3111727 0.947788 0.06946402 -0.0546779 0.9960849 -0.09740108 0.108073 0.9893601 -0.1131749 0.2346162 0.9654775 -0.09879881 0.236505 0.9665942 0.141835 0.7524166 0.6432358 0.1194857 0.7536441 0.6463311 0.1195343 0.896032 0.4275959 -0.07534492 0.9671686 0.2427101 -0.04016494 0.9298148 0.3658297 -0.07590967 0.9906101 0.1137073 0.01845937 0.7536788 -0.6569837 0.06399619 0.562611 -0.8242411 0.02421927 0.5579384 -0.829529 0.05727922 0.6000784 -0.797888 0.02940446 0.7456802 -0.665655 0.02978253 0.5479187 -0.8360013 0.01166236 -0.5186516 -0.8549062 -0.01069188 -0.4560456 -0.8898922 -0.0110681 -0.6707865 -0.7415679 -0.04279679 -0.5365297 -0.8427956 -0.07761573 -0.682945 -0.7263347 -0.0460236 -0.6882003 -0.7240596 -0.07182914 -0.9029672 0.4236637 -0.07013881 -0.9509158 0.3013961 -0.06641989 -0.9510938 0.3016773 0.04107189 -0.9543863 0.2957363 0.04188001 -0.9847831 0.1686661 0.04150515 -0.9983958 0.03851449 0.06575959 0.2051514 -0.9765186 0.06891435 0.2051184 -0.9763081 0.06716632 0.3316524 -0.9410077 -0.1187133 0.7562526 -0.6434199 -0.09273898 0.7568585 -0.6469657 -0.09271985 0.8989821 -0.4280588 -0.007769584 0.8651005 -0.5015386 0.04126185 0.9636477 -0.2639707 0.03811681 0.92096 -0.3877884 0.01949304 0.816864 0.576501 -0.01708525 0.6434422 0.765304 0.01483708 0.6399167 0.7683011 -0.0815826 0.5971192 0.7979931 -0.05603444 0.7440392 0.6657822 -0.05632573 0.5460894 0.8358312 0.04702055 -0.3375876 0.940119 0.04111588 -0.4573856 0.8883175 0.04686856 -0.4576331 0.887905 -0.04555141 -0.5162338 0.8552356 -0.0511313 -0.4553775 0.8888291 -0.05144518 -0.6701015 0.7404846 -0.07433992 -0.9524062 -0.2956284 -0.0751667 -0.9828092 -0.1686304 -0.07423335 -0.9965013 -0.03840285 0.07122302 -0.9401847 0.3331367 0.0458104 -0.9957051 0.0804547 0.04766386 -0.9763877 0.210702 0.09570097 -0.6271013 -0.7730366 0.08948254 -0.6274498 -0.7734984 0.08967763 -0.8068074 -0.5839689 -0.08194339 -0.05481243 -0.9951286 -0.08307886 -0.1856585 -0.9790959 -0.08199983 -0.311276 -0.9467752 -0.06534224 0.5155485 -0.8543654 -0.05215531 0.4553792 -0.8887686 -0.05202192 0.6701123 -0.7404345 0.03346872 0.6520335 -0.7574511 0.05586594 0.7830256 -0.6194756 0.03399968 0.7852309 -0.6182689 -0.03545004 0.996082 0.08101904 -0.03513056 0.9981399 -0.04982703 -0.03480505 0.9770213 0.2102805 0.05221092 0.9733827 0.2231596 0.05062311 0.9734533 0.2232174 0.05234241 0.9359702 0.348167 -0.06044083 0.465773 0.8828378 -0.06313794 0.6329783 0.7715906 -0.06297659 0.4113134 0.909316 0.07851457 0.2616254 0.9619708 0.07823258 0.2616273 0.9619932 0.07865458 0.1335465 0.9879165 -0.0817418 -0.5148123 0.8533971 -0.06902176 -0.4548188 0.8879054 -0.06889516 -0.6695483 0.7395664 0.05911028 -0.6998162 0.7118731 0.08295804 -0.8580597 0.5068053 0.06011855 -0.8603695 0.5061128 -0.04202985 -0.9768031 -0.2099745 -0.04270136 -0.9958626 -0.08021551 -0.04224449 -0.9978483 0.05014342 0.05831736 -0.9561546 -0.2869976 0.0576896 -0.9102138 -0.4101009 0.05647408 -0.9562523 -0.2870406 -0.07558375 -0.411035 -0.9084808 -0.07580804 -0.4652296 -0.881938 -0.07568776 -0.6326729 -0.7707117 0.085343 -0.06996351 -0.9938922 0.07603877 -0.06909644 -0.994708 0.0721324 -0.1987124 -0.9773999 -0.1010433 0.5132828 -0.8522506 -0.09475886 0.4535907 -0.8861582 -0.0947895 0.6683159 -0.7378135 0.09426403 0.8225672 -0.5608009 0.08946925 0.9404482 -0.3279518 0.09098899 0.8890196 -0.4487376 -0.06198817 0.9947323 0.08164125 -0.06117784 0.9968746 -0.04998415 -0.06125235 0.9757543 0.2101228 0.05111598 0.8867948 0.4593281 0.05052608 0.7375259 0.6734261 0.04929167 0.7375838 0.6734542 -0.05921947 0.4656038 0.8830098 -0.05483824 0.6332708 0.7719851 -0.05480515 0.4116069 0.9097123 0.06731164 0.1958361 0.9783238 0.06781709 0.1958249 0.9782912 0.06545054 0.06632179 0.9956494 -0.08165287 -0.5148106 0.8534067 -0.06896489 -0.4548159 0.8879113 -0.06881934 -0.6695476 0.7395741 0.05984228 -0.7004134 0.7112243 0.08322274 -0.8584992 0.506017 0.06004613 -0.8607988 0.5053909 -0.04221451 -0.9768053 -0.2099271 -0.04291689 -0.9958717 -0.07998573 -0.04242402 -0.9978381 0.0501917 0.05837953 -0.955892 -0.2878583 0.05794847 -0.90983 -0.4109154 0.05630266 -0.9560011 -0.2879098 -0.07565963 -0.411034 -0.908475 -0.07591933 -0.4652256 -0.8819305 -0.07576107 -0.6327086 -0.7706751 0.1161952 0.02628225 -0.9928787 0.1078106 0.02683866 -0.9938092 0.1073645 -0.1038886 -0.9887771 -0.06534391 0.5155469 -0.8543662 -0.0521571 0.4553776 -0.8887693 -0.05202376 0.670111 -0.7404356 0.03347027 0.652038 -0.7574472 0.05586755 0.7830291 -0.619471 0.03400164 0.7852347 -0.6182642 -0.03545182 0.9960709 0.08115321 -0.03513354 0.9981431 -0.04976028 -0.03480404 0.9770073 0.2103457 0.05221253 0.9733933 0.2231132 0.05062407 0.973464 0.2231706 0.05234622 0.9360033 0.3480774 -0.06044065 0.4657717 0.8828385 -0.0631358 0.6330146 0.7715612 -0.06297588 0.4113122 0.9093165 0.0785138 0.2616239 0.9619712 0.07823175 0.261626 0.9619937 0.07865369 0.1335452 0.9879167 -0.08174026 -0.5148069 0.8534005 -0.06902015 -0.4548133 0.8879083 -0.06889355 -0.6695439 0.7395707 0.05910921 -0.6998102 0.711879 0.08294892 -0.8580321 0.5068536 0.06011736 -0.8603409 0.5061614 -0.04202854 -0.9768033 -0.2099738 -0.04270005 -0.9958627 -0.08021509 -0.04224318 -0.9978482 0.05014407 0.05831736 -0.9561312 -0.2870753 0.05769044 -0.9102001 -0.4101312 0.05647706 -0.9562288 -0.2871183 -0.07558381 -0.4110389 -0.908479 -0.07580786 -0.4652336 -0.8819358 -0.07568776 -0.6326762 -0.7707089 0.08534568 -0.06996542 -0.9938919 0.07604134 -0.06909835 -0.9947077 0.07213509 -0.1987142 -0.9773993 -1 -1.95703e-5 -4.71508e-6 -1 -5.8632e-6 -1.33656e-5 -0.9999833 -0.005198597 -0.002548277 -1 3.10309e-6 -7.44862e-6 -0.9999896 0.004525244 -6.54026e-4 -0.9999992 -4.5795e-4 -0.001186192 -1 2.0976e-5 -5.77667e-6 -0.9996622 0.02598673 -4.9345e-4 -0.9998651 -0.01191532 -0.01130843 -0.9999929 5.51581e-4 -0.003727197 -0.9993653 -0.03561443 -7.79563e-4 -1 -1.04719e-6 0 -1 5.95894e-7 0 -1 3.07819e-7 0 -1 6.92245e-7 0 -1 0 0 -1 -2.05324e-7 0 -1 0 0 -1 0 0 -0.999993 0.002682566 -0.002623736 -0.9999977 0.001295983 -0.001764178 -1 0 0 -1 -2.2052e-7 0 -1 0 0 -1 -2.48066e-7 0 -1 0 0 -1 0 0 -1 0 0 -1 1.34409e-7 1.24598e-7 -1 0 0 -1 0 1.48914e-7 -5.37103e-6 1.99282e-6 1 -1.18179e-5 1.23377e-6 1 -6.51949e-5 6.66466e-5 1 3.9436e-7 3.76736e-6 1 0 3.82482e-6 1 2.91779e-5 -3.92853e-5 1 5.97574e-5 -6.07512e-5 1 -2.63065e-6 -6.14274e-6 1 -4.80059e-6 0 1 5.06022e-6 0 1 2.31871e-5 -4.90024e-6 1 4.51138e-5 -1.68343e-5 1 0 -3.12927e-6 1 -2.71727e-5 3.68707e-5 1 -2.00906e-5 3.62501e-6 1 -3.94965e-5 1.50891e-5 1 0.9999889 -0.004319548 -0.001895844 0.9999989 -1.9262e-4 -0.001533925 1 -8.45407e-6 -5.98778e-6 0.9998652 0.01192909 -0.01128041 1 1.17835e-5 -1.61804e-5 1 -2.46482e-6 -7.68238e-6 1 7.79807e-6 -5.47201e-6 0.9998815 0.01538902 -3.13892e-4 1 -1.59647e-6 0 0.999993 -0.003255605 -0.001866161 0.9999937 0.003460705 -8.29201e-4 0.9999657 -0.008278548 -2.9241e-4 0.9995438 -0.03020501 -9.45873e-5 1 -8.10802e-7 0 1 7.62363e-7 0 1 8.62578e-7 0 1 1.12057e-6 0 1 7.78551e-7 0 0.9999983 -0.001646161 -9.2346e-4 1 -7.10019e-7 0 1 -1.65634e-6 0 1 -4.22292e-7 0 1 4.68437e-7 0 1 -7.85297e-7 0 1 1.96525e-7 0 1 2.51056e-6 0 0.9999991 1.30926e-5 -0.001412093 1 -1.44748e-6 0 1 1.02052e-6 0 1 -5.49832e-7 0 0.003112018 0.9999904 0.003084659 0.004222214 0.9999909 -5.29825e-4 4.04197e-4 0.9999981 0.001907825 0.002465248 0.9999736 -0.006839573 0.01715022 0.9998508 -0.002104401 -0.002462208 0.9999967 -7.11214e-4 -0.003419101 0.9999941 -4.75108e-4 -1.64799e-4 1 -2.71844e-6 -0.004049837 0.9999912 -0.001206398 9.90654e-5 1 5.44182e-7 -0.00138837 0.9999991 -2.54227e-5 -5.03542e-4 1 -8.39967e-5 -0.001927554 0.9999982 -2.41207e-4 -0.003089904 0.9999952 -1.96159e-4 -0.01118105 0.9999375 2.79787e-4 -1.26296e-4 1 2.64093e-4 0 1 -4.59467e-5 1.89268e-4 0.9999999 4.19987e-4 0.01679313 0.9997637 -0.01381099 0.001301586 0.9999992 -1.85076e-6 -1.58163e-4 1 -5.62207e-5 8.88585e-4 0.9999997 -1.56346e-4 3.08454e-5 1 5.60305e-5 -4.50356e-5 1 3.57837e-5 0.001326322 0.9999991 -7.96342e-6 0.001462519 0.9999989 6.19461e-6 0.001680254 0.9999987 1.69047e-5 -3.45032e-5 1 -3.89405e-5 2.93454e-4 1 -1.18667e-4 -1.99039e-4 1 -7.77349e-5 -9.77386e-5 1 4.06815e-6 1.16226e-4 1 8.07298e-6 5.4908e-5 1 -4.26505e-5 2.28126e-5 1 -4.99576e-5 -0.1173122 0.003422141 -0.9930893 -0.05389755 0.01045733 -0.9984918 -0.02499634 0.008065879 -0.9996551 -0.242298 -0.01058447 -0.9701442 -0.1242449 -0.01695752 -0.9921067 -0.1593483 -0.01883691 -0.9870427 -0.2387629 0.1380267 -0.9612185 -0.1360846 -0.008431851 -0.9906614 -0.2500575 -0.05411112 -0.9667178 -0.2236387 -0.00185275 -0.9746704 -0.218029 -0.002519726 -0.975939 -0.2410102 -0.04851764 -0.9693091 -0.1019055 -2.23951e-4 -0.9947941 -0.1474452 0.005701959 -0.9890539 -0.1477181 0.002950608 -0.9890251 -0.2700845 -0.01561433 -0.9627101 -0.1070506 -0.01907587 -0.9940706 -0.0885998 -0.01558488 -0.9959455 -0.09534311 -0.003695607 -0.9954377 -0.09503996 -3.3088e-4 -0.9954735 -0.1409785 0.001438617 -0.9900116 0.05228734 -0.00722444 -0.998606 0.05248266 -0.008238852 -0.9985879 0.2348512 -0.007278323 -0.9720042 0.2881408 0.008358776 -0.9575517 0.1250315 0.001179397 -0.9921521 0.1696574 0.008101403 -0.9854699 0.123791 -0.001778423 -0.9923068 0.1866604 -0.008085727 -0.9823913 0.1591899 -0.001633584 -0.9872467 0.2290995 -0.1375684 -0.963633 0.1240298 0.005102336 -0.9922655 0.2354363 0.05493277 -0.9703362 0.2505586 0.07441663 -0.965237 0.2627547 -0.001780211 -0.9648611 0.2606553 -0.003744244 -0.9654247 0.141187 0.002693712 -0.9899793 0.0953142 0.005429565 -0.9954325 0.1412622 0.003772258 -0.9899652 0.1971194 0.02403593 -0.9800849 0.03248757 0.01926809 -0.9992864 0.01365453 0.02389997 -0.9996212 0.1098626 0.01582026 -0.9938209 0.04782319 -0.002286553 -0.9988533 0.01898378 -0.001157343 -0.9998191 -0.9918773 -0.02203565 -0.1252756 -0.9916207 -0.02645754 -0.1264452 -0.9519652 -0.0222252 -0.3053984 -0.9465772 -0.1169749 -0.3005137 -0.9696548 -7.1527e-4 -0.2444772 -0.9691712 1.92357e-4 -0.2463884 -0.9335994 0.007408499 -0.3582421 -0.9757551 -0.003699243 -0.2188343 -0.976176 -0.004163265 -0.2169406 -0.9980887 0.01366424 -0.06026995 -0.9960564 0.01300692 -0.08776408 -0.9825208 -0.004708647 -0.1860937 -0.9880416 0.001101732 0.1541836 -0.9941151 0.00205022 0.1083101 -0.983479 -0.005487799 0.1809398 -0.9856246 -0.006887853 0.1688099 -0.9845387 -0.008574843 0.1749569 -0.9712007 0.1125358 0.2100123 -0.9787991 0.01511627 0.2042641 -0.9820162 4.11085e-4 0.1887963 -0.980908 -1.50872e-4 0.1944726 -0.9769247 -0.00258249 0.2135684 -0.976502 -0.003619074 0.2154782 -0.9347668 0.004321575 0.3552359 -0.9529093 -0.01605063 0.3028304 -0.9913005 -0.01449191 0.130818 -0.9923143 -0.01678735 0.1225991 -0.9944933 5.16779e-4 0.1048001 -0.9944637 0.00393337 0.1050081 -0.9885759 5.87633e-4 0.1507229 -0.9893572 -0.001128375 0.1455034 -0.995007 0.002585053 0.09977221 -0.989324 0.002687096 0.145708 -0.9951996 -0.003920674 -0.09778797 -0.9975131 -0.001372873 -0.07046872 -0.9923434 -0.008910834 -0.1231877 -0.9961331 0.002671718 -0.08781653 -0.9994332 0.008764743 -0.03250497 -0.9981806 0.001844227 -0.06026792 0.9738955 -0.001171767 -0.2269939 0.9734449 -0.001583695 -0.2289161 0.9297262 0.002415955 -0.3682438 0.9530307 -0.0149213 -0.3025062 0.9913772 -0.01073187 -0.1305999 0.9923746 -0.01564568 -0.1222614 0.9847723 -0.006089687 -0.1737428 0.9847659 -0.004907429 -0.1738161 0.9891766 -0.004632651 -0.1466576 0.9854417 8.49307e-4 -0.1700121 0.9922209 0.001184344 -0.1244841 0.9854481 -0.004643023 -0.1699134 0.9902811 -0.001454353 -0.139073 0.9902854 -0.001140952 -0.1390454 0.9860872 5.32987e-4 -0.1662284 0.9997444 -6.71346e-4 0.02259951 0.9997226 -0.00585711 0.02281588 0.9986755 -0.003872811 0.05130761 0.9963111 0.009741306 0.08526116 0.9995537 0.004860281 0.02947652 0.9983043 0.007437825 0.05773413 0.9918283 -0.02199107 0.1256701 0.9916401 -0.02405393 0.1267734 0.951845 -0.02216786 0.3057771 0.9345367 0.007989943 0.3557773 0.976239 -0.006730139 0.2165921 0.9766895 -0.004903495 0.2146014 0.9817209 -7.63685e-4 0.1903248 0.9828059 -1.77456e-4 0.1846417 0.979573 0.01459819 0.2005584 0.9565256 0.1197112 0.2659474 0.9777412 0.006358325 0.2097187 0.9789484 0.008666872 0.203924 0.9861054 0.01521736 0.1654225 0.9875439 0.009069681 0.1570824 0.9418855 0.008297741 0.3358318 0.9979981 0.01585882 0.06122332 0.9959272 0.01566362 0.08879083 0.9822931 -3.19405e-4 0.1873508 -0.9988133 0.002662003 0.04863005 -0.9970626 0.002240896 0.07655853 -0.9846935 -0.01089859 0.1739541 -0.9877512 -0.004323959 -0.1559772 -0.9916672 -0.004937171 -0.1287323 -0.9877626 -0.00740838 -0.1557887 -0.994246 0.03270435 -0.1020065 -0.9941879 0.03447747 -0.1019889 -0.9960563 0.03270608 0.08247637 0.9804657 -0.005356907 -0.1966176 0.9922634 0.001990914 -0.1241354 0.9855452 -0.00551486 -0.1693233 0.9997677 -0.003126502 0.02133035 0.9987305 -0.004907846 0.05013376 0.9997689 -0.001507759 0.02144747 0.9994603 0.01511615 0.02916258 0.9995315 0.009781479 0.02900385 0.9878051 0.01510888 -0.1549606 0.9315097 0.004047453 0.3636938 0.9745407 -3.29946e-4 0.2242105 0.9314935 -0.0027588 0.3637476 0.7113085 -3.69716e-4 0.7028799 0.8282006 0.005691051 0.5604029 0.7111548 0.00568372 0.7030126 0.7633191 -0.00927335 0.6459551 0.7632791 -0.005109131 0.6460488 0.6316571 -0.009265899 0.7751926 0.251195 0.004859149 0.9679243 0.4246522 0.008716642 0.9053146 0.2511073 0.008713901 0.96792 0.2960302 -0.008716821 0.9551389 0.295958 -0.004860758 0.9551886 0.1155212 -0.008719742 0.9932668 -0.2511066 -0.008713841 0.9679203 -0.2511943 -0.004859089 0.9679245 -0.4246515 -0.008716642 0.905315 -0.731315 0.004109323 0.6820275 -0.593608 0.007282257 0.8047215 -0.7313405 0.007278621 0.6819738 -0.7114843 -0.007735371 0.7026594 -0.7115105 -0.005720734 0.7026522 -0.8284611 -0.007743656 0.5599932 -0.9332249 0.003066837 0.3592798 -0.9333375 0.008013069 0.3589107 -0.9755269 -0.006184339 0.2197929 -0.9657994 0.001485466 -0.2592861 -0.9653029 0.001492798 -0.2611288 -0.949016 -0.140619 -0.2821259 -0.9609011 -0.006438672 -0.2768172 -0.9908739 -0.01412832 -0.1340503 -0.960898 -0.006585061 -0.2768244 -0.7742144 0.009358942 -0.6328544 -0.8772644 0.011761 -0.4798635 -0.7741729 0.01177877 -0.6328647 -0.7521708 -0.01222217 -0.6588549 -0.7521722 -0.01203048 -0.6588568 -0.6183242 -0.01221489 -0.7858284 -0.352891 0.01541554 -0.9355375 -0.518769 0.01503872 -0.8547822 -0.3528929 0.01501274 -0.9355434 0.08793729 -0.05450922 -0.9946336 0.0916385 -0.005002498 -0.9957798 0.1186916 -0.03230464 -0.9924055 0.280366 -0.001137614 -0.9598925 0.2283183 -1.45193e-4 -0.9735866 0.2803615 -0.001360416 -0.9598936 0.3214433 -0.004317581 -0.946919 0.3214501 -0.005686163 -0.9469096 0.4899282 -0.004319489 -0.8717522 0.6343891 0.01047194 -0.772943 0.4815919 0.01022094 -0.876336 0.6343909 0.010212 -0.772945 0.7116197 -0.01022738 -0.7024905 0.711617 -0.01062685 -0.7024872 0.8285654 -0.01024216 -0.5597987 0.9366425 0.01040083 -0.3501323 0.8563817 0.009866058 -0.5162492 0.9366482 0.009842753 -0.3501332 0.9207517 0.004373908 -0.3901247 0.92092 0.01139706 -0.3895851 0.9676994 -0.004277884 -0.2520709 -0.170161 0.05281764 -0.9839999 -0.1650407 -0.01342123 -0.9861955 -0.1745126 -0.01277148 -0.9845722 -0.1823444 -0.0100705 -0.9831832 -0.1464952 -0.01141583 -0.9891456 -0.2604797 0.01286059 -0.9653938 -0.2685794 -0.008638501 -0.9632188 -0.1061691 -0.02076393 -0.9941313 -0.08704239 -0.008679509 -0.9961669 -0.1981282 0.00178796 -0.9801746 -0.207561 0.002280116 -0.9782195 -0.2022531 0.05875033 -0.9775695 -0.1592005 5.63154e-4 -0.9872462 -0.2220619 0.002885043 -0.9750283 -0.1943644 0.001044213 -0.9809288 -0.2370696 0.1383526 -0.9615907 -0.1366407 -0.00971806 -0.9905731 -0.2509953 -0.05376434 -0.9664941 0.02665001 -0.01226168 -0.9995696 0.06140273 -0.01433402 -0.9980102 0.06152582 -0.01009535 -0.9980545 0.008549571 0.002215266 -0.9999611 -0.02026355 0.003869652 -0.9997872 0.008641183 0.003935635 -0.9999549 0.09647077 0.005220115 -0.9953222 0.06160372 0.005358874 -0.9980863 0.09647995 0.006011545 -0.9953168 0.09217303 -0.01710855 -0.9955961 0.0921725 -0.01747965 -0.9955897 0.2735265 -0.01715761 -0.9617114 0.7284342 0.07502776 -0.6809954 0.6877924 0.07123202 -0.722404 0.7568804 0.04648846 -0.651898 0.2141872 0.003695666 -0.9767857 0.1512081 0.002268612 -0.9884994 0.1864258 0.002137839 -0.9824667 0.1411132 -0.01296252 -0.9899086 0.2413744 0.138822 -0.9604514 0.2584494 -0.05257463 -0.9645931 0.2163202 0.003388285 -0.9763166 0.2106623 0.003746569 -0.9775518 0.2374982 0.04443371 -0.9703712 0.167015 0.002698898 0.9859507 0.1317067 0.002807617 0.9912848 0.1318312 0.005153954 0.9912588 0.02758413 0.04028624 0.9988074 0.02855157 0.05413603 0.9981253 0.2107476 0.04032093 0.9767086 0.2862362 -0.02291935 0.957885 0.1288688 0.01654839 0.9915236 0.1743584 0.00752449 0.9846536 0.2081773 -0.005159199 0.9780775 0.1453582 6.35747e-4 0.9893789 0.1805363 -0.001809656 0.9835668 0.1406209 0.01132214 0.9899988 0.2402185 -0.138365 0.9608072 0.2560843 0.05338525 0.9651793 0.2848771 0.01965057 0.9583626 0.1718146 -0.006044864 0.9851108 0.1259811 -0.01313197 0.9919458 0.2710802 -0.004449546 0.9625465 0.1090631 -0.01860195 0.9938609 0.08962917 -0.004522264 0.995965 -0.06684762 0.00519067 0.9977498 -0.0663712 4.86183e-4 0.9977949 -0.1012284 0.001397848 0.9948623 -0.05201178 0.006904006 0.9986227 -0.08639216 0.002266168 0.9962587 -0.08690422 0.007162094 0.996191 -0.1067329 0.00233668 0.994285 -0.07191556 0.002714455 0.997407 -0.1067539 0.003716945 0.9942786 -0.09217333 -0.01720839 0.9955943 -0.09217405 -0.01800644 0.9955801 -0.2735268 -0.01724767 0.9617097 -0.1644834 -8.71055e-4 0.9863795 -0.2044843 0.0949611 0.9742528 -0.1701956 -0.002157449 0.985408 -0.1346402 -0.01476341 0.9907845 -0.2350558 0.1372161 0.9622477 -0.2523656 -0.05402839 0.9661224 -0.1198535 0.05205136 0.9914262 -0.1223598 -0.01411497 0.9923855 -0.1130407 -0.01357376 0.9934977 0.2160219 0.02990549 -0.9759305 0.05152177 0.02947139 -0.9982369 0.03296989 0.02978497 -0.9990125 0.06539392 0.007098138 -0.9978343 0.0655294 0.00612241 -0.9978319 0.03076171 0.00254333 -0.9995235 -0.08394241 -0.0127747 0.9963887 -0.0842145 -0.009282052 0.9964045 -0.04930698 -0.009375035 0.9987397 -0.9919173 -0.01988857 -0.1253182 -0.991783 -0.01965016 -0.1264137 -0.9519998 -0.02007758 -0.3054397 -0.9291755 0.0100159 -0.3695033 -0.972993 -0.003447532 -0.2308087 -0.9734586 -0.002844631 -0.2288454 -0.9800421 0.006495177 -0.1986839 -0.9783812 -0.001917898 -0.2068009 -0.9802992 -0.001547634 -0.1975123 -0.9843982 0.03281307 -0.1728687 -0.9860582 0.02528613 -0.1644682 -0.9390624 0.02452731 -0.3428705 -0.980489 -0.01223558 -0.1961929 -0.9922791 -0.00396347 -0.1239624 -0.9855036 -0.001830935 -0.169645 -0.999907 0.01009589 0.009177327 -0.9992235 0.01004278 0.03810203 -0.9999281 0.007693767 0.009204208 -0.9737086 0.01297926 0.227427 -0.9724096 0.01156377 0.2329937 -0.9465621 0.1189756 0.2997751 -0.9889035 0.02593469 0.146278 -0.988294 0.03719723 0.1479579 -0.9451769 0.02611428 0.325513 -0.9730147 -0.001037359 0.2307412 -0.9725705 -9.92911e-4 0.2326061 -0.928332 0.004278361 0.3717277 -0.9321805 0.01409739 0.3617194 -0.9782921 -0.003501176 0.2072016 -0.9810476 -0.006454586 0.1936593 -0.952901 -0.01636719 0.3028396 -0.9911 -0.02362883 0.1310061 -0.9923072 -0.01713365 0.1226088 -0.994497 5.52178e-4 0.1047641 -0.9944685 0.003906428 0.1049634 -0.9885813 6.35287e-4 0.1506871 -0.9873304 -0.003974199 0.1586284 -0.9935833 0.001621186 0.1130913 -0.9873169 -0.002926945 0.1587356 -0.9963924 9.061e-4 -0.08486038 -0.9983497 0.00174272 -0.05740094 -0.9939008 -0.005261957 -0.1101524 -0.9961305 0.002564251 -0.08784878 -0.9994348 0.008565247 -0.03251034 -0.9981791 0.001744508 -0.06029456 0.9738731 -0.001166462 -0.2270902 0.9734222 -0.001589238 -0.2290126 0.9296899 0.002432346 -0.3683353 0.9424469 -0.009184658 -0.3342298 0.986502 -0.006599783 -0.1636166 0.9878011 -0.009944736 -0.1554031 0.9853997 0.001078307 -0.1702538 0.9853989 0.001589596 -0.1702542 0.9897161 7.49285e-4 -0.1430443 0.9853871 9.09683e-4 -0.1703279 0.9921816 0.001254022 -0.1247963 0.9853941 -0.004528701 -0.1702291 0.9902808 -0.001437723 -0.1390758 0.990285 -0.001122415 -0.1390485 0.9860863 5.26279e-4 -0.1662334 0.9997488 -6.88334e-4 0.0224055 0.9997276 -0.005793273 0.0226103 0.9986853 -0.003867089 0.05111634 0.9963075 0.00956279 0.08532291 0.9995526 0.004777014 0.02952933 0.9983021 0.007287979 0.05779117 0.9618443 0.00385189 0.2735701 0.9914202 -0.002918779 0.1306816 0.9916762 -0.001707792 0.1287462 0.9838281 8.37817e-5 0.179115 0.9848465 7.55374e-4 0.1734269 0.9817854 0.01536124 0.1893716 0.9719333 0.111963 0.2069059 0.987447 -0.004935979 0.1578739 0.9883888 -0.002619147 0.151924 0.9998065 -0.00898391 0.01749706 0.9994039 -0.02846521 0.01953798 0.9795752 -0.00901395 0.2008762 0.9775312 0.02010905 0.2098299 0.9979665 -0.01873356 0.0609247 0.9958165 -0.01411533 0.0902785 -0.9988956 -0.01578259 0.04425555 -0.997322 -0.01398968 0.0717861 -0.9853817 5.01933e-4 0.1703606 -0.9862928 0.005707442 -0.1649056 -0.9904451 0.00261712 -0.1378829 -0.9862911 0.005583703 -0.1649205 0.9814831 -0.007461488 -0.1914036 0.9929321 -0.003437519 -0.1186342 0.9864257 -0.01033425 -0.1638827 0.9867772 0.02456372 0.1602109 0.9997521 0.02164322 0.005235254 0.9994178 0.02438092 -0.0238707 0.9995783 0.01324754 0.02584075 0.9984034 0.01639389 0.05405479 0.9994885 0.01951789 0.02533876 0.9619114 0.0013839 0.2733578 0.991474 -0.001978337 0.1302893 0.9619094 9.37256e-4 0.2733668 0.7015236 -1.69911e-4 0.7126463 0.8203015 0.007380485 0.5718839 0.7012792 0.007404446 0.7128483 0.7775832 -0.007488727 0.6287354 0.7773961 2.73738e-4 0.6290114 0.648844 -0.007487654 0.7608847 0.2714111 0.002113044 0.9624612 0.271472 -0.001984357 0.9624444 0.219355 -0.00106281 0.9756446 -0.1863435 -0.008648574 0.9824467 -0.1334143 -0.01346909 0.9909688 -0.1863932 -0.009257137 0.9824317 -0.6262896 0.0233376 0.7792412 -0.4724272 0.02504843 0.8810137 -0.6262789 0.02506822 0.7791959 -0.6759281 -0.01537334 0.7368073 -0.6760729 -0.01044702 0.7367607 -0.7997933 -0.0153535 0.6000791 -0.9281716 0.002649486 0.372143 -0.9283681 -0.008045256 0.371575 -0.9724361 0.005966365 0.2330933 -0.9657757 0.001483261 -0.2593749 -0.9652777 0.001488924 -0.2612218 -0.949019 -0.1407176 -0.2820666 -0.9249798 0.005108058 -0.3799821 -0.9703566 0.009542226 -0.2414891 -0.9253909 -0.01041936 -0.3788709 -0.7519663 -0.01400214 -0.6590529 -0.7517125 -0.0208882 -0.6591603 -0.6180832 -0.01400113 -0.785988 -0.4359307 0.02767938 -0.8995546 -0.5937489 0.021905 -0.8043523 -0.4358409 0.02186059 -0.8997582 -0.05958437 -0.04233217 -0.9973254 -0.08229309 -0.01513713 -0.9964932 -0.02877283 -0.02009737 -0.9993839 0.2676768 0.002084791 -0.9635065 0.2155188 8.02347e-4 -0.9764994 0.2676303 -0.002207934 -0.9635192 0.7211425 3.01073e-4 -0.6927866 0.581758 0.006503701 -0.813336 0.721274 0.006485223 -0.6926195 0.676128 -0.01062422 -0.7367076 0.6761856 -0.007586836 -0.7366923 0.7999647 -0.01060485 -0.5999535 0.9537065 0.007486343 -0.3006462 0.8822371 0.00917226 -0.4707161 0.9536983 0.009135067 -0.3006263 0.8473045 -0.0505523 -0.5286961 0.8500634 0.09359508 -0.5182976 0.8875043 0.01337748 -0.4606053 1.10169e-4 -1 -1.74959e-4 -6.4189e-6 -1 -1.64539e-5 -0.007495105 -0.9999278 -0.009399712 3.08326e-6 -1 -8.63178e-6 0.01021403 -0.9998891 -0.01084047 7.80758e-4 -0.9999997 -1.50191e-4 0.004122674 -0.9999915 -4.76597e-4 0.003304421 -0.9999945 -5.0782e-4 -1.57066e-4 -1 1.60843e-4 -0.001575052 -0.9999926 -0.003507494 0.003690004 -0.9999921 -0.001498103 -2.45168e-4 -1 -9.19865e-5 0 -1 -1.59577e-4 1.6727e-4 -1 2.9173e-4 0.001495778 -0.9999989 -4.92412e-5 -1.93946e-4 -1 -2.60463e-5 -8.54301e-5 -1 -3.4717e-5 9.61011e-5 -1 -6.83925e-5 -0.01903086 -0.9998078 -0.004708945 -0.07329791 -0.9973092 0.001410782 -0.02311527 -0.9997319 -0.001428365 -0.01408749 -0.9998992 -0.001798272 -1.19871e-4 -1 -3.44463e-5 -1.58366e-4 -1 -5.36751e-5 0.03461158 -0.9993987 0.002104997 0.01558691 -0.9998785 1.6852e-4 -2.91398e-5 -1 -4.75786e-6 -4.74029e-4 -0.9999999 -2.32812e-4 1.79037e-4 -1 -9.91033e-5 1.66351e-4 -1 -8.69569e-5 -0.006243646 -0.9999523 -0.007508218 -0.01707577 -0.9997555 -0.01405721 2.74649e-4 -2.84043e-4 -1 -7.13177e-4 2.41645e-4 -0.9999997 -4.63576e-4 -0.001094937 -0.9999994 -7.74865e-4 -8.10802e-4 -0.9999994 -2.67252e-4 2.36756e-4 -1 -3.91754e-4 3.83423e-4 -0.9999999 7.08577e-4 2.38914e-4 -0.9999998 1.32324e-4 -2.20731e-4 -1 4.33828e-4 9.66224e-4 -0.9999995 6.97399e-4 -2.61554e-4 -0.9999998 9.0241e-4 -0.00102818 -0.9999992 6.64862e-4 3.69861e-4 -0.9999997 -6.30219e-5 -9.58762e-4 -0.9999997 -8.36959e-4 8.67725e-4 -0.9999994 6.88205e-4 7.42594e-4 -0.9999995 2.69309e-4 4.24294e-4 -0.9999999 4.02384e-4 5.50329e-4 -0.9999998 -4.04151e-4 2.91548e-4 -0.9999999 -2.60128e-4 -4.41405e-4 -0.9999999 3.94911e-4 -3.90409e-4 -0.9999999 4.34203e-4 -1.55772e-4 -1 -0.001734733 -5.75323e-4 -0.9999983 -0.001089036 8.42189e-4 -0.9999991 -1.79404e-4 -1.88832e-4 -1 2.11887e-4 7.06928e-4 -0.9999998 4.1281e-4 4.12762e-4 -0.9999998 -4.30932e-4 -4.2865e-4 -0.9999998 0.1784929 0.9397552 -0.2915487 0.1771038 0.9335517 -0.3116338 0.2155489 0.9175395 -0.3341559 0.1752828 0.9448613 -0.2766101 0.1974002 0.9283957 -0.3148248 0.2485776 0.9293629 -0.2729355 0.01664775 0.9943733 -0.1046161 -0.01739126 0.995149 -0.0968306 -0.01729476 0.9950659 -0.09769833 0.05464863 0.9915681 -0.1175003 0.02167278 0.9935896 -0.1109511 0.04804223 0.9905622 -0.1283694 -0.1079847 0.9901277 -0.08936822 -0.06358426 0.9906448 -0.120748 -0.06544417 0.9907278 -0.1190617 -0.01945847 0.99335 -0.1134777 -0.02967959 0.9932691 -0.1119625 -0.04087734 0.9931585 -0.1093865 -0.06496077 0.9926498 -0.1021107 -0.07632189 0.9914047 -0.1062629 -0.1025065 0.98643 -0.1282509 0.1066073 0.9890649 -0.1019098 0.1044015 0.9891439 -0.1034165 0.1415922 0.9802467 -0.1380875 0.1314542 0.9843859 -0.1170656 0.05623739 0.9887819 -0.1383757 0.06911557 0.9883869 -0.1353307 -0.1120769 0.9896337 -0.08979886 -0.04949772 0.9950368 -0.08632463 -0.03527808 0.9956028 -0.08677971 -0.005101799 0.9887176 -0.1497045 0.001306414 0.9873824 -0.1583494 0.1138268 0.9786892 -0.170912 -0.09163326 0.9912608 -0.09489738 -0.03233373 0.9958311 -0.08529359 -0.1487364 0.9809327 -0.1250944 -0.2761454 0.8608767 -0.4273582 -0.3277589 0.8472741 -0.417972 -0.3255072 0.8320658 -0.4491231 -0.5800946 0.6665101 -0.4682464 -0.4996919 0.7434214 -0.4445592 -0.5687952 0.6977911 -0.4353846 -0.4174075 0.8640397 -0.2814364 -0.4895107 0.8119487 -0.3179914 -0.4231271 0.8476377 -0.3201155 -0.1719008 0.9642937 -0.2014642 -0.3226172 0.9128382 -0.250289 -0.2648645 0.9376084 -0.2252494 -0.214908 0.9618746 -0.1691503 -0.3161262 0.9276614 -0.1987679 -0.3458935 0.9126634 -0.2177231 0.2455783 0.8921529 -0.3791502 0.3023651 0.8627092 -0.4053496 0.2715227 0.8875377 -0.3722262 0.07493084 0.9861155 -0.1481943 0.1580593 0.980038 -0.1205943 0.1186911 0.986061 -0.1166028 0.3765752 0.8558543 -0.3545484 0.454753 0.8054229 -0.3801234 0.3639399 0.8758618 -0.3168817 0.4299683 0.8559972 -0.2870476 0.3822751 0.8758683 -0.2944833 0.4842211 0.7994214 -0.3556057 0.01098686 0.9670077 -0.2545101 0.05285102 0.9692005 -0.2405352 0.001920938 0.9757765 -0.2187613 0.02588909 0.9949028 -0.09745937 0.05864059 0.9897737 -0.1300365 0.03808993 0.9954473 -0.087372 0.3237828 0.9212983 -0.2153468 0.3618131 0.9026646 -0.2329977 0.2995874 0.9452831 -0.1291795 -0.02183771 0.9941877 -0.105423 0.01335865 0.9932868 -0.1149038 -0.006552875 0.9978395 -0.06537288 -0.01944971 0.9818082 -0.1888772 -0.06716066 0.9812981 -0.1803983 -0.03315949 0.9725577 -0.2302873 -0.1236894 0.951738 -0.2808838 -0.151248 0.9517811 -0.2669022 -0.1605536 0.9376916 -0.308151 -0.142211 0.9587576 -0.2460893 -0.201619 0.950016 -0.2383683 -0.1731439 0.941905 -0.2878128 0.2718258 0.8737725 -0.4032771 0.332613 0.8373118 -0.4339097 0.3273055 0.8693116 -0.3703627 0.02254521 0.9947804 -0.0995171 0.0226038 0.9948595 -0.09871053 0.001367866 0.9948021 -0.1018184 0.9903589 0.1068777 -0.0881285 0.9909527 0.06232672 -0.1188622 0.9910138 0.06425112 -0.1173179 0.9934931 0.0203008 -0.1120694 0.9934382 0.03054249 -0.1102172 0.993402 0.04162597 -0.1068646 0.9932806 0.06024885 -0.09881204 0.9922086 0.0719102 -0.1017401 0.9875105 0.09879654 -0.1227291 0.9892269 -0.1048976 -0.1021109 0.9893724 -0.1030431 -0.102588 0.9803203 -0.1410508 -0.1381188 0.9952762 0.05398917 -0.08068835 0.9961388 0.03482282 -0.08059048 0.98724 0.1293738 -0.09284234 0.9898164 0.0063048 -0.1422105 0.9885694 -4.14386e-4 -0.1507661 0.9803726 -0.113909 -0.1609172 0.980575 -0.153599 -0.1219836 0.9898812 -0.03772008 -0.1367934 0.9894987 -0.05341452 -0.1343103 0.9911969 0.09215289 -0.095061 0.9957408 0.03273504 -0.08618938 0.9808758 0.1495186 -0.1246072 0.939628 -0.1784267 -0.2919986 0.9334021 -0.1770558 -0.3121089 0.9173742 -0.215484 -0.334651 0.9448253 -0.1753326 -0.2767015 0.9283949 -0.1973875 -0.3148351 0.9293808 -0.2485958 -0.272858 0.9710097 0.003229379 -0.2390186 0.9718312 -0.03360456 -0.2332703 0.9730998 -0.00611335 -0.2303033 0.9926475 -0.05227893 -0.1091691 0.9957205 -0.01144468 -0.09170544 0.9955618 -0.01526582 -0.0928635 0.9927865 -0.04907995 -0.1093903 0.9943044 -0.01616895 -0.1053444 0.9918082 -0.04329097 -0.1201769 0.9918569 -0.05644804 -0.1141645 0.992706 -0.02122694 -0.1186775 0.9928158 -0.02029746 -0.1179186 0.8615357 0.2788294 -0.4242763 0.8491755 0.3303706 -0.412015 0.8335608 0.3298242 -0.4431619 0.6665039 0.5800968 -0.4682524 0.743418 0.4996951 -0.444561 0.697788 0.5687984 -0.4353854 0.8640604 0.4173679 -0.2814315 0.811946 0.4895123 -0.317996 0.8476374 0.4231234 -0.3201212 0.9642819 0.1719275 -0.2014977 0.9128183 0.3226478 -0.2503219 0.937608 0.264857 -0.2252597 0.9618717 0.2149019 -0.1691752 0.9276605 0.316127 -0.1987708 0.9126607 0.3459082 -0.2177108 0.8882082 -0.2510437 -0.3847901 0.8583126 -0.3077901 -0.4105666 0.8835325 -0.2768901 -0.3777596 0.9861159 -0.07414805 -0.1485846 0.9801663 -0.1572316 -0.120633 0.9861308 -0.1178304 -0.1168855 0.8558302 -0.3766081 -0.3545718 0.805424 -0.4547531 -0.3801208 0.8758609 -0.3639444 -0.3168787 0.8559977 -0.4299656 -0.2870498 0.8758686 -0.3822729 -0.2944855 0.7994218 -0.4842202 -0.3556062 0.9948354 -0.02510923 -0.09834647 0.9897091 -0.05794084 -0.1308394 0.9954021 -0.03733289 -0.08820992 0.9217299 -0.3230944 -0.2145323 0.9031708 -0.3611088 -0.232127 0.9457536 -0.2984303 -0.1284111 0.9933411 0.02266961 -0.1129583 0.9923619 -0.01120072 -0.1228515 0.9973131 0.007656693 -0.07285594 0.9811162 0.02333974 -0.1920063 0.9806522 0.07083207 -0.1824946 0.9717546 0.03717267 -0.2330479 0.9537876 0.1177313 -0.2764572 0.9539148 0.1451508 -0.2626364 0.9400331 0.1549859 -0.3038374 0.958561 0.1330088 -0.2519314 0.950905 0.1925969 -0.2422524 0.9415137 0.1668168 -0.2927867 0.8737688 -0.2718209 -0.4032884 0.8373122 -0.3326039 -0.433916 0.8693137 -0.3272969 -0.3703655 -0.9971529 0.001319706 -0.0753954 -0.9976323 -0.02259778 -0.06495463 -0.9976173 -0.006774842 -0.06865882 -0.9972236 0.04558777 -0.05888128 -0.993305 -0.07854866 -0.08470755 -0.997924 -0.01653969 -0.0622428 -0.9951243 -0.00342375 -0.09856933 -0.9916147 0.0251795 -0.1267529 -0.9957168 0.009989857 -0.09191524 -0.9943193 -0.01344519 -0.1055872 -0.9943208 -0.0121991 -0.1057227 -0.9933595 0.03049951 -0.1109361 -0.9921844 0.05521577 -0.1118993 -0.9951772 0.01368212 -0.09713476 -0.995018 0.01741433 -0.09816408 -0.9926196 -0.01063722 -0.1208021 -0.9952846 -0.02898406 -0.09256654 -0.9950665 -0.03116196 -0.09418874 -0.9473382 0.141012 -0.2875171 -0.9289485 0.1632966 -0.3322483 -0.9307099 0.2157806 -0.2953266 -0.8511366 -0.2979674 -0.4321828 -0.8404489 -0.3479333 -0.4154372 -0.8234222 -0.3506451 -0.4461209 -0.6665103 -0.5800998 -0.4682396 -0.7434191 -0.4996955 -0.4445587 -0.6977851 -0.5688044 -0.4353821 -0.8623217 -0.4194493 -0.283661 -0.8098704 -0.4905345 -0.3216924 -0.8454899 -0.4255806 -0.3225337 -0.9634074 -0.203181 -0.1748252 -0.928628 -0.2974384 -0.2217664 -0.9136005 -0.3257727 -0.2433235 -0.9306625 0.2423808 -0.2740784 -0.9411466 0.2217128 -0.2551206 -0.938934 0.2258461 -0.2596083 -0.9819228 0.09573829 -0.1632844 -0.98865 0.05419725 -0.1401216 -0.9674225 0.1670198 -0.1902583 -0.9658168 0.226386 -0.1262832 -0.9754816 0.1186168 -0.1853798 -0.9805315 0.1625558 -0.1101533 -0.855856 0.3765806 -0.3545387 -0.8054274 0.4547615 -0.3801037 -0.8758789 0.36394 -0.316834 -0.847529 0.4480225 -0.2845531 -0.8667683 0.400885 -0.2966546 -0.78884 0.5051442 -0.3500869 -0.9335442 0.2365978 -0.2692896 -0.9543411 0.2013189 -0.2206891 -0.9489431 0.1762852 -0.2615924 -0.9532749 0.2530756 -0.1649841 -0.9646695 0.2327008 -0.1235443 -0.97272 0.1891699 -0.1342779 -0.9950047 0.07844424 -0.06174367 -0.9961438 0.08221304 -0.03063559 -0.9975727 0.02937817 -0.06313288 -0.9582071 0.142903 -0.2478265 -0.9689004 0.1247581 -0.2136994 -0.964926 0.1039395 -0.2410694 -0.9544291 0.1562775 -0.2542488 -0.9652307 0.1126452 -0.2358829 -0.9390389 0.1616526 -0.3034378 -0.9933659 -0.02553081 -0.1121274 -0.9924861 0.008306622 -0.1220761 -0.9973468 -0.01046782 -0.07203978 -0.9820914 -0.008114635 -0.1882302 -0.9840964 -0.04313671 -0.1723181 -0.9767538 -0.04107075 -0.2103932 -0.9531747 -0.1354247 -0.270404 -0.9540674 -0.1600005 -0.2532891 -0.9400159 -0.1752589 -0.2926681 -0.9897934 -0.1026625 -0.09884089 -0.9941316 -0.07092583 -0.08168172 -0.9832934 -0.1496456 -0.103636 -0.9924693 -0.05633127 -0.1087732 -0.9904105 -0.08954364 -0.10521 -0.9831474 -0.1337134 -0.1246672 -0.9456779 -0.1454639 -0.2907469 -0.938229 -0.205183 -0.278615 -0.9258083 -0.184912 -0.3296765 -0.9237333 -0.283626 -0.2574356 -0.9414033 -0.2534399 -0.2225492 -0.9210755 -0.3146393 -0.2293953 -0.8641964 0.2520469 -0.4354735 -0.8277749 0.3132236 -0.4654887 -0.8617277 0.3082453 -0.4030017 -0.9922989 -0.04846739 -0.113991 -0.9947032 -0.04975455 -0.08994472 -0.9893907 -0.09230673 -0.1121863 -0.03235936 -0.9948341 -0.0962187 -0.03292018 -0.9944155 -0.1002708 -0.07247787 -0.9908424 -0.1139228 -0.03573161 -0.9930236 -0.1123723 -9.06147e-4 -0.9938514 -0.1107187 -0.001117944 -0.9937951 -0.1112209 -0.01382631 -0.9954568 -0.09420609 -0.01552903 -0.995524 -0.09322452 -0.005283117 -0.994317 -0.1063286 -0.1680437 -0.9465733 -0.2752462 -0.1704156 -0.9400975 -0.2952545 -0.2100015 -0.9255412 -0.3150762 -0.1741201 -0.9460073 -0.273409 -0.1969571 -0.928355 -0.315222 -0.248333 -0.9285659 -0.2758553 -0.1445246 -0.9857733 -0.08581137 -0.1410769 -0.9861661 -0.08702725 -0.1818004 -0.9758875 -0.1207987 -0.00390917 -0.9869667 -0.1608772 -0.00139445 -0.986824 -0.1617913 -0.09326338 -0.97852 -0.1838493 0.009422659 -0.9923549 -0.1230565 0.03107589 -0.9936006 -0.1085919 0.01591956 -0.9933 -0.1144632 0.06033253 -0.994794 -0.08212882 0.1757413 -0.976644 -0.1236191 0.1187159 -0.9882287 -0.09649145 0.1436626 -0.9830604 -0.113813 0.09071397 -0.9888321 -0.1182457 0.08853995 -0.9890992 -0.1176586 0.07163417 -0.996721 -0.03762674 0.07765042 -0.9964709 -0.03187608 0.1039192 -0.9933932 -0.04869139 0.297965 -0.8511379 -0.4321819 0.3479309 -0.8404503 -0.4154364 0.350603 -0.8234473 -0.4461076 0.5800983 -0.6665064 -0.4682469 0.4996953 -0.7434179 -0.4445611 0.5687985 -0.6977879 -0.4353853 0.4194554 -0.862325 -0.2836424 0.4905426 -0.8098726 -0.3216745 0.4255912 -0.8455036 -0.3224835 0.2183382 -0.9592731 -0.1792305 0.3185101 -0.9240929 -0.2111958 0.3489291 -0.9085613 -0.2297061 -0.1468278 -0.9816312 -0.1218271 -0.1080207 -0.987434 -0.1153506 -0.06325364 -0.9872467 -0.1460928 -0.1461424 -0.98363 -0.1054257 -0.09102433 -0.9880582 -0.1243205 -0.09724044 -0.9874306 -0.1246008 -0.3765774 -0.8558549 -0.3545444 -0.4547551 -0.8054239 -0.3801186 -0.3639471 -0.8758607 -0.3168763 -0.4235685 -0.85873 -0.288397 -0.3757595 -0.8784222 -0.2952618 -0.4776907 -0.8025937 -0.3572884 -9.47942e-4 -0.9799461 -0.1992604 -0.04123729 -0.9753122 -0.2169463 -0.001630902 -0.9867005 -0.1625409 -0.07402503 -0.9908741 -0.1126451 -0.1038151 -0.98374 -0.146554 -0.1318361 -0.9837995 -0.1214819 -0.3409443 -0.9044685 -0.2563084 -0.3394066 -0.9171526 -0.2088884 -0.3040923 -0.9340407 -0.1873394 0.02424651 -0.9941467 -0.1052832 -0.0102564 -0.9933459 -0.1147126 0.008560776 -0.9978629 -0.06478011 0.007082581 -0.9805912 -0.1959359 0.0409168 -0.9826865 -0.1807016 0.03980404 -0.9750568 -0.2183575 0.1203637 -0.9539545 -0.2747429 0.1468622 -0.9550516 -0.2575035 0.1548116 -0.9416768 -0.2987947 0.01976388 -0.9873172 -0.1575255 0.05017262 -0.9884019 -0.1433338 0.09803014 -0.9842814 -0.1469019 0.1324976 -0.9531736 -0.271854 0.193822 -0.9433116 -0.2694368 0.1693257 -0.932033 -0.3203798 0.2628244 -0.9157922 -0.3037236 0.2079554 -0.954311 -0.2145811 0.2565321 -0.9358721 -0.2415259 0.295216 -0.9200372 -0.2576417 0.2593829 -0.9372498 -0.2329883 0.3221385 -0.9183657 -0.2298508 -0.2718126 -0.8737609 -0.403311 -0.3325908 -0.8373118 -0.4339268 -0.327298 -0.8693117 -0.370369 0.05529826 -0.9900067 -0.1297261 0.05644589 -0.9922759 -0.1104643 0.1004055 -0.9879335 -0.1179249 0.9987707 -0.04344254 0.02387416 0.9967033 -0.07790136 0.02267283 0.9966953 -0.07791906 0.02296215 -0.9880611 -0.1077495 0.110115 -0.9834522 -0.1418736 0.1126668 -0.9828312 -0.1374343 0.1231042 0.2336284 -0.9720501 0.02316278 0.2387707 -0.9709194 0.01744103 0.3672 -0.9295783 -0.03237974 0.1486805 -0.9868119 0.06400465 0.1510441 -0.985189 0.08116912 0.3277826 -0.9425481 0.06451213 0.3737307 -0.9274016 -0.01586216 0.237138 -0.9713993 0.01220566 0.2310388 -0.9729069 0.008568108 0.3606245 -0.9319257 0.03827023 0.2195261 -0.9756067 2.35405e-4 0.201994 -0.979224 -0.01785725 0.3104883 -0.9482951 -0.06583034 0.1418123 -0.9860585 -0.08705252 0.1306516 -0.9892536 -0.06563252 0.1340453 -0.9909682 0.003727316 0.1344833 -0.9909136 -0.002134025 0.0881794 -0.9961029 -0.001830935 0.1688848 -0.9855808 0.01042336 0.1233254 -0.9923502 0.005657553 0.1227463 -0.9923779 0.01092678 -0.03555113 -0.9993209 -0.009694278 -0.03551632 -0.9993073 -0.0111134 -0.06400913 -0.9978893 -0.01095223 -0.1531416 -0.9858427 -0.06827688 -0.1542597 -0.985416 -0.0718283 -0.3320327 -0.9407392 -0.06902396 -0.1570277 -0.9875634 0.007800519 -0.131055 -0.9913574 0.005926787 -0.1582644 -0.9873757 0.0064435 -0.1919543 -0.9814038 4.80745e-4 -0.2048408 -0.9787952 -4.79541e-4 -0.2048501 -0.9787933 -3.21941e-4 -0.2277159 -0.973727 0.001197457 -0.2335311 -0.9723381 0.004678308 -0.3724473 -0.9280196 -0.007916629 -0.3087567 -0.950539 0.03383791 -0.1391267 -0.9899663 0.02471137 -0.1287868 -0.9911039 0.03357106 -0.212621 -0.9758839 -0.04942649 -0.1500325 -0.9885688 -0.01490712 -0.1946198 -0.9807181 -0.01775228 0.005969464 -0.9986426 0.05174291 0.03455495 -0.9981926 0.04916715 0.005681693 -0.9989001 0.04654407 -0.1476764 0.988889 0.01703983 -0.1231014 0.9918889 0.03166484 -0.07700616 0.9964215 0.03484749 -0.3602132 0.9320768 -0.03846162 -0.2330435 0.9720155 0.02960777 -0.2377609 0.9711037 0.02067822 -0.1522411 0.9851976 0.07879358 -0.157061 0.9817627 0.1071166 -0.3311686 0.9402335 0.0792995 -0.223873 0.9746143 -0.002777934 -0.22996 0.9731695 -0.007712483 -0.368281 0.9296377 0.01195842 -0.3092846 0.9500048 -0.04282468 -0.1397616 0.9896028 -0.03395521 -0.1293786 0.9906855 -0.04246854 -0.08721148 0.9960485 -0.01678293 -0.004756867 0.9998298 -0.01782786 -0.03360605 0.9993169 -0.01537704 -0.09085196 0.9958443 0.006341934 -0.09083628 0.9958429 0.006765723 -0.1371089 0.9905326 0.00681138 -0.1890194 0.9819732 -5.82488e-4 -0.1890428 0.9819688 -1.32607e-4 -0.2018904 0.9794076 -0.00107336 0.08983749 0.9958593 0.01390963 0.08990943 0.9958747 0.01224911 0.1361275 0.9905872 0.01436829 0.149271 0.9861934 -0.0716995 0.1505376 0.9854093 -0.07941591 0.3283358 0.9417839 -0.07237845 0.3706178 0.9284106 0.02638828 0.2390283 0.9707929 -0.02065688 0.2312912 0.9728423 -0.00907737 0.219453 0.9756229 -6.25204e-4 0.2137892 0.9768798 -5.37204e-4 0.2286305 0.9734217 0.0133515 0.359387 0.9326038 -0.03303349 0.2152189 0.9765604 0.003293097 0.1989364 0.9798792 0.01616567 0.3100128 0.949582 0.04675829 0.1410849 0.9878043 0.06586217 0.1301038 0.9903993 0.04671782 0.1620157 0.9867581 -0.007706463 0.09404134 0.9954029 0.01814728 0.1396884 0.9901119 0.01287519 0.1432686 -0.9896838 -3.28915e-4 0.0731858 -0.9971171 -0.02004051 0.1188142 -0.9928523 -0.01129895 -0.1681284 -0.9857624 -0.002322912 -0.1434421 -0.9895128 -0.01699936 -0.09730571 -0.995095 -0.01782429 -0.02047306 0.9987297 -0.04604333 0.008552491 0.9990177 -0.043482 -0.02055358 0.9987785 -0.04493457 0.9927356 -0.09940373 -0.06778645 0.9925894 -0.09939861 -0.0699011 0.9574508 -0.2804899 -0.06792217 0.9614978 -0.2741641 0.01886796 0.9743039 -0.2249345 -0.01168978 0.9732359 -0.2296842 -0.007560074 0.9732963 -0.2086219 -0.09576678 0.9852213 -0.171287 1.4941e-4 0.9841992 -0.1770594 0.001408398 0.9445641 -0.2370378 -0.2271825 0.9955528 -0.08976739 0.02857524 0.9895097 -0.1428645 0.02145254 0.9954764 -0.09410881 0.01305389 0.9970287 -0.07243257 0.02622193 0.9667171 -0.254431 0.0268898 0.9940227 -0.1089363 -0.007202863 0.9940117 -0.1091236 -0.00573641 0.9971929 -0.0748406 -0.002271115 0.9973798 -0.07210481 0.005871236 0.9992352 -0.03786492 0.009766519 0.9992667 -0.03762203 0.007120609 0.9891115 0.1471678 5.0366e-4 0.9831746 0.1826494 0.002640485 0.9890938 0.147284 -9.86472e-4 0.9895857 0.1438925 -0.003872573 0.9895653 0.1439863 -0.005343258 0.995184 0.09773916 -0.007480919 0.9808019 0.1949003 0.006452381 0.9796582 0.2005794 0.006152868 0.974761 0.2179163 0.04851347 0.9946864 0.0942313 0.04146784 0.9445783 0.2289971 -0.2352281 0.9886159 0.1470742 0.03174602 0.9952598 0.09466069 0.02229827 0.9933537 0.1007007 0.05574786 0.9609185 0.2759282 0.02234518 0.9608861 0.2746097 -0.03588223 0.9909244 0.1299754 0.03428274 0.9836983 0.179058 0.01661098 0.9946074 -0.1031249 -0.01101839 0.9975959 -0.06870031 -0.009096622 0.9946433 -0.1030253 -0.008394896 -0.9932523 -0.0335769 0.1110073 -0.9932164 -0.03357285 0.1113292 -0.969928 -0.2165884 0.1110368 -0.963158 -0.2685867 -0.01371866 -0.9760179 -0.2172849 0.01328247 -0.9749054 -0.2223924 0.01005774 -0.970068 -0.2237965 0.09425115 -0.9829536 -0.1837993 -0.004501104 -0.9818605 -0.1895486 -0.0046373 -0.9978035 -0.06552052 -0.009764075 -0.9911938 -0.1309722 -0.01952487 -0.9828216 -0.1839971 -0.01438146 -0.9939654 -0.0930987 -0.0580126 -0.9966244 -0.07314288 -0.03728514 -0.9662118 -0.2550516 -0.03719705 -0.9893243 -0.1442201 -0.02092784 -0.9683192 -0.2482114 0.02736777 -0.983216 -0.1821665 -0.0100829 -0.9756197 0.2192475 -0.009839773 -0.9744761 0.2243896 -0.006767749 -0.9629636 0.268922 0.01955074 -0.9829594 0.1832153 -0.01493287 -0.992655 0.1188455 -0.02262496 -0.9720683 0.2346913 -0.001837849 -0.9614797 0.2746369 0.01145851 -0.9868522 0.1613309 -0.009758293 -0.9803491 0.1970737 -0.008802533 -0.996132 0.08003926 -0.03626108 -0.9966188 0.07397133 -0.03576767 -0.9905801 0.1334606 -0.03065103 -0.9950469 0.09179395 -0.03815227 -0.9951131 0.09298133 -0.03323525 -0.9978483 0.05875778 -0.02909421 -0.9950737 -0.09830045 0.01285701 -0.9950761 -0.09856098 0.01045477 -0.9979025 -0.06418526 0.008428812 -0.9882135 0.1530694 -0.001977086 -0.9820956 0.1883798 0.001139104 -0.9882353 0.1529408 -3.7945e-4 -0.9992465 -0.03800135 -0.007900536 -0.999926 -0.009059786 -0.00812608 -0.9992278 -0.03817266 -0.009314596 0.9829737 0.1834339 -0.01071804 0.9891108 0.1455581 -0.02173954 0.9680833 0.2491389 0.02728694 0.9655801 0.2575766 -0.03618645 0.9937413 0.09578227 -0.05748152 0.9964656 0.07574814 -0.03631263 -0.9966996 0.07821303 0.02174091 -0.9987892 0.04368793 0.02261781 -0.9967079 0.0781942 0.02142745 -0.993376 0.09459847 -0.065234 -0.9932817 0.0945906 -0.06666535 -0.9589731 0.2758542 -0.06538516 0.3753634 0.9268538 0.006671428 0.2365629 0.9716131 -0.002472043 0.3756879 0.9267269 -0.005991518 0.738556 0.6739724 0.0172156 0.6023187 0.7978566 0.02523839 0.7386779 0.6735851 0.02526009 0.7385892 0.6737333 -0.02386182 0.7389647 0.6735616 -0.01568335 0.8498162 0.5265402 -0.02383422 0.9630735 0.2691949 0.004859805 0.9630343 0.2693674 -0.002467572 0.9757263 0.2189924 -8.29611e-4 0.9609223 -0.2767291 0.007029354 0.9737236 -0.2276846 -0.004704594 0.9606236 -0.2778474 -0.001777112 0.7420614 -0.6700798 0.01838439 0.8522511 -0.5224919 0.02589374 0.7417207 -0.6702088 0.02589881 0.7358385 -0.6766988 -0.0249077 0.7357146 -0.6770817 -0.01686662 0.5989577 -0.8003954 -0.02483999 0.3750864 -0.9269689 0.006249427 0.3748073 -0.927079 -0.006636023 0.2359071 -0.971774 0.001813173 -0.3800737 -0.9246905 0.0221703 -0.246741 -0.9689216 -0.01760482 -0.3840629 -0.9233025 -0.002873361 -0.735354 -0.6774571 0.01750475 -0.5985113 -0.8007192 0.0251618 -0.7354611 -0.6770989 0.02517968 -0.7412857 -0.6707178 -0.02516436 -0.7416306 -0.6705797 -0.01752096 -0.8519156 -0.5230755 -0.02513873 -0.9604636 -0.2784012 0.001643419 -0.9606962 -0.2775301 -0.006313621 -0.9736144 -0.2281657 0.003928899 -0.9963533 0.07948541 -0.03102052 -0.9988708 0.02792632 -0.03843718 -0.9963687 0.07943296 -0.03065776 -0.7808034 0.6235734 0.03875917 -0.8820399 0.4693756 0.04113793 -0.7807034 0.6235448 0.04116201 -0.7370957 0.6753183 -0.02520257 -0.7369846 0.6756861 -0.01738411 -0.6004461 0.7992702 -0.02513313 -0.3797639 0.9250733 0.004331946 -0.3778851 0.9257369 -0.01463401 -0.2412086 0.9704056 0.01146775 1.09226e-4 4.19747e-4 -1 9.60454e-4 -0.001026332 -0.9999991 -4.26871e-5 1.21386e-4 -1 -5.96501e-4 5.06276e-4 -0.9999997 7.13426e-4 -1.00256e-4 -0.9999998 -4.28783e-4 -5.20514e-5 -1 -6.85033e-4 -1.10919e-4 -0.9999998 -4.90268e-4 -5.43233e-4 -0.9999998 6.7617e-4 6.28923e-4 -0.9999996 -4.74784e-4 -5.23693e-4 -0.9999998 0.2726012 -0.04022598 0.9612858 0.3737698 -0.04076403 0.9266253 0.2504994 -0.04859709 0.9668964 0.9940872 -0.06151342 0.08948099 0.9503317 -0.06139141 0.3051242 0.9899726 -0.06018841 0.1277953 0.5406706 0.04586803 0.8399831 0.7398061 0.0456264 0.6712713 0.5407142 0.0446518 0.8400205 -0.3003156 0.04446595 0.952803 -0.3002589 0.04631352 0.9527328 -0.1738635 0.04335349 0.9838151 -0.9422814 0.01898849 0.3342834 -0.8907924 0.01282811 0.4542293 -0.8905252 0.01904684 0.4545351 -0.8540752 -0.06188201 0.5164555 -0.8352618 -0.06482905 0.5460175 -0.7462239 -0.0624268 0.6627615 0.9536824 0.07177925 -0.2921262 0.9572783 0.07673954 -0.2787999 0.9073414 0.0739687 -0.4138362 0.3404128 -0.06474727 -0.9380442 0.3403604 -0.06670302 -0.9379262 0.5719753 -0.06565618 -0.817639 0.2150816 0.02521604 -0.9762706 0.3407106 0.003992915 -0.9401598 0.08621519 0.02480971 -0.9959676 -0.6050857 -0.05216199 -0.7944498 -0.603308 -0.02571916 -0.7970935 -0.7891183 -0.02213454 -0.6138423 -0.6321532 -0.01130408 -0.774761 -0.808763 0.02220517 -0.5877156 -0.811116 -0.00927037 -0.5848119 0.7155162 0.03708207 -0.6976113 0.5132279 0.07262736 -0.8551739 0.5104145 0.04014933 -0.8589908 0.7116969 -7.31591e-5 -0.7024867 0.7153246 0.03938454 -0.6976815 0.5102265 0.04115009 -0.8590551 0.9680923 -0.05311912 0.2448993 0.9283071 -0.04643672 0.3689031 0.9281264 -0.04916143 0.3690047 0.8527509 0.0719068 0.5173445 0.8336999 0.07860916 0.5465942 0.7445102 0.07640153 0.6632249 -0.1525788 -0.05097711 0.9869758 -0.1521452 -0.05056148 0.9870641 -0.02140498 -0.05336385 0.9983457 -0.2555022 0.02207696 0.9665565 -0.2784662 0.02679586 0.9600722 -0.3794165 0.02808177 0.9247998 -0.8974474 -0.0250082 0.440412 -0.8976027 -0.03608345 0.4393263 -0.9471577 -0.02316755 0.3199307 -0.9208986 0.001927852 0.3897977 -0.9762344 0.001411736 0.2167127 -0.9831354 0.02528148 0.181124 -0.7687986 0.03132253 -0.6387234 -0.8179872 0.01691889 -0.5749878 -0.6413171 0.02061784 -0.7669989 -0.715196 -0.04290264 -0.697606 -0.5116079 -0.07214778 -0.8561846 -0.5100536 -0.04555606 -0.8589355 0.5996097 0.06328642 -0.7977864 0.4428518 0.04616349 -0.8954056 0.6596487 0.04476064 -0.75024 0.3508441 -0.05125319 -0.9350302 0.4681506 -0.03393965 -0.8829967 0.3272455 -0.03466802 -0.9443032 -0.6409817 -0.006952106 -0.7675248 -0.6399379 0.02163237 -0.7681221 -0.7683044 0.02333426 -0.6396592 -0.7081578 0.06782299 -0.7027891 -0.8225844 0.09112513 -0.5612941 -0.8290989 0.06749838 -0.5550127 -0.9975321 -0.06583297 -0.02440857 -0.9967615 -0.06373983 0.04903095 -0.9763186 -0.06325304 0.206884 -0.7508894 0.0664373 0.6570779 -0.6647638 0.07098209 0.7436738 -0.5548764 0.06617128 0.8292971 -0.4421616 -0.03010523 0.8964301 -0.5602867 -0.01205688 0.8282111 -0.4401533 -0.01131159 0.8978515 0.3639979 0.03890174 0.930587 0.5908479 0.01087677 0.8067096 0.361971 0.01539778 0.9320623 0.4757816 -0.02004045 0.8793351 0.6061672 -0.02095198 0.7950614 0.6791644 -0.05289208 0.732078 0.9722295 0.01837235 0.2333073 0.9722432 0.03111487 0.2318946 0.9943858 0.01676511 0.1044782 0.9927078 -0.029477 0.1168865 0.9974393 -0.03242576 -0.06374567 0.9941917 -0.05152237 -0.09449005 0.6369672 -0.03646099 -0.7700283 0.634737 -0.01735252 -0.7725335 0.5454049 -0.03720909 -0.8373464 0.6387793 -0.01002472 -0.7693248 0.7222279 -0.009458482 -0.6915906 0.5187172 -0.01379203 -0.8548347 0.9962448 0.05074858 -0.07014936 0.9967169 0.03944152 -0.07071 0.9930843 0.04047733 0.1102055 0.9417765 -0.05469667 0.3317612 0.8927345 -0.06111615 0.4464193 0.890143 -0.05567377 0.4522676 0.7344455 0.03948205 0.6775184 0.654005 0.04051524 0.7554045 0.6541134 0.04712277 0.7549272 -0.01834303 -0.0482248 0.9986681 -0.06152123 -0.05022144 0.9968415 0.06931227 -0.0477814 0.9964501 -0.1169583 0.01946383 0.9929461 -0.09803402 0.02759534 0.9948004 -0.2454637 0.02672034 0.9690375 -0.9248325 -0.001922726 0.3803699 -0.9782798 -0.00131905 0.2072849 -0.9786365 -0.0197038 0.2046521 -0.9447708 -0.0156461 0.3273583 -0.9451056 -0.007583141 0.3266772 -0.9792523 -0.01815289 0.2018305 -0.5106076 0.01226395 -0.8597264 -0.513466 0.03579092 -0.8573632 -0.6306045 0.01097792 -0.7760268 -0.6021887 -1.91019e-4 -0.7983539 -0.4792022 0.007596313 -0.8776717 -0.6899207 0.007236242 -0.7238488 0.04267627 -0.7357606 0.6758959 0.04326128 -0.6554913 0.7539628 0.03869485 -0.6557438 0.7539913 -0.06420212 -0.4824686 0.8735573 -0.06523787 -0.4409713 0.8951472 -0.062276 -0.3326959 0.9409756 0.06014043 0.118604 0.9911187 0.05461031 0.09923952 0.993564 0.05411863 0.2466356 0.9675961 -0.08247679 0.5580884 0.8256724 -0.09349238 0.5577106 0.8247534 -0.08342099 0.753261 0.65241 0.04353839 0.8744816 0.4831008 0.04292875 0.9473807 0.3172175 0.05741673 0.9477818 0.3137088 -0.02665007 0.8656132 -0.5000037 -0.01426041 0.9232139 -0.3840219 -0.01607912 0.8594779 -0.5109199 -0.05464953 0.9067842 -0.4180381 -0.04327124 0.9069119 -0.4190925 -0.06065309 0.7672247 -0.6385041 0.03836548 -0.03045868 -0.9987996 0.03847211 0.09421324 -0.9948084 0.03995084 -0.08643174 -0.9954565 0.0439437 -0.7852471 -0.6176212 0.04550659 -0.7851231 -0.6176658 0.03976064 -0.7102082 -0.702868 -0.05170589 -0.2903069 -0.9555357 -0.04978919 -0.3723616 -0.9267513 -0.05180341 -0.2154161 -0.9751473 -0.06293922 -0.9846647 -0.1627089 -0.05562543 -0.997077 0.05237692 -0.05947905 -0.9976952 -0.03266096 -0.0139687 -0.9999005 -0.001978158 0.005906701 -0.9999769 -0.003394246 -8.89979e-4 -0.984255 0.1767522 0.004839837 -0.3785101 -0.9255846 0.001268267 -0.4662946 -0.8846286 0.002338945 -0.3253035 -0.9456069 0.01253801 -0.4487261 -0.8935815 0.009388625 -0.3972218 -0.9176747 0.01191174 -0.2963818 -0.9549953 0.02705115 0.7872396 -0.6160537 0.01448744 0.8328884 -0.5532515 0.01094853 0.6614103 -0.7499443 -0.007397174 0.7731558 -0.6341731 -0.03206735 0.645151 -0.7633818 -0.008629918 0.6457333 -0.7635143 -0.04879599 0.9975517 0.05009645 -0.01953244 0.9925745 0.12006 -0.01911568 0.9609394 0.2760978 0.004557609 0.9836478 0.1800452 0.01922547 0.9519957 0.3055071 0.003616213 0.9515978 0.3073251 0.0209487 0.4814285 0.8762351 0.04360562 0.5258697 0.8494467 0.01781058 0.3314731 0.9432966 -0.03908967 0.2268213 0.9731517 -0.02447789 0.3501571 0.9363712 -0.02538633 0.2382177 0.97088 0.0187335 -0.2853578 0.958238 0.03214675 -0.2861822 0.9576359 0.01956897 -0.4383792 0.8985772 -0.01677799 -0.4697729 0.8826279 -0.01859247 -0.3990219 0.9167529 -0.01700466 -0.5532236 0.8328593 0.02776497 -0.9756979 0.2173539 0.04540407 -0.9756354 0.2146489 0.02548819 -0.9957771 0.08819514 -0.01283246 -0.9880602 0.1535336 -0.0157786 -0.999515 -0.02684712 -0.04715889 -0.9973757 -0.05493563 -0.04601943 -0.4898387 0.8705977 -0.0547502 -0.4764986 0.877469 -0.04301565 -0.3406056 0.9392218 0.05502629 -0.06417465 0.9964205 0.04795777 -0.1886107 0.9808803 0.05162948 -0.008011639 0.9986343 -0.0515688 0.416562 0.9076436 -0.04994851 0.6375492 0.7687889 -0.04933297 0.416621 0.9077407 0.04258489 0.8677709 0.4951366 0.04113721 0.9431518 0.3298065 0.04223322 0.9551246 0.2931782 -0.01421785 0.9654778 0.2600972 -0.009603321 0.96557 0.2599661 -0.01348918 0.9911625 0.1319661 0.04390805 0.8226143 -0.5669021 0.01484346 0.8248784 -0.5651153 0.01911336 0.650538 -0.7592333 0.01076877 0.8145805 -0.5799506 -0.01991003 0.639297 -0.7687022 0.009618163 0.6367645 -0.7709984 0.07190686 -0.6644833 -0.7438356 0.0664165 -0.4491108 -0.8910042 0.0730217 -0.4487202 -0.8906841 -0.04529547 -0.2272233 -0.9727888 -0.02722674 -0.3820523 -0.9237396 -0.02836346 -0.2256286 -0.9738005 -0.06019979 -0.9854648 -0.1588557 -0.05516916 -0.9965646 0.06176924 -0.05679124 -0.9979708 -0.02879452 0.05274432 -0.9785023 0.1993775 0.05761373 -0.9702033 0.235343 0.05623996 -0.9116289 0.4071485 -0.0439555 -0.8225774 -0.5669521 -0.01491409 -0.8248397 -0.5651699 -0.0191819 -0.6504497 -0.7593072 -0.01077324 -0.8143938 -0.5802127 0.01992523 -0.639045 -0.7689114 -0.009522318 -0.6365174 -0.7712035 -0.07196712 0.6647291 -0.7436102 -0.06657606 0.4494008 -0.890846 -0.07321953 0.4490098 -0.8905218 0.04516983 0.2274982 -0.9727303 0.02709943 0.3823138 -0.9236351 0.02826106 0.2259043 -0.9737395 0.04390025 0.9646188 -0.2599679 0.04494053 0.9981261 -0.04152935 0.04369807 0.9903107 -0.1318157 0.03436112 0.7827063 0.6214421 0.03377079 0.6831938 0.7294558 0.03366369 0.8487482 0.5277248 -0.04316478 0.9126452 0.4064672 -0.05326694 0.9785981 0.1987671 -0.04520928 0.9710396 0.2346022 -0.03718191 0.06461721 0.9972172 -0.03662562 0.1880365 0.981479 -0.03981697 0.007463276 0.9991792 0.03133046 -0.04307651 0.9985804 0.02700674 -0.0432862 0.9986977 0.03286218 -0.1732119 0.9843362 -0.03050559 -0.8695538 0.492895 -0.02864342 -0.9444645 0.3273628 -0.01704734 -0.9564873 0.2912755 0.01523971 -0.9364601 0.3504428 0.01110762 -0.9365977 0.3502305 0.01838076 -0.9741066 0.2253408 0.8771153 -0.4698836 -0.09938949 0.8085813 -0.5801283 -0.09822207 0.9315961 -0.3499686 -0.09823912 0.9953871 0.06283664 0.07250034 0.978124 0.1917749 0.08059722 0.978517 0.1921647 0.07468146 0.8209273 0.562046 -0.10091 0.821996 0.5623582 -0.08986634 0.647675 0.7566045 -0.0898149 0.4114318 0.9046089 0.111386 0.1621254 0.9808269 0.1081385 0.3247293 0.9399206 0.1053588 -0.4706103 0.8664731 -0.1665843 -0.4709397 0.8702415 -0.1445531 -0.682099 0.7168433 -0.1444876 -0.8680446 0.4891337 0.08512842 -0.9223807 0.372076 0.1037945 -0.9245193 0.3707504 0.08836579 -0.949773 -0.3070033 -0.06066578 -0.9507816 -0.3064941 -0.04556053 -0.8389398 -0.5423136 -0.04556369 -0.8167471 -0.5746418 0.05206805 -0.6399011 -0.7655054 0.06729292 -0.6399875 -0.7666596 0.05147206 -0.04522413 -0.996729 -0.06697857 -0.04533636 -0.9969907 -0.06288146 -0.3021658 -0.9508993 -0.06698095 0.4319838 -0.8955408 0.1067552 0.2754783 -0.9555627 0.104937 0.2753913 -0.9546632 0.1130387 -0.9861087 -0.1541701 0.06181704 -0.9571932 -0.2821205 0.06472408 -0.9859114 -0.1540452 0.06518483 -0.9973005 0.03893387 -0.06225782 -0.9972295 0.03890514 -0.06340277 -0.9835142 0.1686091 -0.06535089 -0.4584071 0.8850192 0.0812658 -0.6692143 0.7352277 0.1076691 -0.6724481 0.7357017 0.0809732 -0.3726202 0.9264995 -0.05246984 -0.3375086 0.9399905 -0.05005925 -0.2123982 0.9756942 -0.05392467 0.6612756 0.7440633 0.0953117 0.6587423 0.7503189 0.05550009 0.8308094 0.554113 0.05210405 0.7452596 0.6665703 -0.01649975 0.8878446 0.4561976 -0.06013286 0.8923567 0.4510124 -0.01695704 0.5903186 -0.8048297 -0.06142562 0.5878738 -0.808448 -0.02857184 0.7771402 -0.6287458 -0.02705687 0.6600576 -0.7510399 0.01622378 0.8283097 -0.557709 0.05351579 0.8319048 -0.5546354 0.01772427 -0.2404692 -0.9703485 0.02446067 -0.1117371 -0.99331 0.02915811 -0.2407286 -0.9700499 0.03245025 -0.2942024 -0.954219 -0.05395483 -0.294409 -0.9543257 -0.05085194 -0.4495664 -0.8913862 -0.05762583 0.4733829 -0.8703846 -0.1354237 0.4732141 -0.8737507 -0.1123751 0.6844059 -0.7203971 -0.1123232 0.6939506 -0.719923 0.01198035 0.8535578 -0.5188103 0.04769641 0.8565615 -0.5158194 0.01525735 0.9844322 0.17268 0.03278571 0.953987 0.2989211 0.02356022 0.9536119 0.2994185 0.03119349 0.950932 0.3074219 -0.03493463 0.9506294 0.3063789 -0.04935401 0.8387975 0.542203 -0.04934626 0.04580014 0.9989457 -0.003137886 0.05042362 0.9980087 -0.03789448 0.3027336 0.9530701 -0.003145515 0.4091576 0.9089375 0.080141 0.1657251 0.9853707 0.0397458 0.328261 0.9438061 0.03840446 -0.8810567 0.4729142 -0.009571075 -0.8130216 0.582165 -0.008943676 -0.9359725 0.3519706 -0.008514404 -0.8747857 0.4842992 0.01429182 -0.9286242 0.3689802 0.0388689 -0.9306002 0.3656095 0.01769447 -0.8208442 -0.5686709 -0.05317974 -0.8247838 -0.5651946 -0.01693129 -0.6504109 -0.7593942 -0.01691615 -0.869156 -0.4903411 -0.06429189 -0.7185785 -0.6951103 -0.02160513 -0.7123797 -0.6989982 -0.06258487 -0.2474728 -0.9651439 0.08517354 0.01090669 -0.9971052 0.07524842 -0.1199324 -0.9900001 0.07427024 -0.5289611 -0.8446794 0.08195722 -0.5276433 -0.8443087 0.09346407 -0.7288075 -0.6780773 0.0951358 -0.7746923 0.6275513 0.07766163 -0.9115042 0.4055463 0.06850028 -0.911334 0.4052494 0.07241177 -0.9607186 0.2706288 -0.06147986 -0.960536 0.2706159 -0.06432598 -0.9878141 0.1430484 -0.06132256 -0.3872589 0.9207938 -0.04657828 -0.3522825 0.9344261 -0.05239224 -0.2278496 0.9725713 -0.04679483 0.2145423 0.9733554 0.08093792 0.08605366 0.9934874 0.0746836 0.2147573 0.9736155 0.07715046 0.6091933 0.7840678 -0.1188333 0.7917056 0.5977442 -0.1261119 0.7925703 0.598367 -0.1174271 0.9702681 0.2281859 0.08069032 0.9705765 0.2281941 0.0768693 0.9917811 0.09864878 0.08147829 0.4790079 -0.8765355 0.04729795 0.6895065 -0.7235847 0.03171515 0.6897974 -0.72267 0.04390692 0.7060106 -0.7043982 -0.07329589 0.7056544 -0.7042887 -0.07764929 0.8642595 -0.4970439 -0.07747912 -0.2945751 -0.9535932 -0.06233477 -0.2971918 -0.9508174 -0.08731257 -0.4499892 -0.8907755 -0.06347322 -0.7071934 -0.7070201 1.73836e-4 -0.7080825 -0.7061298 2.2542e-6 -0.7080907 -0.7061216 -1.00008e-4 -0.7071068 0 0.7071067 -0.7071069 0 0.7071067 -0.7070566 0.707157 -1.00142e-4 -0.7079244 0.7062882 5.72974e-5 -0.7078739 0.7063325 0.003010213 0.707101 -0.7071126 -1.16476e-5 0.7072064 -0.7070071 7.51803e-6 0.7300773 -0.6831605 -0.01670372 0.7072055 -0.7070078 6.2974e-4 0.7071062 0 0.7071074 0.7071071 0 0.7071065 0.7071142 0.7070994 1.45274e-5 0.7068791 0.7073345 6.18077e-5 0.6771662 0.7355193 -0.02138388 0.706881 0.7073325 3.32843e-4 1 -8.88783e-7 3.25193e-6 1 -1.30584e-5 -1.33767e-5 1 1.28944e-5 -6.97526e-6 1 1.26987e-5 8.79022e-6 1 -1.48112e-5 6.71964e-6 1 0 -1.12732e-6 1 8.87339e-6 1.3026e-5 1 -1.05031e-5 7.65454e-6 1 -1.17945e-5 -9.19733e-7 1 -1.34867e-5 -3.06185e-6 1 8.97413e-6 -2.52717e-5 1 2.42469e-6 2.60565e-6 0.2633697 0.0779801 -0.9615381 0.2500364 0.07949894 -0.9649673 0.2633664 0.3229987 -0.909016 -0.2232786 0.7048532 -0.6732968 -0.150362 0.7330356 -0.6633628 -0.2233055 0.8532322 -0.4713063 -0.2369425 0.8347662 -0.4970148 -0.1824226 0.6985354 -0.6919323 -0.1824513 0.8507537 -0.4928789 0.1996371 0.9741902 0.1053487 0.2374583 0.9652042 0.1095184 0.1995846 0.9156252 0.3489937 -0.2376286 0.7820253 0.5761677 -0.2039902 0.9083017 0.365207 -0.2040113 0.7858301 0.583824 0.1482105 0.6078121 0.7801271 0.1601836 0.6063827 0.7788718 0.1481922 0.3922235 0.9078546 -0.2340124 -0.003370106 0.9722279 -0.2304963 0.245291 0.9416495 -0.230532 -0.003317296 0.9730592 0.1927326 -0.08938163 0.977172 0.157639 -0.09601116 0.9828183 0.1927034 -0.3339687 0.9226757 -0.1368916 -0.7960461 0.5895517 -0.06348222 -0.8168832 0.5732992 -0.1368718 -0.9185171 0.3709346 0.0893563 -0.8598706 0.502631 0.1628484 -0.7166711 0.6781321 0.1628383 -0.8644158 0.4756774 -0.1640297 -0.9107155 -0.3790668 -0.2004467 -0.9694778 -0.1411876 -0.2004678 -0.9019455 -0.382501 0.3549119 -0.8120292 -0.4632993 0.3661361 -0.8082604 -0.4611502 0.3548694 -0.6598135 -0.6623548 -0.3657405 -0.1476308 -0.9189336 -0.3524351 -0.38819 -0.8515269 -0.352441 -0.1483162 -0.9240064 1 -8.88781e-7 3.25194e-6 1 -1.52349e-5 -1.3377e-5 1 1.28944e-5 -6.9751e-6 1 9.93146e-6 2.28105e-6 1 1.26987e-5 8.7902e-6 1 -1.48113e-5 6.71973e-6 1 0 -1.12732e-6 1 8.87337e-6 1.3026e-5 1 -1.05031e-5 7.65463e-6 1 -1.17946e-5 -9.19831e-7 1 -1.34867e-5 -3.0619e-6 1 8.97408e-6 -2.52714e-5 1 2.4247e-6 2.60569e-6 0.2232232 0.08010828 -0.9714701 0.2304866 0.07997381 -0.9697836 0.2232218 0.3251267 -0.9189476 -0.1697695 0.6683169 -0.7242451 -0.1603758 0.4652888 -0.870509 -0.1603795 0.6695036 -0.7252885 0.1329737 0.7181509 -0.6830646 0.1249529 0.7191799 -0.6834962 0.1329958 0.866509 -0.4811177 -0.1495336 0.986199 -0.07107299 -0.1569449 0.9355971 -0.3162696 -0.1569228 0.9850829 -0.07061976 0.2044653 0.9732131 0.105121 0.2197437 0.9698549 0.1053286 -0.1786983 0.7486959 0.638374 -0.160265 0.887752 0.4315223 -0.1602802 0.7504491 0.6411992 0.1482109 0.6078109 0.7801279 0.1601841 0.6063815 0.7788726 0.1481926 0.3922221 0.907855 -0.1603044 0.09124648 0.9828411 -0.1482866 0.3356488 0.9302424 -0.1483121 0.09106183 0.9847392 0.1483131 -0.09106183 0.9847391 0.1603053 -0.09124636 0.982841 0.1482875 -0.3356488 0.9302424 -0.1601839 -0.6063824 0.778872 -0.1481925 -0.3922232 0.9078546 -0.1482108 -0.6078119 0.7801272 0.2040086 -0.785803 0.5838615 0.2376385 -0.7819969 0.5762022 0.2039887 -0.9083026 0.3652057 -0.2374598 -0.965204 0.1095185 -0.1995865 -0.9156247 0.3489939 -0.199639 -0.9741898 0.105349 0.1824559 -0.8507555 -0.4928742 0.236947 -0.8347679 -0.4970097 0.1824274 -0.6985381 -0.6919284 0.1503654 -0.7330296 -0.6633687 0.2233092 -0.8532276 -0.4713129 0.2232818 -0.7048468 -0.6733025 -0.2255806 -0.1263616 -0.9659949 -0.2350198 -0.3676571 -0.8997744 -0.2350217 -0.1254073 -0.9638661 1 2.42467e-6 2.60566e-6 1 -4.44389e-7 3.25192e-6 1 -1.52348e-5 -1.33767e-5 1 1.28943e-5 -6.97524e-6 1 9.93161e-6 2.28133e-6 1 1.39686e-5 8.7901e-6 1 -1.48112e-5 6.71965e-6 1 -1.15911e-6 -1.12732e-6 1 8.87346e-6 1.30263e-5 1 -8.75263e-6 7.65449e-6 1 -1.17944e-5 -9.1973e-7 1 -1.34868e-5 -3.06168e-6 1 8.97414e-6 -2.52719e-5 0.1830585 0.08187037 -0.9796871 0.147466 0.08850497 -0.9850994 0.1830549 0.3268889 -0.9271648 -0.1149525 0.7199848 -0.6844033 -0.04757946 0.7380656 -0.6730493 -0.1149614 0.868343 -0.4824565 -0.2148138 0.8614488 -0.460175 -0.1645517 0.7314478 -0.6617453 -0.1645781 0.8745934 -0.4560708 0.1996387 0.974191 0.1053395 0.2374586 0.9652053 0.1095088 0.1995851 0.9156113 0.3490299 -0.2376353 0.7820206 0.5761713 -0.2039984 0.9082983 0.3652108 -0.2040194 0.7858256 0.5838273 0.1482139 0.6078162 0.7801232 0.1601853 0.6063872 0.778868 0.1481955 0.3922285 0.9078519 -0.1603037 0.09124147 0.9828417 -0.1482872 0.3356444 0.930244 -0.1483127 0.09105712 0.9847396 0.1483143 -0.0910598 0.9847391 0.1603061 -0.09124428 0.9828411 0.1482888 -0.3356469 0.9302428 -0.1968376 -0.6382843 0.7442098 -0.1894827 -0.4297922 0.8828223 -0.1895015 -0.6392553 0.7452798 0.260389 -0.7739842 0.5771881 0.2796661 -0.7701969 0.5732221 0.2603675 -0.896457 0.3585718 -0.1597551 -0.9851198 0.06338262 -0.1254568 -0.943816 0.3057321 -0.1254235 -0.9903203 0.05945199 0.141559 -0.7974786 -0.5865057 0.0510115 -0.9115054 -0.4081127 0.05101186 -0.7812215 -0.6221662 0.2593633 -0.8367823 -0.4822098 0.2394078 -0.84003 -0.4868609 0.2593284 -0.6845645 -0.6812638 -0.250602 0.03795826 -0.9673458 -0.2681093 -0.209917 -0.9402406 -0.2681133 0.03971868 -0.9625683 1 -3.91873e-7 2.19813e-6 1 -1.28522e-5 -1.92407e-5 1 1.73145e-5 -6.18911e-6 1 3.02771e-5 -3.05654e-5 1 4.2099e-5 2.72767e-5 1 1.4665e-5 4.40907e-5 1 -7.08844e-5 -4.82956e-6 1 7.73939e-6 -1.26252e-5 1 2.76879e-6 -7.08228e-5 1 8.44368e-5 2.25765e-6 1 -6.51422e-6 8.97109e-5 1 6.99604e-7 1.71031e-6 -0.1182116 0.3125241 -0.9425258 -0.1475178 0.06937032 -0.9866237 -0.1475089 0.3151434 -0.9375105 0.2278086 0.4351373 -0.8710676 0.2472423 0.4339135 -0.8663663 0.2277848 0.6430379 -0.7311747 -0.2322203 0.8613269 -0.4518738 -0.2096547 0.722986 -0.6582827 -0.2096794 0.8665531 -0.4529021 0.2591392 0.9606778 -0.0997256 0.2891521 0.9524556 -0.09601765 0.2591279 0.9539953 0.1508175 -0.2528811 0.8512262 0.4598534 -0.2213932 0.9470075 0.2327271 -0.2214062 0.8564106 0.4664121 0.2066389 0.6374763 0.7422428 0.2299843 0.6328203 0.739355 0.2066134 0.4280397 0.8798255 -0.1999666 0.1327401 0.9707696 -0.1757045 0.3735527 0.9108163 -0.1757351 0.1314914 0.9756164 0.1756743 -0.131401 0.9756394 0.199865 -0.1326444 0.9708036 0.1756438 -0.3734685 0.9108626 -0.2769765 -0.6605401 0.697833 -0.2586324 -0.4619581 0.8483538 -0.2586603 -0.6646233 0.7009785 0.3059465 -0.8432319 0.4419918 0.3236208 -0.8383288 0.4387192 0.3059346 -0.92935 0.20667 -0.3237304 -0.9004839 -0.2903921 -0.3087688 -0.95004 -0.04567319 -0.3088013 -0.9051154 -0.2922464 0.1652199 -0.8899555 -0.4250667 0.1324977 -0.8921666 -0.4318371 0.1652044 -0.7540769 -0.6356695 -0.1148301 -0.428331 -0.8962961 -0.04767972 -0.4120151 -0.9099287 -0.1148288 -0.190368 -0.9749741 0.04797798 -0.3226455 -0.9453032 0.1149773 -0.5287258 -0.8409693 0.1149862 -0.301456 -0.9465214 -1 -3.40019e-7 -6.3199e-7 -1 -3.94578e-6 2.09307e-5 -1 1.33933e-5 1.91627e-6 -1 3.86614e-5 3.43869e-5 -1 4.19679e-5 -3.87119e-5 -1 -6.18851e-5 -3.69315e-5 -1 2.34365e-6 1.08646e-5 -1 -3.89707e-5 5.15069e-5 -1 5.2759e-5 3.87573e-5 -1 8.4964e-5 -2.42346e-5 -1 -2.75496e-5 -7.21857e-5 -1 2.16215e-7 -7.31077e-7 -0.1565634 0.08283299 0.9841883 -0.1811422 0.08445399 0.979824 -0.15656 0.3278515 0.9316664 0.1156898 0.5034555 0.8562409 0.0846008 0.2782225 0.9567837 0.08460384 0.5081323 0.8571137 -0.1191254 0.7195847 0.6841105 -0.1497677 0.7188728 0.6788163 -0.119135 0.8679429 0.4821638 0.1325997 0.9362788 0.3252682 0.09619909 0.8316105 0.5469642 0.09618878 0.9418621 0.321937 -0.06132894 0.971903 -0.2272519 0.01935499 0.9997791 -0.008198618 0.01935791 0.9663393 -0.2565421 -0.192141 0.9702628 -0.1472145 -0.1772971 0.9728271 -0.1489065 -0.192098 0.901358 -0.3881395 0.1995693 0.5084296 -0.8376584 0.2130367 0.7019704 -0.6795977 0.2130705 0.5059788 -0.8358149 -0.2106925 0.4324197 -0.8767108 -0.196702 0.4326292 -0.8798525 -0.2107342 0.1953281 -0.9578299 0.1473161 -0.3556081 -0.9229522 0.1596997 -0.1124126 -0.9807444 0.1596668 -0.3557335 -0.9208475 -0.1654304 -0.3678263 -0.915061 -0.1536067 -0.3693031 -0.9165262 -0.1654564 -0.5865707 -0.7928172 0.1661914 -0.9005067 -0.401831 0.1754672 -0.7689832 -0.6147164 0.1754439 -0.8992703 -0.4006651 -0.2063551 -0.9431875 -0.2604128 -0.2144536 -0.941522 -0.2598962 -0.2063066 -0.97841 -0.01231592 0.1934936 -0.9034211 0.3826104 0.1850829 -0.9724082 0.1420089 0.1850991 -0.9048769 0.3833224 -0.2602354 -0.7882423 0.5576304 -0.2794154 -0.7833318 0.5552644 -0.2602086 -0.6181689 0.7417269 0.2567304 -0.4777915 0.8401219 -1 -3.98267e-6 2.09305e-5 -1 1.33933e-5 1.91641e-6 -1 3.86909e-5 3.43873e-5 -1 4.19216e-5 -3.87122e-5 -1 -6.18197e-5 -3.69309e-5 -1 -3.89707e-5 5.15069e-5 -1 5.28057e-5 3.87573e-5 -1 8.50577e-5 -2.42346e-5 -1 -2.75497e-5 -7.21859e-5 -1 2.40239e-7 -7.31074e-7 -0.07821094 0.08479017 0.9933246 -0.1299671 0.09495598 0.986961 -0.07821112 0.3298541 0.9407866 0.2373021 0.4574427 0.8569912 0.1959726 0.2334943 0.952405 0.1959669 0.4672538 0.8621317 -0.1797295 0.7121378 0.6786436 -0.1916354 0.7107153 0.6768749 -0.1797521 0.8604944 0.4766955 0.1969427 0.9745305 0.1072576 0.1877959 0.9173919 0.3508915 0.1877705 0.9763305 0.1073367 -0.237022 0.9607 -0.1444861 -0.2627695 0.9538251 -0.1454992 -0.2369681 0.8917791 -0.385456 0.1389642 0.7872972 -0.6007096 0.09805595 0.9143961 -0.3927658 0.09806036 0.7872683 -0.6087635 -0.06211054 0.3253171 -0.943563 0.01953923 0.5252854 -0.8507018 0.0195347 0.2972545 -0.9545984 -0.1289933 0.4370096 -0.8901592 -0.0931099 0.4335038 -0.8963286 -0.1290182 0.199919 -0.9712809 0.09311109 -0.4335061 -0.8963274 0.1290194 -0.1999213 -0.9712804 0.1289945 -0.4370117 -0.8901581 -0.1419831 -0.369623 -0.9182699 -0.1052159 -0.3771166 -0.9201701 -0.1420033 -0.5883678 -0.7960266 0.1189158 -0.9804704 -0.1566427 0.1573629 -0.9073352 -0.389846 0.1574005 -0.9762416 -0.1489214 -0.08290994 -0.9612286 -0.2629932 -0.02132797 -0.9686698 -0.2474349 -0.08288794 -0.9964476 -0.01489579 0.0254504 -0.813501 0.5810065 -0.04106754 -0.8017181 0.5962898 0.02545142 -0.6434167 0.765093 0.1518841 -0.6254609 0.76533 0.09080314 -0.7936356 0.6015791 0.09078872 -0.6183055 0.7806766 -1 -3.62687e-7 -6.31986e-7 -1 -3.98262e-6 2.09303e-5 -1 1.33933e-5 1.91646e-6 -1 3.86317e-5 3.43866e-5 -1 4.19215e-5 -3.87116e-5 -1 -6.18858e-5 -3.69312e-5 -1 2.34364e-6 1.08993e-5 -1 -4.0192e-5 5.26383e-5 -1 5.39784e-5 3.95768e-5 -1 8.68308e-5 -2.47439e-5 -1 -2.81957e-5 -7.37078e-5 -1 2.64262e-7 -7.31078e-7 -0.2633705 0.07798254 0.9615378 -0.2500378 0.07950133 0.9649667 -0.2633671 0.323001 0.909015 0.2232813 0.7048498 0.6732996 0.1503649 0.7330322 0.6633658 0.2233097 0.8532061 0.4713515 0.04107022 0.8017188 0.5962888 -0.02544873 0.6434543 0.7650615 -0.02544754 0.8135016 0.5810056 0.02132648 0.9686706 -0.2474316 0.08288681 0.9964477 -0.01489281 0.08290886 0.9612296 -0.2629903 -0.1573973 0.9762433 -0.1489132 -0.1189124 0.9804721 -0.1566341 -0.1573589 0.9073203 -0.3898824 0.1052019 0.377075 -0.9201886 0.1420046 0.588368 -0.7960264 0.1419833 0.3695789 -0.9182877 -0.1289979 0.4370124 -0.8901571 -0.09311527 0.433507 -0.8963266 -0.1290228 0.1999221 -0.9712797 0.09311395 -0.4335051 -0.8963277 0.1290215 -0.1999199 -0.9712804 0.1289966 -0.4370104 -0.8901584 -0.141985 -0.36962 -0.9182709 -0.1052174 -0.3771134 -0.9201712 -0.1420053 -0.5883651 -0.7960283 0.105033 -0.974209 -0.1997125 0.1416886 -0.8914877 -0.4303185 0.1417204 -0.9709746 -0.1926748 -0.137099 -0.9552423 -0.2621371 -0.09679734 -0.9617783 -0.2561501 -0.1370649 -0.9904627 -0.01403987 0.02065026 -0.861692 0.5070113 0.05421322 -0.9582424 0.2807714 0.05421394 -0.8581646 0.5105041 -0.2602352 -0.7882161 0.5576677 -0.279408 -0.7833076 0.5553023 -0.2602055 -0.6181344 0.7417567 0.3657405 -0.1476315 0.9189336 0.3524351 -0.3881905 0.8515267 0.3524409 -0.1483168 0.9240064 -1 -1.55728e-7 -3.47562e-7 -1 -7.06666e-6 2.2465e-5 -1 1.66496e-5 5.23204e-6 -1 3.10391e-5 3.30285e-5 -1 4.47295e-5 -2.88291e-5 -1 1.54469e-5 -4.65906e-5 -1 -7.04385e-5 1.98418e-6 -1 5.25877e-6 9.35861e-6 -1 -1.69084e-5 6.14049e-5 -1 6.46759e-5 2.6014e-5 -1 6.77588e-5 -3.57808e-5 -1 -3.42032e-5 -5.9545e-5 -1 0 -3.95261e-7 0.2284817 0.2357504 0.9445728 0.2216713 -0.0128318 0.975037 0.2216608 0.2361248 0.9461034 -0.1534777 0.3693246 0.9165391 -0.1457458 0.37013 0.9174759 -0.1534635 0.5879991 0.7941702 0.1498011 0.8794159 0.451871 0.1608766 0.7364625 0.6570705 0.1608926 0.8781989 0.4504224 -0.1188596 0.8672651 0.4834497 -0.07777619 0.8744925 0.4787628 -0.118857 0.9606931 0.2508822 0.07328861 0.8794991 -0.4702236 0.117552 0.9629731 -0.2426198 0.1175586 0.8715829 -0.4759446 -0.08333045 0.9323502 -0.3518227 -0.02159619 0.9292489 -0.3688225 -0.08331692 0.8150795 -0.5733269 0.01465207 0.3967588 -0.917806 -0.04312205 0.3835154 -0.9225273 0.01465898 0.1560995 -0.9876326 0.09637981 0.1491635 -0.9841043 0.04455214 0.3806801 -0.9236329 0.0445553 0.1388553 -0.98931 -0.04760414 -0.334374 -0.9412375 -0.09352451 -0.3411456 -0.9353465 -0.04761493 -0.5581142 -0.8283969 0.0932517 -0.6014627 -0.7934399 0.04796558 -0.3938539 -0.9179208 0.04796749 -0.6099227 -0.7910078 -0.05306255 -0.9077512 -0.4161398 -0.1048921 -0.9084805 -0.4045501 -0.05306392 -0.9827707 -0.1770485 0.1181328 -0.9858492 -0.1189367 0.06658047 -0.9334015 -0.3526028 0.06657332 -0.9918186 -0.1089225 -0.06061494 -0.9000419 0.4315673 -0.1055642 -0.8931764 0.4371408 -0.06061094 -0.7641626 0.6421696 0.2026489 -0.6457118 0.7361996 0.1681408 -0.8134961 0.556734 0.1681195 -0.646839 0.7438651 -0.1799296 -0.4252168 0.8870266 -0.1917235 -0.4239888 0.8851416 -0.1799351 -0.1872969 0.9656828 0.9046146 0.4262055 0.00459969 0.8268401 0.5624296 0.002950131 0.826838 0.5624318 0.003080129 0.7215791 0.6923151 -0.004851341 0.7215731 0.6923255 -0.004212737 0.6044524 0.7966325 -0.003772139 0.6516226 0.75854 -0.002304971 0.5250015 0.8511008 0.00102663 0.5249957 0.8511049 1.63551e-4 0.130701 0.9914173 0.002996444 -0.02583378 0.9996637 -0.002286374 -0.02587354 0.9996641 -0.001531541 0.01921892 0.999814 -0.001640141 0.01923811 0.9998129 -0.002022266 -0.137282 0.9905166 -0.005544066 -0.4262062 0.9046143 0.004600048 -0.5624302 0.8268396 0.002950489 -0.5624324 0.8268375 0.003080487 -0.6923157 0.7215785 -0.004851639 -0.6923261 0.7215725 -0.004213035 -0.796633 0.6044516 -0.003772377 -0.7585408 0.6516216 -0.002304732 -0.8511014 0.5250004 0.001026868 -0.8511056 0.5249946 1.63785e-4 -0.9914171 0.130703 0.002996504 -0.9996638 -0.02583175 -0.002286314 -0.9996641 -0.02587151 -0.001531481 -0.999814 0.01922059 -0.001640498 -0.9998129 0.01923984 -0.002022683 -0.9905168 -0.1372803 -0.005544424 -0.9046145 -0.426206 0.004599928 -0.8268397 -0.5624299 0.00295037 -0.8268377 -0.5624322 0.003080308 -0.7215787 -0.6923155 -0.004850864 -0.7215728 -0.6923259 -0.00421226 -0.604452 -0.7966328 -0.003771662 -0.6516216 -0.7585408 -0.00230509 -0.5250003 -0.8511014 0.00102657 -0.5249946 -0.8511056 1.63432e-4 -0.1307033 -0.991417 0.002996146 0.02583152 -0.9996638 -0.002286672 0.02587127 -0.9996641 -0.001531779 -0.01921916 -0.999814 -0.001640379 -0.01923841 -0.9998129 -0.002022504 0.1372817 -0.9905166 -0.005544245 0.4261983 -0.9046182 0.00459963 0.5624229 -0.8268445 0.002950251 0.5624251 -0.8268426 0.003080189 0.6923171 -0.7215771 -0.004851043 0.6923276 -0.7215712 -0.004212379 0.7966342 -0.6044501 -0.003771603 0.758538 -0.6516248 -0.002305209 0.8510992 -0.525004 0.001026451 0.8511034 -0.5249982 1.63332e-4 0.9914171 -0.130703 0.002996504 0.9996638 0.02583175 -0.002286374 0.9996641 0.02587151 -0.001531481 0.999814 -0.0192216 -0.001640558 0.9998129 -0.01924085 -0.002022683 0.9905169 0.1372793 -0.005544424 -2.09056e-6 0 -1 -3.13731e-6 0 -1 1.79988e-6 0 -1 5.16264e-6 0 -1 7.0171e-6 0 -1 -0.9620114 -0.2729431 0.006022334 -0.9620081 -0.2729434 0.006519675 -0.9020733 -0.4315409 0.006024777 -0.7502834 -0.661095 -0.005313277 -0.8512097 -0.524807 -0.004447698 -0.7502838 -0.6611009 -0.00444597 -0.5752444 -0.8179696 0.00445038 -0.5752386 -0.8179685 0.005314826 -0.4287906 -0.903393 0.004452049 -0.2256203 -0.9742044 -0.004620909 -0.3869982 -0.9220729 -0.003746271 -0.2256169 -0.9742089 -0.0037449 -0.04520875 -0.9989706 0.003742635 -0.04520428 -0.9989671 0.004626631 0.124204 -0.9922497 0.003744244 0.3047524 -0.9524217 -0.004357516 0.1394802 -0.9902195 -0.003290891 0.3047597 -0.9524236 -0.00328952 0.5443453 -0.8388579 0.00241959 0.544355 -0.8388454 0.004028975 0.6782349 -0.7348412 0.002420902 0.7511057 -0.6601698 -0.004027605 0.6287982 -0.7775649 -0.002424299 0.7511193 -0.6601621 -0.002423107 0.9215441 -0.3882532 0.004001259 0.9215443 -0.3882249 0.006134808 0.973889 -0.2269898 0.004002273 0.9975208 -0.0700407 -0.006836533 0.9713689 -0.2375304 -0.004696786 0.9975349 -0.07001572 -0.004695296 0.9447588 0.3277525 0.003030419 0.9447423 0.3277739 0.005119681 0.8757872 0.4826879 0.003030896 0.8366687 0.5476983 -0.003484487 0.9171805 0.3984705 -0.001120626 0.8366557 0.5477281 -0.001119852 0.5738283 0.8189747 0.001234531 0.5737847 0.818996 0.004100441 0.4272265 0.9041438 0.001235008 0.4390528 0.8984606 -0.001149356 0.5844741 0.8114097 0.002060413 0.4389971 0.8984861 0.002059221 -0.05478781 0.9984934 -0.003082454 0.1146737 0.9933943 -0.004223823 -0.05479574 0.9984887 -0.004221379 -0.1769389 0.984196 0.007136702 -0.1769431 0.9841871 0.008177459 -0.3407108 0.9401411 0.007139205 -0.5603201 0.8282548 -0.005939543 -0.4123598 0.9110107 -0.004347443 -0.5603367 0.8282536 -0.00434643 -0.8554297 0.5179051 0.003817021 -0.8554452 0.5178459 0.007013738 -0.9306277 0.3659475 0.003818631 -0.9377261 0.3473732 -0.00130254 -0.8656034 0.5007245 0.002397596 -0.9377527 0.3472959 0.002396583 -0.9834403 -0.1812062 -0.003080666 -0.999914 -0.0124222 -0.004221498 -0.9834347 -0.1812135 -0.004219114 -5.00015e-6 0 1 -1.27135e-6 0 1 -4.98835e-7 0 1 3.08657e-6 0 1 -2.08594e-6 0 1 2.57481e-7 0 1 -2.30311e-6 0 1 2.52868e-6 0 1</float_array>
          <technique_common>
            <accessor source="#Shape_IndexedFaceSet_006-mesh-normals-array" count="11495" stride="3">
              <param name="X" type="float"/>
              <param name="Y" type="float"/>
              <param name="Z" type="float"/>
            </accessor>
          </technique_common>
        </source>
        <source id="Shape_IndexedFaceSet_006-mesh-map-0">
          <float_array id="Shape_IndexedFaceSet_006-mesh-map-0-array" count="31344">1 0.430824 0.7039105 0.1449283 0.7010579 0.1076921 0.9130794 0.4405101 0.7448659 0.6792587 0.8041157 0.5733385 0.9130794 0.4405101 0.8041157 0.5733385 0.879308 0.422031 1 0.430824 0.936695 0.4066289 0.9154732 0.3703572 0.6799432 0.7231373 0.7448659 0.6792587 0.5644885 0.9512587 0.5644885 0.9512587 0.7448659 0.6792587 1 0.430824 0.7039105 0.1449283 1 0.430824 0.9154732 0.3703572 0.7039105 0.1449283 0.9154732 0.3703572 0.8822106 0.3810994 0.7448659 0.6792587 0.9130794 0.4405101 1 0.430824 1 0.430824 0.9130794 0.4405101 0.936695 0.4066289 1 0.430824 0.7010579 0.1076921 0.6394804 0 0.6394804 0 0.7010579 0.1076921 0.6690379 0.0937798 0.6394804 0 0.6690379 0.0937798 0.6447023 0.1229814 0.6394804 0 0.6447023 0.1229814 0.4158101 0.2672727 0.6447023 0.1229814 0.6555249 0.1579689 0.59987 0.2030352 0.879308 0.422031 0.8041157 0.5733385 0.8161109 0.420748 0.879308 0.422031 0.8161109 0.420748 0.8822106 0.3810994 0.6447023 0.1229814 0.59987 0.2030352 0.4749057 0.2662794 0.6447023 0.1229814 0.4749057 0.2662794 0.4158101 0.2672727 0.59987 0.2030352 0.6555249 0.1579689 0.7107941 0.2492307 0.7107941 0.2492307 0.6555249 0.1579689 0.68271 0.1664462 0.7107941 0.2492307 0.68271 0.1664462 0.7039105 0.1449283 0.7107941 0.2492307 0.7039105 0.1449283 0.8822106 0.3810994 0.7107941 0.2492307 0.8822106 0.3810994 0.8161109 0.420748 0.7107941 0.2492307 0.8161109 0.420748 0.780258 0.3568241 0.5703439 0.2410417 0.588343 0.2666297 0.4749057 0.2662794 0.6799432 0.7231373 0.7083139 0.6734669 0.7448659 0.6792587 0.4749057 0.2662794 0.59987 0.2030352 0.5703439 0.2410417 0.7495093 0.5882694 0.7483953 0.6235331 0.7083139 0.6734669 0.7483953 0.6235331 0.8041157 0.5733385 0.7083139 0.6734669 0.7083139 0.6734669 0.8041157 0.5733385 0.7448659 0.6792587 0.6137774 0.2600085 0.588343 0.2666297 0.5703439 0.2410417 0.7495093 0.5882694 0.7788717 0.5686484 0.7483953 0.6235331 0.6137774 0.2600085 0.5703439 0.2410417 0.6459997 0.2502421 0.6459997 0.2502421 0.5703439 0.2410417 0.59987 0.2030352 0.7483953 0.6235331 0.7788717 0.5686484 0.8041157 0.5733385 0.59987 0.2030352 0.7107941 0.2492307 0.6459997 0.2502421 0.6459997 0.2502421 0.6772373 0.2873162 0.6137774 0.2600085 0.7107941 0.2492307 0.6978737 0.2832705 0.6459997 0.2502421 0.6459997 0.2502421 0.6978737 0.2832705 0.6772373 0.2873162 0.7107941 0.2492307 0.742201 0.3195167 0.6978737 0.2832705 0.6978737 0.2832705 0.7312844 0.3336566 0.6772373 0.2873162 0.7107941 0.2492307 0.780258 0.3568241 0.742201 0.3195167 0.742201 0.3195167 0.7312844 0.3336566 0.6978737 0.2832705 0.742201 0.3195167 0.780258 0.3568241 0.7666147 0.389092 0.742201 0.3195167 0.7666147 0.389092 0.7312844 0.3336566 0.8161109 0.420748 0.803259 0.4855657 0.780258 0.3568241 0.780258 0.3568241 0.803259 0.4855657 0.7842854 0.4833853 0.780258 0.3568241 0.7842854 0.4833853 0.7666147 0.389092 0.7666147 0.389092 0.7842854 0.4833853 0.7743795 0.4424996 0.7842854 0.4833853 0.7726592 0.51978 0.7743795 0.4424996 0.8161109 0.420748 0.8041157 0.5733385 0.803259 0.4855657 0.8041157 0.5733385 0.7788717 0.5686484 0.803259 0.4855657 0.803259 0.4855657 0.7788717 0.5686484 0.7842854 0.4833853 0.7842854 0.4833853 0.7788717 0.5686484 0.7726592 0.51978 0.7788717 0.5686484 0.7495093 0.5882694 0.7726592 0.51978 0.6365843 0.8650842 0.9279043 0.5169985 0.2760646 0.4342602 0.2760646 0.4342602 0.9279043 0.5169985 0.5673642 0.08617454 1 0.430824 1 0.430824 0.6394804 0 0.6394804 0 1 0.430824 0.6394804 0 0.6365843 0.8650842 0.5237011 0.9999973 0.6365843 0.8650842 0.6365843 0.8650842 0.5237011 0.9999973 0.5644885 0.9512587 0.6365843 0.8650842 0.5644885 0.9512587 0.9279043 0.5169985 0.9279043 0.5169985 0.5644885 0.9512587 1 0.430824 0.9279043 0.5169985 1 0.430824 0.9279043 0.5169985 0.9279043 0.5169985 1 0.430824 1 0.430824 0.5673642 0.08617454 0.6394804 0 0.5673642 0.08617454 0.5673642 0.08617454 0.6394804 0 0.6394804 0 0.5673642 0.08617454 0.6394804 0 0.2760646 0.4342602 0.2760646 0.4342602 0.6394804 0 0.4158101 0.2672727 0.2039484 0.5204348 0.2760646 0.4342602 0.2760646 0.4342602 0.4158101 0.2672727 0.4158101 0.2672727 0.2760646 0.4342602 0.2760646 0.4342602 0.4158101 0.2672727 0.2039484 0.5204348 0.2760646 0.4342602 0.2039484 0.5204348 0.2039484 0.5204348 0.9279043 0.5169985 0.5673642 0.08617454 0.9279043 0.5169985 0.9279043 0.5169985 0.5673642 0.08617454 0.5673642 0.08617454 0.6940525 0.09879922 0.8774682 0.4203059 0.8808223 0.3827975 0.6940525 0.09879922 0.7068117 0.1332705 0.8774682 0.4203059 0.9279043 0.5169985 0.9190354 0.4393503 0.8942534 0.4411622 0.9279043 0.5169985 0.8942534 0.4411622 0.8774682 0.4203059 0.9279043 0.5169985 0.8774682 0.4203059 0.5673642 0.08617454 0.8774682 0.4203059 0.7068117 0.1332705 0.6921928 0.1621033 0.6641342 0.1643681 0.6448298 0.1300703 0.5673642 0.08617454 0.6627389 0.09488153 0.6940525 0.09879922 0.6394804 0 0.6394804 0 0.9095613 0.3675696 0.9350613 0.3897265 0.6394804 0 0.9350613 0.3897265 1 0.430824 0.9350613 0.3897265 0.9365754 0.4193271 1 0.430824 1 0.430824 0.9365754 0.4193271 0.9279043 0.5169985 0.9279043 0.5169985 0.9365754 0.4193271 0.9190354 0.4393503 0.5673642 0.08617454 0.8774682 0.4203059 0.6641342 0.1643681 0.6940525 0.09879922 0.8808223 0.3827975 0.6394804 0 0.6394804 0 0.8808223 0.3827975 0.9095613 0.3675696 0.6921928 0.1621033 0.6641342 0.1643681 0.8774682 0.4203059 0.5673642 0.08617454 0.6448298 0.1300703 0.6394804 0 0.6394804 0 0.6448298 0.1300703 0.6627389 0.09488153 0.2760646 0.4342602 0.6365843 0.8650842 0.2760646 0.4342602 0.2760646 0.4342602 0.6365843 0.8650842 0.6365843 0.8650842 0.1483728 0.8208432 0.5183049 0.8186482 0.1188043 0.8139548 0.1483088 0.8590698 0.5440053 0.8762333 0.5154338 0.8597793 0.1483088 0.8590698 0.5154338 0.8597793 0.1483728 0.8208432 0.1483728 0.8208432 0.5154338 0.8597793 0.5183049 0.8186482 0.1188043 0.8139548 0.1511254 0.6835287 0.1015884 0.840488 0.1015884 0.840488 0.1511254 0.6835287 0.122624 0.7009474 0.5183049 0.8186482 0.147762 0.6486339 0.1511254 0.6835287 0 0.9512587 0.1041184 0.6679249 0 0.569176 0.1015884 0.840488 0.122624 0.7009474 0 0.9512587 0 0.9512587 0.122624 0.7009474 0.1041184 0.6679249 0.5183049 0.8186482 0.1511254 0.6835287 0.1188043 0.8139548 0.6365843 0.8650842 0.5716901 0.8233604 0.5714785 0.8574706 0.04078966 1 0.1153956 0.8678658 0 0.9512587 0.1153956 0.8678658 0.1015884 0.840488 0 0.9512587 0.5237011 0.9999973 0.1483088 0.8590698 0.04078966 1 0.04078966 1 0.1483088 0.8590698 0.1153956 0.8678658 0.3026444 0.5264279 0.3329553 0.5361986 0.2760646 0.4342602 0.6365843 0.8650842 0.5714785 0.8574706 0.5237011 0.9999973 0.5237011 0.9999973 0.5714785 0.8574706 0.5440053 0.8762333 0.5237011 0.9999973 0.5440053 0.8762333 0.1483088 0.8590698 0.2039484 0.5204348 0.2823135 0.5504124 0.2760646 0.4342602 0.2760646 0.4342602 0.2823135 0.5504124 0.3026444 0.5264279 0.5716901 0.8233604 0.6365843 0.8650842 0.2760646 0.4342602 0.5716901 0.8233604 0.2760646 0.4342602 0.5501831 0.8014732 0.5501831 0.8014732 0.2760646 0.4342602 0.3329553 0.5361986 0.5501831 0.8014732 0.3418944 0.5766766 0.5183049 0.8186482 0.5501831 0.8014732 0.3329553 0.5361986 0.3418944 0.5766766 0.3132629 0.6005147 0.147762 0.6486339 0.5183049 0.8186482 0.2845907 0.584057 0.1258229 0.6395546 0.147762 0.6486339 0.2845907 0.584057 0.147762 0.6486339 0.3132629 0.6005147 0 0.569176 0.1041184 0.6679249 0.1258229 0.6395546 0.1258229 0.6395546 0.2845907 0.584057 0.2823135 0.5504124 0.1258229 0.6395546 0.2823135 0.5504124 0 0.569176 0 0.569176 0.2823135 0.5504124 0.2039484 0.5204348 0 0.569176 0.2039484 0.5204348 0.04078966 0.5204348 0.5183049 0.8186482 0.3418944 0.5766766 0.3132629 0.6005147 0.879308 0.422031 0.8774682 0.4203059 0.8942534 0.4411622 0.879308 0.422031 0.8942534 0.4411622 0.9130794 0.4405101 0.9130794 0.4405101 0.8942534 0.4411622 0.9190354 0.4393503 0.9130794 0.4405101 0.9190354 0.4393503 0.936695 0.4066289 0.936695 0.4066289 0.9190354 0.4393503 0.9365754 0.4193271 0.936695 0.4066289 0.9365754 0.4193271 0.9350613 0.3897265 0.936695 0.4066289 0.9350613 0.3897265 0.9154732 0.3703572 0.9154732 0.3703572 0.9350613 0.3897265 0.9095613 0.3675696 0.9154732 0.3703572 0.9095613 0.3675696 0.8822106 0.3810994 0.8822106 0.3810994 0.9095613 0.3675696 0.8808223 0.3827975 0.8822106 0.3810994 0.8808223 0.3827975 0.879308 0.422031 0.879308 0.422031 0.8808223 0.3827975 0.8774682 0.4203059 0.6555249 0.1579689 0.6641342 0.1643681 0.68271 0.1664462 0.68271 0.1664462 0.6641342 0.1643681 0.6921928 0.1621033 0.68271 0.1664462 0.6921928 0.1621033 0.7039105 0.1449283 0.7039105 0.1449283 0.6921928 0.1621033 0.7068117 0.1332705 0.7039105 0.1449283 0.7068117 0.1332705 0.7010579 0.1076921 0.7010579 0.1076921 0.7068117 0.1332705 0.6940525 0.09879922 0.7010579 0.1076921 0.6940525 0.09879922 0.6690379 0.0937798 0.6690379 0.0937798 0.6940525 0.09879922 0.6627389 0.09488153 0.6690379 0.0937798 0.6627389 0.09488153 0.6447023 0.1229814 0.6447023 0.1229814 0.6627389 0.09488153 0.6448298 0.1300703 0.6447023 0.1229814 0.6448298 0.1300703 0.6555249 0.1579689 0.6555249 0.1579689 0.6448298 0.1300703 0.6641342 0.1643681 0.5352277 0.5967176 0.625 0.6174332 0.3663473 0.6038864 0.5090701 0.9040464 0.5236988 1 0.4805791 0.8460507 0.4805791 0.8460507 0.5236988 1 0.2610365 0.6066234 0.345854 0.4986811 0.5105591 0.3780844 0.3742111 0.5464522 0.3742111 0.5464522 0.5105591 0.3780844 0.4837084 0.4430556 0.3663473 0.6038864 0.5360491 0.7623205 0.4992143 0.7834702 0.5236988 1 0.5090701 0.9040464 0.5497351 0.9161298 0.5236988 1 0.5497351 0.9161298 0.5874179 0.8926048 0.7662702 0.5392851 0.5874179 0.8926048 0.606704 0.8417784 0.3742111 0.5464522 0.4837084 0.4430556 0.4897929 0.5346856 0.3742111 0.5464522 0.4897929 0.5346856 0.3663473 0.6038864 0.3663473 0.6038864 0.4897929 0.5346856 0.5352277 0.5967176 0.5360491 0.7623205 0.3663473 0.6038864 0.625 0.6174332 0.5360491 0.7623205 0.625 0.6174332 0.5828451 0.7817936 0.606704 0.8417784 0.5828451 0.7817936 0.7662702 0.5392851 0.7662702 0.5392851 0.5828451 0.7817936 0.774272 0.4504929 0.4992143 0.7834702 0.4805791 0.8460507 0.3178134 0.6379315 0.2610365 0.6066234 0.3178134 0.6379315 0.4805791 0.8460507 0.5658965 0.3377824 0.6239599 0.2697954 0.6683355 0.3569992 0.6683355 0.3569992 0.6239599 0.2697954 0.6958442 0.3032345 0.6683355 0.3569992 0.6958442 0.3032345 0.7542348 0.3760297 0.6683355 0.3569992 0.7542348 0.3760297 0.7191279 0.4325295 0.7191279 0.4325295 0.7542348 0.3760297 0.774272 0.4504929 0.7191279 0.4325295 0.774272 0.4504929 0.7164072 0.5239146 0.625 0.6174332 0.6831209 0.5853803 0.5828451 0.7817936 0.5828451 0.7817936 0.6831209 0.5853803 0.774272 0.4504929 0.774272 0.4504929 0.6831209 0.5853803 0.7164072 0.5239146 0.4992143 0.7834702 0.3178134 0.6379315 0.3663473 0.6038864 0.2610365 0.6066234 0.04078996 0.5204348 0.2039484 0.5204348 0.2039484 0.5204348 0.2553086 0.5322749 0.2610365 0.6066234 0.345854 0.4986811 0.2977973 0.4893124 0.4158101 0.2672727 0.5658965 0.3377824 0.5105591 0.3780844 0.6239599 0.2697954 0.6239599 0.2697954 0.5105591 0.3780844 0.345854 0.4986811 0.6239599 0.2697954 0.345854 0.4986811 0.4158101 0.2672727 0.4158101 0.2672727 0.2977973 0.4893124 0.2039484 0.5204348 0.2039484 0.5204348 0.2977973 0.4893124 0.2553086 0.5322749 0.2610365 0.6066234 0.1524472 0.6838473 0.1512879 0.653975 0.1058549 0.6835382 0 0.9512587 0 0.569176 0.1311553 0.6395552 0.1092133 0.6486333 0.04078996 0.5204348 0.04078996 0.5204348 0.1092133 0.6486333 0 0.569176 0 0.569176 0.1092133 0.6486333 0.1058549 0.6835382 0.1058549 0.6835382 0.1312443 0.7024428 0 0.9512587 0 0.9512587 0.1312443 0.7024428 0.1524472 0.6838473 0 0.9512587 0.1524472 0.6838473 0.2610365 0.6066234 0.2610365 0.6066234 0.1512879 0.653975 0.04078996 0.5204348 0.04078996 0.5204348 0.1512879 0.653975 0.1311553 0.6395552 0.1129976 0.8671562 0.1356498 0.8725725 0.04078966 1 0.04078966 1 0.1356498 0.8725725 0.5236988 1 0.5236988 1 0.1356498 0.8725725 0.1534116 0.8487275 0.2610365 0.6066234 0.1346524 0.8135936 0.1040592 0.8326302 0.2610365 0.6066234 0.1040592 0.8326302 0 0.9512587 0.1040592 0.8326302 0.1129976 0.8671562 0 0.9512587 0 0.9512587 0.1129976 0.8671562 0.04078966 1 0.5236988 1 0.1534116 0.8487275 0.2610365 0.6066234 0.2610365 0.6066234 0.1534116 0.8487275 0.1346524 0.8135936 0.6772373 0.2873162 0.6958442 0.3032345 0.6137774 0.2600085 0.6137774 0.2600085 0.6958442 0.3032345 0.6239599 0.2697954 0.6137774 0.2600085 0.6239599 0.2697954 0.588343 0.2666297 0.7312844 0.3336566 0.6958442 0.3032345 0.6772373 0.2873162 0.6958442 0.3032345 0.7312844 0.3336566 0.7542348 0.3760297 0.7666147 0.389092 0.7542348 0.3760297 0.7312844 0.3336566 0.7542348 0.3760297 0.7666147 0.389092 0.7743795 0.4424996 0.7542348 0.3760297 0.7743795 0.4424996 0.774272 0.4504929 0.7726592 0.51978 0.7662702 0.5392851 0.774272 0.4504929 0.7726592 0.51978 0.774272 0.4504929 0.7743795 0.4424996 0.7495093 0.5882694 0.7662702 0.5392851 0.7726592 0.51978 0.5015172 0.3946593 0.5038251 0.3864849 0.5197355 0.3660998 0.5105591 0.3780844 0.5038397 0.3868178 0.4837084 0.4430556 0.5038397 0.3868178 0.4956641 0.4008154 0.4837084 0.4430556 0.5015172 0.3946593 0.4956641 0.4008154 0.5038251 0.3864849 0.5105591 0.3780844 0.523876 0.3618629 0.5038397 0.3868178 0.5015172 0.3946593 0.5197355 0.3660998 0.5506414 0.3424186 0.5506414 0.3424186 0.5197355 0.3660998 0.5382248 0.3494454 0.5658965 0.3377824 0.5382248 0.3494454 0.523876 0.3618629 0.5658965 0.3377824 0.523876 0.3618629 0.5105591 0.3780844 0.6971863 0.5689581 0.6740615 0.5947849 0.6735271 0.5926002 0.6831209 0.5853803 0.7008938 0.5633071 0.7164072 0.5239146 0.7008938 0.5633071 0.7082903 0.5504425 0.7164072 0.5239146 0.7173765 0.518573 0.7082903 0.5504425 0.6971863 0.5689581 0.7173765 0.518573 0.6971863 0.5689581 0.6735271 0.5926002 0.6831209 0.5853803 0.6828665 0.5867053 0.7008938 0.5633071 0.6735271 0.5926002 0.6740615 0.5947849 0.6660985 0.6015149 0.625 0.6174332 0.6660985 0.6015149 0.6831209 0.5853803 0.6831209 0.5853803 0.6660985 0.6015149 0.6828665 0.5867053 0.7164072 0.5239146 0.7082903 0.5504425 0.7173765 0.518573 0.7164072 0.5239146 0.7173765 0.518573 0.7191279 0.4325295 0.7191279 0.4325295 0.7173765 0.518573 0.7012439 0.3963307 0.7191279 0.4325295 0.7012439 0.3963307 0.6683355 0.3569992 0.6683355 0.3569992 0.7012439 0.3963307 0.6227192 0.3330768 0.6683355 0.3569992 0.6227192 0.3330768 0.5658965 0.3377824 0.5658965 0.3377824 0.6227192 0.3330768 0.5506414 0.3424186 0.5658965 0.3377824 0.5506414 0.3424186 0.5382248 0.3494454 0.4837084 0.4430556 0.4956641 0.4008154 0.5015172 0.3946593 0.4837084 0.4430556 0.5015172 0.3946593 0.4814651 0.4925096 0.4837084 0.4430556 0.4814651 0.4925096 0.4897929 0.5346856 0.4897929 0.5346856 0.4814651 0.4925096 0.531224 0.5904112 0.4897929 0.5346856 0.531224 0.5904112 0.5352277 0.5967176 0.5352277 0.5967176 0.531224 0.5904112 0.625 0.6174332 0.625 0.6174332 0.531224 0.5904112 0.6081098 0.6219342 0.625 0.6174332 0.6081098 0.6219342 0.6735271 0.5926002 0.625 0.6174332 0.6735271 0.5926002 0.6660985 0.6015149 0.7012439 0.3963307 0.5506414 0.3424186 0.6227192 0.3330768 0.7012439 0.3963307 0.5015172 0.3946593 0.5506414 0.3424186 0.7012439 0.3963307 0.4814651 0.4925096 0.5015172 0.3946593 0.7012439 0.3963307 0.531224 0.5904112 0.4814651 0.4925096 0.7012439 0.3963307 0.6081098 0.6219342 0.531224 0.5904112 0.7012439 0.3963307 0.6735271 0.5926002 0.6081098 0.6219342 0.7012439 0.3963307 0.7173765 0.518573 0.6735271 0.5926002 0.5038251 0.3864849 0.4596961 0.3552446 0.480921 0.3264141 0.5038251 0.3864849 0.480921 0.3264141 0.5197355 0.3660998 0.4596961 0.3552446 0.5038251 0.3864849 0.4956641 0.4008154 0.4596961 0.3552446 0.4956641 0.4008154 0.5038397 0.3868178 0.4596961 0.3552446 0.5038397 0.3868178 0.4661426 0.3452022 0.4661426 0.3452022 0.5038397 0.3868178 0.4895054 0.3169706 0.4895054 0.3169706 0.5038397 0.3868178 0.523876 0.3618629 0.4895054 0.3169706 0.523876 0.3618629 0.5382248 0.3494454 0.4895054 0.3169706 0.5382248 0.3494454 0.5025852 0.3044385 0.5025852 0.3044385 0.5382248 0.3494454 0.480921 0.3264141 0.480921 0.3264141 0.5382248 0.3494454 0.5197355 0.3660998 0.7286088 0.6184934 0.6971863 0.5689581 0.744456 0.5957156 0.744456 0.5957156 0.6971863 0.5689581 0.7082903 0.5504425 0.744456 0.5957156 0.7082903 0.5504425 0.7008938 0.5633071 0.744456 0.5957156 0.7008938 0.5633071 0.7266953 0.620504 0.7266953 0.620504 0.7008938 0.5633071 0.6828665 0.5867053 0.6660985 0.6015149 0.7041512 0.6444212 0.6828665 0.5867053 0.6828665 0.5867053 0.7041512 0.6444212 0.7266953 0.620504 0.7041512 0.6444212 0.6660985 0.6015149 0.7062774 0.6423928 0.6660985 0.6015149 0.6740615 0.5947849 0.7062774 0.6423928 0.6971863 0.5689581 0.7286088 0.6184934 0.6740615 0.5947849 0.6740615 0.5947849 0.7286088 0.6184934 0.7062774 0.6423928 0.7041512 0.6444212 0.7062774 0.6423928 0.7286088 0.6184934 0.7266953 0.620504 0.7041512 0.6444212 0.7286088 0.6184934 0.7266953 0.620504 0.7286088 0.6184934 0.744456 0.5957156 0.4895054 0.3169706 0.5025852 0.3044385 0.480921 0.3264141 0.4895054 0.3169706 0.480921 0.3264141 0.4661426 0.3452022 0.4661426 0.3452022 0.480921 0.3264141 0.4596961 0.3552446 0.5236988 1 0.5237011 0.9999973 0.2001127 1 0.05120009 1 0.1562858 1 0.1506773 1 0.05120009 1 0.1506773 1 0.06581151 1 0.2001127 1 0.1782001 1 0.5236988 1 0.05120009 1 0.04078966 1 0.5236988 1 0.044999 1 0.06581151 1 0.1506773 1 0.044999 1 0.1506773 1 0.05115491 1 0.05115491 1 0.1506773 1 0.1726118 1 0.5236988 1 0.1782001 1 0.05120009 1 0.05120009 1 0.1782001 1 0.1562858 1 0.04078966 1 0.1726118 1 0.5237011 0.9999973 0.5237011 0.9999973 0.1726118 1 0.1944982 1 0.5237011 0.9999973 0.1944982 1 0.2001127 1 0.1592155 1 0.1506773 1 0.06581151 1 0.06581151 1 0.1506773 1 0.04143118 0.9967806 0.04143118 0.9967806 0.1506773 1 0.04078966 1 0.04078966 1 0.1506773 1 0.1726118 1 0.5237011 0.9999973 0.2001127 1 0.2001127 1 0.05115491 1 0.1726118 1 0.1944984 1 0.1592155 1 0.06581151 1 0.05115491 1 0.1592155 1 0.05115491 1 0.1818709 1 0.1818709 1 0.05115491 1 0.1944984 1 0.1818709 1 0.1944984 1 0.2001127 1 0.1818709 1 0.2001127 1 0.2001127 1 0.6799432 0.7231373 0.5644885 0.9512587 0.5874179 0.8926048 0.5874179 0.8926048 0.7662702 0.5392851 0.7495093 0.5882694 0.5874179 0.8926048 0.7495093 0.5882694 0.7083139 0.6734669 0.5874179 0.8926048 0.7083139 0.6734669 0.6799432 0.7231373 0.588343 0.2666297 0.6239599 0.2697954 0.4158101 0.2672727 0.4158101 0.2672727 0.4158101 0.2672727 0.4749057 0.2662794 0.4158101 0.2672727 0.4749057 0.2662794 0.588343 0.2666297 0.2039484 0.5204348 0.06500959 0.5204348 0.04324561 0.5204348 0.2039484 0.5204348 0.04324561 0.5204348 0.04078966 0.5204348 0.1506773 0.5204349 0.06500959 0.5204348 0.1563489 0.5204348 0.06500959 0.5204348 0.1563489 0.5204348 0.1506773 0.5204348 0.06500959 0.5204348 0.1506773 0.5204348 0.06438314 0.5204348 0.1914294 0.5204348 0.04311895 0.5204348 0.1689065 0.5204348 0.06500959 0.5204348 0.1506773 0.5204349 0.06438308 0.5204348 0.1982734 0.5204348 0.1853919 0.5204348 0.1914294 0.5204348 0.04311895 0.5204348 0.1914294 0.5204348 0.06500959 0.5204348 0.1726118 0.5204348 0.1982734 0.5204348 0.2039484 0.5204348 0.1982734 0.5204348 0.1914294 0.5204348 0.2001127 0.5204348 0.1982734 0.5204348 0.2001127 0.5204348 0.2039484 0.5204348 0.2039484 0.5204348 0.2001127 0.5204348 0.2039484 0.5204348 0.2001127 0.5204348 0.1782001 0.5204348 0.2039484 0.5204348 0.1506773 0.5204349 0.1689065 0.5204348 0.06438308 0.5204348 0.06438308 0.5204348 0.1689065 0.5204348 0.04311895 0.5204348 0.06438308 0.5204348 0.04311895 0.5204348 0.04498726 0.5204348 0.2039484 0.5204348 0.1782001 0.5204348 0.1563489 0.5204348 0.2039484 0.5204348 0.1563489 0.5204348 0.06500959 0.5204348 0.04078996 0.5204348 0.04142898 0.5236577 0.2039484 0.5204348 0.1914294 0.5204348 0.1853919 0.5204348 0.06500959 0.5204348 0.06500959 0.5204348 0.1853919 0.5204348 0.1563489 0.5204348 0.04142898 0.5236577 0.06438314 0.5204348 0.2039484 0.5204348 0.1506773 0.5204348 0.1726118 0.5204348 0.06438314 0.5204348 0.06438314 0.5204348 0.1726118 0.5204348 0.2039484 0.5204348 0 0.9512587 0 0.9105842 0 0.8948233 0 0.9512587 0 0.9512587 0 0.9105842 0 0.9105842 0 0.9512587 0 0.9105842 0 0.9105842 0 0.9105842 0 0.8892624 0 0.569176 0 0.680807 0 0.6252326 0 0.8521196 0 0.9512587 0 0.8948233 0 0.8521196 0 0.7825439 0 0.9512587 0 0.9512587 0 0.7825439 0 0.569176 0 0.569176 0 0.7825439 0 0.680807 0 0.6269723 0 0.569176 0 0.6252326 0 0.6252326 0 0.569176 0 0.569176 0 0.8064241 0 0.8513169 0 0.9512587 0 0.9512587 0 0.8513169 0 0.8947224 0 0.9512587 0 0.8947224 0 0.9105842 0 0.9105842 0 0.8892624 0 0.8947224 0 0.8947224 0 0.8892624 0 0.8378622 0 0.8947224 0 0.8378622 0 0.7963275 0 0.8064241 0 0.8513168 0 0.7963275 0 0.7963275 0 0.8513168 0 0.8947224 0 0.6269723 0 0.663901 0 0.6252326 0 0.6631386 0 0.569176 0 0.6268897 0 0.6631386 0 0.7290567 0 0.569176 0 0.569176 0 0.7290567 0 0.9512587 0 0.9512587 0 0.7290567 0 0.8064241 0 0.6269723 0 0.6631386 0 0.663901 0 0.663901 0 0.6631386 0 0.7198317 0 0.7198317 0 0.6631386 0 0.7290566 0 0.7198317 0 0.7290566 0 0.7963275 0 0.7963275 0 0.7290566 0 0.8064241 0 0.6269723 0 0.6252326 0 0.569176 0 0.569176 0 0.6252326 0 0.6268897 0.1150116 0.8667556 0 0.8513168 0.103646 0.8305291 0.1505718 0.8255563 0.1244827 0.8108803 0.2447381 0.7825174 0 0.8064241 0.1244827 0.8108803 0.103646 0.8305291 0 0.8064241 0.103646 0.8305291 0 0.8513168 0.1453091 0.8643429 0.1505718 0.8255563 0.2447381 0.852118 0.2447381 0.852118 0.1505718 0.8255563 0.2447381 0.7825174 0 0.8513168 0.1150116 0.8667556 0 0.8947224 0.1150116 0.8667556 0.1453091 0.8643429 0.2447381 0.8950924 0.2447381 0.8950924 0.1453091 0.8643429 0.2447381 0.852118 0.1428421 0.8664375 0.1190372 0.8720615 0 0.8948233 0 0.8948233 0.1190372 0.8720615 0 0.8521196 0 0.8521196 0.1190372 0.8720615 0.1032401 0.8477611 0.2447381 0.851434 0.1533648 0.8306447 0.1428421 0.8664375 0.2447381 0.851434 0.1428421 0.8664375 0.2447381 0.8948609 0 0.8521196 0.1032401 0.8477611 0 0.7825439 0 0.7825439 0.1032401 0.8477611 0.1136194 0.8155615 0.2447381 0.8064241 0.1364753 0.8110574 0.1533648 0.8306447 0.2447381 0.8064241 0.1533648 0.8306447 0.2447381 0.851434 0 0.7290566 0.1069491 0.6858277 0.1377912 0.698779 0.2447381 0.705749 0.1377912 0.698779 0.153319 0.6633056 0.2447381 0.705749 0.153319 0.6633056 0.2447381 0.663903 0.1124628 0.6458642 0.1069491 0.6858277 0 0.6631386 0 0.6631386 0.1069491 0.6858277 0 0.7290566 0 0.6269723 0.1335239 0.6394753 0.1124628 0.6458642 0 0.6269723 0.1124628 0.6458642 0 0.6631386 0.2447381 0.663903 0.153319 0.6633056 0.2447381 0.6253721 0.2447381 0.6253721 0.153319 0.6633056 0.1335239 0.6394753 0.1429615 0.6449725 0.1553758 0.672388 0.2447381 0.6631389 0.2447381 0.6631389 0.1553758 0.672388 0.2447381 0.7290812 0.2447381 0.7290812 0.1553758 0.672388 0.1432654 0.6970933 0.1124053 0.6492205 0.1429615 0.6449725 0.2447381 0.6265146 0.2447381 0.6265146 0.1429615 0.6449725 0.2447381 0.6631389 0.1124053 0.6492205 0 0.680807 0.1134512 0.6944046 0 0.680807 0.1124053 0.6492205 0 0.6252326 0.2447381 0.9105842 0.1930031 0.9096961 0.1997351 0.9108226 0.2447381 0.8948609 0.0584948 0.9097039 0.1652017 0.908595 0.1652017 0.908595 0.1930031 0.9096961 0.2447381 0.8948609 0.2447381 0.8948609 0.1930031 0.9096961 0.2447381 0.9105842 0.0584948 0.9097039 0.1495373 0.9111598 0.1652017 0.908595 0.1495373 0.9111598 0.0584948 0.9097039 0.06512486 0.910822 0.1495373 0.9111598 0.06512486 0.910822 0.1562151 0.9098815 0.2447381 0.9105842 0.1997351 0.9108226 0.2447381 0.8950924 0.2447381 0.8950924 0.1997351 0.9108226 0.1806965 0.9081928 0 0.8947224 0.1806965 0.9081928 0.1562151 0.9098815 0.1562151 0.9098815 0.06512486 0.910822 0.04645144 0.9082095 0.1562151 0.9098815 0.04645144 0.9082095 0 0.8947224 0 0.8947224 0.04645144 0.9082095 0.02257525 0.9097339 0 0.8947224 0.02257525 0.9097339 0 0.9105842 0 0.6252326 0.01885908 0.6179015 0 0.6269723 0.1506586 0.6173756 0.04543232 0.6200427 0.06596064 0.6172671 0.01885908 0.6179015 0.04543232 0.6200427 0 0.6269723 0.1715348 0.6200923 0 0.6269723 0.04543232 0.6200427 0.1715348 0.6200923 0.04543232 0.6200427 0.1506586 0.6173756 0.2447381 0.6253721 0.1715348 0.6200923 0.1957398 0.6182289 0.06138348 0.6182495 0.1608378 0.6192727 0.1506586 0.6173756 0.06138348 0.6182495 0.1506586 0.6173756 0.06596064 0.6172671 0.2013435 0.6171007 0.1833602 0.6198061 0.2447381 0.6265146 0.1957398 0.6182289 0.2013435 0.6171007 0.2447381 0.6253721 0.2447381 0.6253721 0.2013435 0.6171007 0.2447381 0.6265146 0.03842222 0.6200451 0.1833602 0.6198061 0.06138348 0.6182495 0.06138348 0.6182495 0.1833602 0.6198061 0.1608378 0.6192727 0.1833602 0.6198061 0.03842222 0.6200451 0.2447381 0.6265146 0 0.6252326 0.03842222 0.6200451 0.01727658 0.6176622 0 0.6252326 0.01727658 0.6176622 0.01885908 0.6179015 0.02257525 0.9097339 0.01480734 0.9111892 0 0.9105842 0 0.9105842 0.01480734 0.9111892 0 0.8948233 0 0.8948233 0.01480734 0.9111892 0.02991706 0.9086739 0.2447381 0.6265146 0.03842222 0.6200451 0 0.6252326 0.2447381 0.6265146 0 0.6252326 0.1124053 0.6492205 0.1432654 0.6970933 0.1134512 0.6944046 0.2447381 0.7290812 0.2447381 0.7290812 0.1134512 0.6944046 0 0.680807 0.2447381 0.7290812 0 0.680807 0 0.7825439 0.2447381 0.7290812 0 0.7825439 0.2447381 0.8064241 0.2447381 0.8064241 0 0.7825439 0.1364753 0.8110574 0.1364753 0.8110574 0 0.7825439 0.1136194 0.8155615 0.2447381 0.8948609 0.1428421 0.8664375 0 0.8948233 0.2447381 0.8948609 0 0.8948233 0.0584948 0.9097039 0.0584948 0.9097039 0 0.8948233 0.02991706 0.9086739 0.2447381 0.8950924 0.1806965 0.9081928 0 0.8947224 0.2447381 0.8950924 0 0.8947224 0.1150116 0.8667556 0.2447381 0.7825174 0.1244827 0.8108803 0 0.8064241 0.2447381 0.7825174 0 0.8064241 0 0.7290566 0.2447381 0.7825174 0 0.7290566 0.2447381 0.705749 0.2447381 0.705749 0 0.7290566 0.1377912 0.698779 0.2447381 0.6253721 0.1335239 0.6394753 0 0.6269723 0.2447381 0.6253721 0 0.6269723 0.1715348 0.6200923 0.2447381 0.9105842 0.2447381 0.6253721 0.2447381 0.6265146 0.2447381 0.705749 0.2447381 0.663903 0.2447381 0.9105842 0.2447381 0.9105842 0.2447381 0.663903 0.2447381 0.6253721 0.2447381 0.9105842 0.2447381 0.7825174 0.2447381 0.705749 0.2447381 0.8950924 0.2447381 0.852118 0.2447381 0.9105842 0.2447381 0.9105842 0.2447381 0.852118 0.2447381 0.7825174 0.2447381 0.851434 0.2447381 0.8948609 0.2447381 0.9105842 0.2447381 0.7290812 0.2447381 0.8064241 0.2447381 0.9105842 0.2447381 0.9105842 0.2447381 0.8064241 0.2447381 0.851434 0.2447381 0.6631389 0.2447381 0.7290812 0.2447381 0.9105842 0.2447381 0.9105842 0.2447381 0.6265146 0.2447381 0.6631389 0.1056667 0.8587 0 0.8513169 0.1036105 0.8306445 0 0.8064241 0.1205004 0.8110571 0.1036105 0.8306445 0 0.8064241 0.1036105 0.8306445 0 0.8513169 0.2447381 0.852118 0.1537351 0.8477602 0.2447381 0.7825175 0.2447381 0.7825175 0.1537351 0.8477602 0.1433563 0.8155624 0 0.8513169 0.1056667 0.8587 0 0.8947224 0 0.8947224 0.1056667 0.8587 0.1293702 0.8723869 0.2447381 0.8950924 0.1293702 0.8723869 0.2447381 0.852118 0.2447381 0.852118 0.1293702 0.8723869 0.1537351 0.8477602 0 0.8892624 0.1032321 0.8477258 0 0.8378622 0 0.8892624 0.1276871 0.8724717 0.1032321 0.8477258 0.2447381 0.8514339 0.1533293 0.8305293 0.1511659 0.8588913 0.2447381 0.8514339 0.1511659 0.8588913 0.2447381 0.8948609 0.2447381 0.8948609 0.1511659 0.8588913 0.1276871 0.8724717 0 0.8378622 0.1032321 0.8477258 0 0.7963275 0 0.7963275 0.1032321 0.8477258 0.109507 0.8185889 0.109507 0.8185889 0.1324926 0.8108805 0 0.7963275 0.2447381 0.8064241 0.1324926 0.8108805 0.1533293 0.8305293 0.2447381 0.8064241 0.1533293 0.8305293 0.2447381 0.8514339 0.1044529 0.681577 0.1324549 0.7001109 0 0.7290567 0.1324549 0.7001109 0.1548646 0.6739032 0.2447381 0.705749 0.2447381 0.705749 0.1548646 0.6739032 0.2447381 0.663903 0.1140136 0.6449722 0.1044529 0.681577 0 0.6631386 0 0.6631386 0.1044529 0.681577 0 0.7290567 0.1407827 0.6437621 0.1140136 0.6449722 0 0.6268897 0 0.6268897 0.1140136 0.6449722 0 0.6631386 0.1548646 0.6739032 0.1407827 0.6437621 0.2447381 0.663903 0.2447381 0.663903 0.1407827 0.6437621 0.2447381 0.6254279 0.1413598 0.6979862 0.1138375 0.6968674 0 0.7198317 0 0.7198317 0.1138375 0.6968674 0.1036559 0.663305 0 0.7198317 0.1036559 0.663305 0 0.663901 0.1450617 0.6462755 0.1554154 0.6724445 0.2447381 0.663139 0.2447381 0.663139 0.1554154 0.6724445 0.2447381 0.7290812 0.2447381 0.7290812 0.1554154 0.6724445 0.1413598 0.6979862 0.2447381 0.6265146 0.1240885 0.6393908 0.1450617 0.6462755 0.2447381 0.6265146 0.1450617 0.6462755 0.2447381 0.663139 0 0.663901 0.1036559 0.663305 0 0.6252326 0 0.6252326 0.1036559 0.663305 0.1240885 0.6393908 0.1495373 0.9111599 0.0584948 0.9097039 0.06512486 0.9108221 0.1495373 0.9111599 0.06512486 0.9108221 0.1562151 0.9098815 0.0584948 0.9097039 0.1495373 0.9111599 0.1652017 0.908595 0.2447381 0.8948609 0.0584948 0.9097039 0.1652017 0.908595 0.1652017 0.908595 0.1930031 0.9096962 0.2447381 0.8948609 0.02257525 0.9097339 0.0148074 0.9111892 0 0.9105842 0 0.9105842 0.0148074 0.9111892 0 0.8892624 0 0.8892624 0.0148074 0.9111892 0.02991735 0.9086738 0 0.8947224 0.1806965 0.9081928 0.1562151 0.9098815 0.1562151 0.9098815 0.06512486 0.9108221 0.04645144 0.9082096 0.1562151 0.9098815 0.04645144 0.9082096 0 0.8947224 0 0.8947224 0.04645144 0.9082096 0.02257525 0.9097339 0 0.8947224 0.02257525 0.9097339 0 0.9105842 0 0.6252326 0.01885908 0.6179015 0 0.6268897 0 0.6268897 0.01885908 0.6179015 0.04543262 0.6200422 0.04543262 0.6200422 0.1651285 0.6196769 0.2447381 0.6254279 0.1651285 0.6196769 0.1929813 0.6185878 0.2447381 0.6254279 0.1651285 0.6196769 0.04543262 0.6200422 0.06585735 0.6172904 0.06585735 0.6172904 0.1494399 0.6170998 0.1651285 0.6196769 0.1494399 0.6170998 0.06585735 0.6172904 0.1562218 0.6184009 0.06138354 0.6182494 0.1562218 0.6184009 0.06585735 0.6172904 0.2013435 0.6171007 0.1833603 0.6198061 0.2447381 0.6265146 0.1929813 0.6185878 0.2013435 0.6171007 0.2447381 0.6254279 0.2447381 0.6254279 0.2013435 0.6171007 0.2447381 0.6265146 0.03842252 0.6200451 0.1833603 0.6198061 0.06138354 0.6182494 0.06138354 0.6182494 0.1833603 0.6198061 0.1562218 0.6184009 0.1833603 0.6198061 0.03842252 0.6200451 0.2447381 0.6265146 0 0.6252326 0.03842252 0.6200451 0.01727658 0.6176621 0 0.6252326 0.01727658 0.6176621 0.01885908 0.6179015 0.2447381 0.8948609 0.1930031 0.9096962 0.2447381 0.9105842 0.2447381 0.9105842 0.1930031 0.9096962 0.1997351 0.9108226 0.2447381 0.9105842 0.1997351 0.9108226 0.2447381 0.8950924 0.2447381 0.8950924 0.1997351 0.9108226 0.1806965 0.9081928 0.2447381 0.6265146 0.03842252 0.6200451 0 0.6252326 0.2447381 0.6265146 0 0.6252326 0.1240885 0.6393908 0.2447381 0.7290812 0.1413598 0.6979862 0 0.7198317 0.2447381 0.7290812 0 0.7198317 0 0.7963275 0.2447381 0.7290812 0 0.7963275 0.2447381 0.8064241 0.2447381 0.8064241 0 0.7963275 0.1324926 0.8108805 0.2447381 0.8948609 0.1276871 0.8724717 0 0.8892624 0.2447381 0.8948609 0 0.8892624 0.0584948 0.9097039 0.0584948 0.9097039 0 0.8892624 0.02991735 0.9086738 0.2447381 0.8950924 0.1806965 0.9081928 0 0.8947224 0.2447381 0.8950924 0 0.8947224 0.1293702 0.8723869 0.1433563 0.8155624 0.1205004 0.8110571 0.2447381 0.7825175 0.2447381 0.7825175 0.1205004 0.8110571 0 0.8064241 0.2447381 0.7825175 0 0.8064241 0 0.7290567 0.2447381 0.7825175 0 0.7290567 0.2447381 0.705749 0.2447381 0.705749 0 0.7290567 0.1324549 0.7001109 0.2447381 0.6254279 0.1407827 0.6437621 0 0.6268897 0.2447381 0.6254279 0 0.6268897 0.04543262 0.6200422 0.2447381 0.9105842 0.2447381 0.6254279 0.2447381 0.6265146 0.2447381 0.705749 0.2447381 0.663903 0.2447381 0.9105842 0.2447381 0.9105842 0.2447381 0.663903 0.2447381 0.6254279 0.2447381 0.9105842 0.2447381 0.7825175 0.2447381 0.705749 0.2447381 0.8950924 0.2447381 0.852118 0.2447381 0.9105842 0.2447381 0.9105842 0.2447381 0.852118 0.2447381 0.7825175 0.2447381 0.8514339 0.2447381 0.8948609 0.2447381 0.9105842 0.2447381 0.7290812 0.2447381 0.8064241 0.2447381 0.9105842 0.2447381 0.9105842 0.2447381 0.8064241 0.2447381 0.8514339 0.2447381 0.663139 0.2447381 0.7290812 0.2447381 0.9105842 0.2447381 0.9105842 0.2447381 0.6265146 0.2447381 0.663139 0.1483088 0.8590698 0.1293702 0.8723869 0.1153956 0.8678658 0.1483088 0.8590698 0.1537351 0.8477602 0.1293702 0.8723869 0.1483088 0.8590698 0.1483728 0.8208432 0.1537351 0.8477602 0.1537351 0.8477602 0.1483728 0.8208432 0.1433563 0.8155624 0.1483728 0.8208432 0.1188043 0.8139548 0.1433563 0.8155624 0.1188043 0.8139548 0.1205004 0.8110571 0.1433563 0.8155624 0.1015884 0.840488 0.1036105 0.8306445 0.1188043 0.8139548 0.1188043 0.8139548 0.1036105 0.8306445 0.1205004 0.8110571 0.1153956 0.8678658 0.1293702 0.8723869 0.1056667 0.8587 0.1153956 0.8678658 0.1056667 0.8587 0.1015884 0.840488 0.1015884 0.840488 0.1056667 0.8587 0.1036105 0.8306445 0.1244827 0.8108803 0.1505718 0.8255563 0.1324926 0.8108805 0.1150116 0.8667556 0.1276871 0.8724717 0.1453091 0.8643429 0.1453091 0.8643429 0.1276871 0.8724717 0.1511659 0.8588913 0.1453091 0.8643429 0.1511659 0.8588913 0.1533293 0.8305293 0.1453091 0.8643429 0.1533293 0.8305293 0.1505718 0.8255563 0.1505718 0.8255563 0.1533293 0.8305293 0.1324926 0.8108805 0.1244827 0.8108803 0.1324926 0.8108805 0.109507 0.8185889 0.109507 0.8185889 0.103646 0.8305291 0.1244827 0.8108803 0.103646 0.8305291 0.109507 0.8185889 0.1032321 0.8477258 0.1276871 0.8724717 0.1150116 0.8667556 0.1032321 0.8477258 0.1032321 0.8477258 0.1150116 0.8667556 0.103646 0.8305291 0.1140136 0.6449722 0.1258229 0.6395546 0.1041184 0.6679249 0.1324549 0.7001109 0.122624 0.7009474 0.1511254 0.6835287 0.1324549 0.7001109 0.1511254 0.6835287 0.1548646 0.6739032 0.1548646 0.6739032 0.1511254 0.6835287 0.147762 0.6486339 0.1548646 0.6739032 0.147762 0.6486339 0.1407827 0.6437621 0.1407827 0.6437621 0.147762 0.6486339 0.1258229 0.6395546 0.1407827 0.6437621 0.1258229 0.6395546 0.1140136 0.6449722 0.1041184 0.6679249 0.1044529 0.681577 0.1140136 0.6449722 0.1324549 0.7001109 0.1044529 0.681577 0.122624 0.7009474 0.122624 0.7009474 0.1044529 0.681577 0.1041184 0.6679249 0.1069491 0.6858277 0.1138375 0.6968674 0.1377912 0.698779 0.1377912 0.698779 0.1138375 0.6968674 0.1413598 0.6979862 0.1377912 0.698779 0.1413598 0.6979862 0.1554154 0.6724445 0.1377912 0.698779 0.1554154 0.6724445 0.153319 0.6633056 0.153319 0.6633056 0.1554154 0.6724445 0.1450617 0.6462755 0.153319 0.6633056 0.1450617 0.6462755 0.1335239 0.6394753 0.1335239 0.6394753 0.1450617 0.6462755 0.1240885 0.6393908 0.1335239 0.6394753 0.1240885 0.6393908 0.1124628 0.6458642 0.1124628 0.6458642 0.1240885 0.6393908 0.1036559 0.663305 0.1124628 0.6458642 0.1036559 0.663305 0.1069491 0.6858277 0.1069491 0.6858277 0.1036559 0.663305 0.1138375 0.6968674 0.1032401 0.8477611 0.1040592 0.8326302 0.1136194 0.8155615 0.1346524 0.8135936 0.1136194 0.8155615 0.1040592 0.8326302 0.1346524 0.8135936 0.1364753 0.8110574 0.1136194 0.8155615 0.1534116 0.8487275 0.1533648 0.8306447 0.1346524 0.8135936 0.1346524 0.8135936 0.1533648 0.8306447 0.1364753 0.8110574 0.1534116 0.8487275 0.1428421 0.8664375 0.1533648 0.8306447 0.1356498 0.8725725 0.1428421 0.8664375 0.1534116 0.8487275 0.1129976 0.8671562 0.1190372 0.8720615 0.1356498 0.8725725 0.1356498 0.8725725 0.1190372 0.8720615 0.1428421 0.8664375 0.1040592 0.8326302 0.1032401 0.8477611 0.1129976 0.8671562 0.1129976 0.8671562 0.1032401 0.8477611 0.1190372 0.8720615 0.1429615 0.6449725 0.1311553 0.6395552 0.1512879 0.653975 0.1134512 0.6944046 0.1058549 0.6835382 0.1124053 0.6492205 0.1124053 0.6492205 0.1058549 0.6835382 0.1092133 0.6486333 0.1124053 0.6492205 0.1092133 0.6486333 0.1311553 0.6395552 0.1124053 0.6492205 0.1311553 0.6395552 0.1429615 0.6449725 0.1524472 0.6838473 0.1553758 0.672388 0.1512879 0.653975 0.1512879 0.653975 0.1553758 0.672388 0.1429615 0.6449725 0.1553758 0.672388 0.1524472 0.6838473 0.1432654 0.6970933 0.1312443 0.7024428 0.1432654 0.6970933 0.1524472 0.6838473 0.1312443 0.7024428 0.1134512 0.6944046 0.1432654 0.6970933 0.1058549 0.6835382 0.1134512 0.6944046 0.1312443 0.7024428 0.05115491 1 0.02991735 0.9086738 0.02222359 0.9778068 0.02222359 0.9778068 0.02991735 0.9086738 0.0148074 0.9111892 0.02222359 0.9778068 0.0148074 0.9111892 0.01490646 0.9690589 0.01490646 0.9690589 0.0148074 0.9111892 0.02257525 0.9097339 0.02257525 0.9097339 0.04143118 0.9967806 0.01490646 0.9690589 0.04143118 0.9967806 0.02257525 0.9097339 0.04645144 0.9082096 0.04143118 0.9967806 0.06512486 0.9108221 0.06581151 1 0.04143118 0.9967806 0.04645144 0.9082096 0.06512486 0.9108221 0.02991735 0.9086738 0.05115491 1 0.0584948 0.9097039 0.06581151 1 0.0584948 0.9097039 0.05115491 1 0.06581151 1 0.06512486 0.9108221 0.0584948 0.9097039 0.06138354 0.6182494 0.06438308 0.5204348 0.04498726 0.5204348 0.06138354 0.6182494 0.04498726 0.5204348 0.03842252 0.6200451 0.01871389 0.546814 0.03842252 0.6200451 0.04498726 0.5204348 0.03842252 0.6200451 0.01871389 0.546814 0.01727658 0.6176621 0.02215808 0.5426985 0.01885908 0.6179015 0.01871389 0.546814 0.01871389 0.546814 0.01885908 0.6179015 0.01727658 0.6176621 0.01885908 0.6179015 0.02215808 0.5426985 0.04543262 0.6200422 0.04543262 0.6200422 0.02215808 0.5426985 0.04324561 0.5204348 0.04543262 0.6200422 0.04324561 0.5204348 0.06500959 0.5204348 0.04543262 0.6200422 0.06500959 0.5204348 0.06585735 0.6172904 0.06138354 0.6182494 0.06585735 0.6172904 0.06438308 0.5204348 0.06438308 0.5204348 0.06585735 0.6172904 0.06500959 0.5204348 0.1944982 1 0.1997351 0.9108226 0.2001127 1 0.1997351 0.9108226 0.1944982 1 0.1806965 0.9081928 0.1806965 0.9081928 0.1944982 1 0.1726118 1 0.1806965 0.9081928 0.1726118 1 0.1562151 0.9098815 0.1562151 0.9098815 0.1726118 1 0.1506773 1 0.1562151 0.9098815 0.1506773 1 0.1495373 0.9111599 0.1495373 0.9111599 0.1506773 1 0.1592155 1 0.1495373 0.9111599 0.1592155 1 0.1652017 0.908595 0.1652017 0.908595 0.1592155 1 0.1818709 1 0.1652017 0.908595 0.1818709 1 0.1930031 0.9096962 0.1930031 0.9096962 0.1818709 1 0.2001127 1 0.2001127 1 0.1997351 0.9108226 0.1930031 0.9096962 0.2001127 0.5204348 0.1914294 0.5204348 0.2013435 0.6171007 0.2013435 0.6171007 0.1914294 0.5204348 0.1833603 0.6198061 0.1833603 0.6198061 0.1914294 0.5204348 0.1689065 0.5204348 0.1833603 0.6198061 0.1689065 0.5204348 0.1562218 0.6184009 0.1562218 0.6184009 0.1689065 0.5204348 0.1506773 0.5204349 0.1562218 0.6184009 0.1506773 0.5204349 0.1494399 0.6170998 0.1494399 0.6170998 0.1506773 0.5204349 0.1563489 0.5204348 0.1494399 0.6170998 0.1563489 0.5204348 0.1651285 0.6196769 0.1651285 0.6196769 0.1563489 0.5204348 0.1782001 0.5204348 0.1651285 0.6196769 0.1782001 0.5204348 0.1929813 0.6185878 0.1929813 0.6185878 0.1782001 0.5204348 0.2001127 0.5204348 0.2001127 0.5204348 0.2013435 0.6171007 0.1929813 0.6185878 0.1944984 1 0.1997351 0.9108226 0.2001127 1 0.1997351 0.9108226 0.1944984 1 0.1806965 0.9081928 0.1806965 0.9081928 0.1944984 1 0.1726118 1 0.1806965 0.9081928 0.1726118 1 0.1562151 0.9098815 0.1562151 0.9098815 0.1726118 1 0.1506773 1 0.1562151 0.9098815 0.1506773 1 0.1495373 0.9111598 0.1495373 0.9111598 0.1506773 1 0.1562858 1 0.1495373 0.9111598 0.1562858 1 0.1652017 0.908595 0.1652017 0.908595 0.1562858 1 0.1782001 1 0.1652017 0.908595 0.1782001 1 0.1930031 0.9096961 0.1930031 0.9096961 0.1782001 1 0.2001127 1 0.2001127 1 0.1997351 0.9108226 0.1930031 0.9096961 0.2013435 0.6171007 0.1982734 0.5204348 0.1833602 0.6198061 0.1833602 0.6198061 0.1982734 0.5204348 0.1726118 0.5204348 0.1833602 0.6198061 0.1726118 0.5204348 0.1608378 0.6192727 0.1608378 0.6192727 0.1726118 0.5204348 0.1506773 0.5204348 0.1608378 0.6192727 0.1506773 0.5204348 0.1506586 0.6173756 0.1506586 0.6173756 0.1506773 0.5204348 0.1563489 0.5204348 0.1506586 0.6173756 0.1563489 0.5204348 0.1715348 0.6200923 0.1715348 0.6200923 0.1563489 0.5204348 0.1853919 0.5204348 0.1715348 0.6200923 0.1853919 0.5204348 0.1957398 0.6182289 0.1982734 0.5204348 0.1957398 0.6182289 0.1853919 0.5204348 0.1982734 0.5204348 0.2013435 0.6171007 0.1957398 0.6182289 0.05120009 1 0.02991706 0.9086739 0.02222281 0.9778059 0.02222281 0.9778059 0.02991706 0.9086739 0.01480734 0.9111892 0.02222281 0.9778059 0.01480734 0.9111892 0.01877552 0.9736838 0.01877552 0.9736838 0.01480734 0.9111892 0.02257525 0.9097339 0.01877552 0.9736838 0.02257525 0.9097339 0.044999 1 0.044999 1 0.02257525 0.9097339 0.04645144 0.9082095 0.044999 1 0.06512486 0.910822 0.06581151 1 0.044999 1 0.04645144 0.9082095 0.06512486 0.910822 0.02991706 0.9086739 0.05120009 1 0.0584948 0.9097039 0.06581151 1 0.0584948 0.9097039 0.05120009 1 0.06581151 1 0.06512486 0.910822 0.0584948 0.9097039 0.06138348 0.6182495 0.06438314 0.5204348 0.04142898 0.5236577 0.06138348 0.6182495 0.04142898 0.5236577 0.03842222 0.6200451 0.03842222 0.6200451 0.04142898 0.5236577 0.01727658 0.6176622 0.01727658 0.6176622 0.04142898 0.5236577 0.01490986 0.5513595 0.02215796 0.5426985 0.01885908 0.6179015 0.01490986 0.5513595 0.01490986 0.5513595 0.01885908 0.6179015 0.01727658 0.6176622 0.01885908 0.6179015 0.02215796 0.5426985 0.04543232 0.6200427 0.04543232 0.6200427 0.02215796 0.5426985 0.04311895 0.5204348 0.04543232 0.6200427 0.04311895 0.5204348 0.06500959 0.5204348 0.04543232 0.6200427 0.06500959 0.5204348 0.06596064 0.6172671 0.06138348 0.6182495 0.06596064 0.6172671 0.06438314 0.5204348 0.06438314 0.5204348 0.06596064 0.6172671 0.06500959 0.5204348 0.04143118 0.9967806 0.04078966 1 0 0.9512587 0 0.9512587 0.04078966 1 0.05120009 1 0.01877552 0.9736838 0.044999 1 0.05115491 1 0.05120009 1 0.02222281 0.9778059 0 0.9512587 0.01877552 0.9736838 0 0.9512587 0 0.9512587 0.02222359 0.9778068 0.01490646 0.9690589 0.01877552 0.9736838 0.01877552 0.9736838 0.01490646 0.9690589 0 0.9512587 0 0.9512587 0.02222281 0.9778059 0.01877552 0.9736838 0 0.9512587 0.01490646 0.9690589 0.04143118 0.9967806 0.05115491 1 0.02222359 0.9778068 0.01877552 0.9736838 0 0.569176 0.04078966 0.5204348 0.04324561 0.5204348 0.04324561 0.5204348 0.02215808 0.5426985 0 0.569176 0.01871389 0.546814 0 0.569176 0 0.569176 0 0.569176 0.02215808 0.5426985 0.01871389 0.546814 0.04142898 0.5236577 0.04078996 0.5204348 0 0.569176 0.04498726 0.5204348 0.04311895 0.5204348 0.01871389 0.546814 0.01871389 0.546814 0.04311895 0.5204348 0.02215796 0.5426985 0.01871389 0.546814 0.01490986 0.5513595 0 0.569176 0.01871389 0.546814 0.02215796 0.5426985 0.01490986 0.5513595 0 0.569176 0.01490986 0.5513595 0.04142898 0.5236577 0.5644885 0.9512587 0.5237011 0.9999973 0.5236988 1 0.5644885 0.9512587 0.5236988 1 0.5874179 0.8926048 0.2949178 0.5963971 0.2845907 0.584057 0.3132629 0.6005147 0.2949178 0.5963971 0.3132629 0.6005147 0.3230728 0.5991179 0.3230728 0.5991179 0.3132629 0.6005147 0.3418944 0.5766766 0.3230728 0.5991179 0.3418944 0.5766766 0.3431447 0.5748245 0.3431447 0.5748245 0.3418944 0.5766766 0.3349684 0.5386041 0.3349684 0.5386041 0.3418944 0.5766766 0.3329553 0.5361986 0.3349684 0.5386041 0.3329553 0.5361986 0.3010945 0.5279219 0.3010945 0.5279219 0.3329553 0.5361986 0.3026444 0.5264279 0.3010945 0.5279219 0.3026444 0.5264279 0.2823135 0.5504124 0.3010945 0.5279219 0.2823135 0.5504124 0.2811447 0.5621351 0.2811447 0.5621351 0.2823135 0.5504124 0.2845907 0.584057 0.2811447 0.5621351 0.2845907 0.584057 0.2949178 0.5963971 0.5372848 0.8743553 0.5154338 0.8597793 0.5440053 0.8762333 0.5372848 0.8743553 0.5440053 0.8762333 0.5722511 0.8504435 0.5722511 0.8504435 0.5440053 0.8762333 0.5714785 0.8574706 0.5722511 0.8504435 0.5714785 0.8574706 0.5716901 0.8233604 0.5722511 0.8504435 0.5716901 0.8233604 0.5631478 0.8100425 0.5631478 0.8100425 0.5716901 0.8233604 0.5501831 0.8014732 0.5631478 0.8100425 0.5501831 0.8014732 0.5286411 0.8064054 0.5286411 0.8064054 0.5501831 0.8014732 0.5183049 0.8186482 0.5286411 0.8064054 0.5183049 0.8186482 0.5112239 0.8426862 0.5112239 0.8426862 0.5183049 0.8186482 0.5154338 0.8597793 0.5112239 0.8426862 0.5154338 0.8597793 0.5372848 0.8743553 0.5631478 0.8100425 0.5864853 0.7834705 0.5722511 0.8504435 0.5722511 0.8504435 0.5864853 0.7834705 0.6051201 0.8460511 0.5722511 0.8504435 0.6051201 0.8460511 0.5766292 0.9040462 0.5722511 0.8504435 0.5766292 0.9040462 0.5372848 0.8743553 0.5372848 0.8743553 0.5766292 0.9040462 0.535964 0.9161298 0.5372848 0.8743553 0.535964 0.9161298 0.4992273 0.8950244 0.5372848 0.8743553 0.4992273 0.8950244 0.5112239 0.8426862 0.5112239 0.8426862 0.4992273 0.8950244 0.4789952 0.8417779 0.5112239 0.8426862 0.4789952 0.8417779 0.5286411 0.8064054 0.5286411 0.8064054 0.4789952 0.8417779 0.5028545 0.7817932 0.5286411 0.8064054 0.5028545 0.7817932 0.5496503 0.7623206 0.5286411 0.8064054 0.5496503 0.7623206 0.5631478 0.8100425 0.5631478 0.8100425 0.5496503 0.7623206 0.5864853 0.7834705 0.5864853 0.7834705 0.5828451 0.7817936 0.6051201 0.8460511 0.6051201 0.8460511 0.5828451 0.7817936 0.606704 0.8417784 0.6051201 0.8460511 0.606704 0.8417784 0.5874179 0.8926048 0.6051201 0.8460511 0.5874179 0.8926048 0.5766292 0.9040462 0.5766292 0.9040462 0.5874179 0.8926048 0.5497351 0.9161298 0.5766292 0.9040462 0.5497351 0.9161298 0.535964 0.9161298 0.535964 0.9161298 0.5497351 0.9161298 0.5090701 0.9040464 0.535964 0.9161298 0.5090701 0.9040464 0.4992273 0.8950244 0.4992273 0.8950244 0.5090701 0.9040464 0.4805791 0.8460507 0.4992273 0.8950244 0.4805791 0.8460507 0.4789952 0.8417779 0.4789952 0.8417779 0.4805791 0.8460507 0.5028545 0.7817932 0.5028545 0.7817932 0.4805791 0.8460507 0.4992143 0.7834702 0.5028545 0.7817932 0.4992143 0.7834702 0.5360491 0.7623205 0.5028545 0.7817932 0.5360491 0.7623205 0.5496503 0.7623206 0.5496503 0.7623206 0.5360491 0.7623205 0.5828451 0.7817936 0.5496503 0.7623206 0.5828451 0.7817936 0.5864853 0.7834705 0.2811447 0.5621351 0.2557336 0.5275883 0.3010945 0.5279219 0.3010945 0.5279219 0.2557336 0.5275883 0.2934843 0.4904869 0.3010945 0.5279219 0.2934843 0.4904869 0.3349684 0.5386041 0.3349684 0.5386041 0.2934843 0.4904869 0.3354588 0.4913809 0.3349684 0.5386041 0.3354588 0.4913809 0.3663613 0.5231834 0.3349684 0.5386041 0.3663613 0.5231834 0.3431447 0.5748245 0.3431447 0.5748245 0.3663613 0.5231834 0.3764594 0.5717493 0.3431447 0.5748245 0.3764594 0.5717493 0.3587968 0.6156483 0.3431447 0.5748245 0.3587968 0.6156483 0.3230728 0.5991179 0.3230728 0.5991179 0.3587968 0.6156483 0.3142374 0.6398243 0.3230728 0.5991179 0.3142374 0.6398243 0.2949178 0.5963971 0.2949178 0.5963971 0.3142374 0.6398243 0.2686946 0.6192717 0.2949178 0.5963971 0.2686946 0.6192717 0.2811447 0.5621351 0.2811447 0.5621351 0.2686946 0.6192717 0.2481536 0.5754569 0.2811447 0.5621351 0.2481536 0.5754569 0.2557336 0.5275883 0.3663613 0.5231834 0.345854 0.4986811 0.3742111 0.5464522 0.3663613 0.5231834 0.3742111 0.5464522 0.3764594 0.5717493 0.3764594 0.5717493 0.3742111 0.5464522 0.3663473 0.6038864 0.3764594 0.5717493 0.3663473 0.6038864 0.3587968 0.6156483 0.3587968 0.6156483 0.3663473 0.6038864 0.3178134 0.6379315 0.3587968 0.6156483 0.3178134 0.6379315 0.3142374 0.6398243 0.3142374 0.6398243 0.3178134 0.6379315 0.2686946 0.6192717 0.2686946 0.6192717 0.3178134 0.6379315 0.2610365 0.6066234 0.2686946 0.6192717 0.2610365 0.6066234 0.2481536 0.5754569 0.2481536 0.5754569 0.2610365 0.6066234 0.2553086 0.5322749 0.2481536 0.5754569 0.2553086 0.5322749 0.2557336 0.5275883 0.2557336 0.5275883 0.2553086 0.5322749 0.2934843 0.4904869 0.2934843 0.4904869 0.2553086 0.5322749 0.2977973 0.4893124 0.2934843 0.4904869 0.2977973 0.4893124 0.3354588 0.4913809 0.3354588 0.4913809 0.2977973 0.4893124 0.345854 0.4986811 0.3354588 0.4913809 0.345854 0.4986811 0.3663613 0.5231834 1 0.2202658 0 0.3383439 1 0.472675 1 0.472675 0 0.3383439 0 0.6079975 1 0.472675 0 0.6079975 1 0.7012004 1 0.7012004 0 0.6079975 0 0.816929 1 0.7012004 0 0.816929 1 0.9069191 1 0.9069191 0 0.816929 0 0.96657 1 0.9069191 0 0.96657 1 0.9968436 1 0.9968436 0 0.96657 0 0.9857303 1 0.9968436 0 0.9857303 1 0.955091 1 0.955091 0 0.9857303 0 0.8836572 1 0.955091 0 0.8836572 1 0.779735 1 0.779735 0 0.8836572 0 0.6616559 1 0.779735 0 0.6616559 1 0.5273254 1 0.5273254 0 0.6616559 0 0.3920036 1 0.5273254 0 0.3920036 1 0.2987987 1 0.2987987 0 0.3920036 0 0.1830725 1 0.2987987 0 0.1830725 1 0.0930804 1 0.0930804 0 0.1830725 0 0.0334298 1 0.0930804 0 0.0334298 1 0.003156423 1 0.003156423 0 0.0334298 0 0.01427024 1 0.003156423 0 0.01427024 1 0.0449084 1 0.0449084 0 0.01427024 0 0.1163418 1 0.0449084 0 0.1163418 1 0.2202658 1 0.2202658 0 0.1163418 0 0.3383439 0 0.7351182 0 0.816929 0 0.6079975 0 0.7351182 0 0.6079975 0 0.4400918 0 0.4400918 0 0.6079975 0 0.3383439 0 0.4400918 0 0.3383439 0 0.1787011 0 0.1787011 0 0.3383439 0 0.1163418 0 0.1787011 0 0.1163418 0 0.01427024 0 0.1787011 0 0.01427024 0 0.0917769 0 0.7478676 0 0.6616559 0 0.8836572 0 0.7478676 0 0.8836572 0 0.9024941 0 0.9024941 0 0.8836572 0 0.9857303 0 0.9024941 0 0.9857303 0 0.8990495 0 0.8990495 0 0.9857303 0 0.96657 0 0.8990495 0 0.96657 0 0.7351182 0 0.7351182 0 0.96657 0 0.816929 0 0.0917769 0 0.01427024 0 0.0334298 0 0.0917769 0 0.0334298 0 0.1824231 0 0.1824231 0 0.0334298 0 0.1830725 0 0.1824231 0 0.1830725 0 0.4219895 0 0.4219895 0 0.1830725 0 0.3920036 0 0.4219895 0 0.3920036 0 0.6616559 0 0.4219895 0 0.6616559 0 0.7478676 0 0.1787011 1 0.3264358 0 0.4400918 0 0.4400918 1 0.3264358 1 0.5637707 0 0.4400918 1 0.5637707 0 0.7351182 0 0.7351182 1 0.5637707 1 0.7803133 0 0.7351182 1 0.7803133 0 0.8990495 0 0.8990495 1 0.7803133 1 0.8954674 0 0.8990495 1 0.8954674 1 0.889937 0 0.8990495 1 0.889937 0 0.9024941 0 0.9024941 1 0.889937 0 0.7478676 0 0.7478676 1 0.889937 1 0.7046279 0 0.7478676 1 0.7046279 0 0.4219895 0 0.4219895 1 0.7046279 1 0.4711516 0 0.4219895 1 0.4711516 1 0.2734593 0 0.4219895 1 0.2734593 0 0.1824231 0 0.1824231 1 0.2734593 1 0.1129785 0 0.1824231 1 0.1129785 0 0.0917769 0 0.0917769 1 0.1129785 1 0.1312753 0 0.0917769 1 0.1312753 0 0.1787011 0 0.1787011 1 0.1312753 1 0.3264358 1 0.7803133 1 0.7012004 1 0.9069191 1 0.7803133 1 0.9069191 1 0.8954674 1 0.8954674 1 0.9069191 1 0.9968436 1 0.8954674 1 0.9968436 1 0.889937 1 0.889937 1 0.9968436 1 0.955091 1 0.889937 1 0.955091 1 0.7046279 1 0.7046279 1 0.955091 1 0.779735 1 0.1129785 1 0.003156423 1 0.1312753 1 0.1312753 1 0.003156423 1 0.0449084 1 0.1312753 1 0.0449084 1 0.2202658 1 0.1312753 1 0.2202658 1 0.3264358 1 0.3264358 1 0.2202658 1 0.472675 1 0.3264358 1 0.472675 1 0.5637707 1 0.5637707 1 0.472675 1 0.7012004 1 0.5637707 1 0.7012004 1 0.7803133 1 0.7046279 1 0.779735 1 0.5273254 1 0.7046279 1 0.5273254 1 0.4711516 1 0.4711516 1 0.5273254 1 0.2987987 1 0.4711516 1 0.2987987 1 0.2734593 1 0.2734593 1 0.2987987 1 0.0930804 1 0.2734593 1 0.0930804 1 0.1129785 1 0.1129785 1 0.0930804 1 0.003156423 1 0.7366274 0 0.7523105 1 0.4396351 1 0.4396351 0 0.7523105 0 0.4163337 1 0.4396351 0 0.4163337 0 0.1530621 1 0.4396351 0 0.1530621 1 0.1356636 1 0.1356636 0 0.1530621 0 0.02109235 1 0.1356636 0 0.02109235 1 0.01640856 1 0.01640856 0 0.02109235 0 0.01850581 1 0.01640856 0 0.01850581 1 0.02408349 1 0.02408349 0 0.01850581 0 0.166419 1 0.02408349 0 0.166419 1 0.1853891 1 0.1853891 0 0.166419 0 0.4824717 1 0.1853891 0 0.4824717 1 0.4595863 1 0.4595863 0 0.4824717 1 0.7484254 1 0.7484254 0 0.4824717 0 0.774579 1 0.7484254 0 0.774579 0 0.951451 1 0.7484254 0 0.951451 1 0.9481689 1 0.9481689 0 0.951451 1 0.9973759 1 0.9973759 0 0.951451 0 0.9690437 1 0.9973759 0 0.9690437 1 0.9145411 1 0.9145411 0 0.9690437 0 0.7523105 1 0.9145411 0 0.7523105 1 0.7366274 0 0.1569795 0 0.1530621 0 0.4054477 0 0.4054477 0 0.1530621 0 0.4163337 0 0.4054477 0 0.4163337 0 0.7140427 0 0.7140427 0 0.4163337 0 0.7523105 0 0.7140427 0 0.7523105 0 0.8998459 0 0.8998459 0 0.7523105 0 0.9690437 0 0.8998459 0 0.9690437 0 0.951451 0 0.8998459 0 0.951451 0 0.8433542 0 0.8433542 0 0.951451 0 0.774579 0 0.8433542 0 0.774579 0 0.5948861 0 0.5948861 0 0.774579 0 0.4824717 0 0.5948861 0 0.4824717 0 0.2862911 0 0.2862911 0 0.4824717 0 0.166419 0 0.2862911 0 0.166419 0 0.1004878 0 0.1004878 0 0.166419 0 0.01850581 0 0.1004878 0 0.01850581 0 0.1569795 0 0.1569795 0 0.01850581 0 0.02109235 0 0.1569795 0 0.02109235 0 0.1530621 0 0.7140427 1 0.6909137 0 0.4054477 0 0.4054477 1 0.6909137 1 0.3824124 0 0.4054477 1 0.3824124 0 0.1569795 0 0.1569795 1 0.3824124 1 0.1436124 0 0.1569795 1 0.1436124 0 0.1004878 0 0.1004878 1 0.1436124 1 0.1074495 0 0.1004878 1 0.1074495 0 0.2862911 0 0.2862911 1 0.1074495 1 0.3094202 0 0.2862911 1 0.3094202 0 0.5948861 0 0.5948861 1 0.3094202 1 0.6179215 0 0.5948861 1 0.6179215 0 0.8433542 0 0.8433542 1 0.6179215 1 0.8567214 0 0.8433542 1 0.8567214 0 0.8998459 0 0.8998459 1 0.8567214 1 0.8928843 0 0.8998459 1 0.8928843 0 0.7140427 0 0.7140427 1 0.8928843 1 0.6909137 1 0.1436124 1 0.1356636 1 0.01640856 1 0.1436124 1 0.01640856 1 0.1074495 1 0.1074495 1 0.01640856 1 0.02408349 1 0.1074495 1 0.02408349 1 0.3094202 1 0.3094202 1 0.02408349 1 0.1853891 1 0.8928843 1 0.9973759 1 0.9145411 1 0.8928843 1 0.9145411 1 0.6909137 1 0.6909137 1 0.9145411 1 0.7366274 1 0.6909137 1 0.7366274 1 0.4396351 1 0.6909137 1 0.4396351 1 0.3824124 1 0.3824124 1 0.4396351 1 0.1436124 1 0.1436124 1 0.4396351 1 0.1356636 1 0.3094202 1 0.1853891 1 0.4595863 1 0.3094202 1 0.4595863 1 0.6179215 1 0.6179215 1 0.4595863 1 0.7484254 1 0.6179215 1 0.7484254 1 0.8567214 1 0.8567214 1 0.7484254 1 0.9481689 1 0.8567214 1 0.9481689 1 0.8928843 1 0.8928843 1 0.9481689 1 0.9973759 1 0.1926378 0 0.3458288 1 0.4691406 1 0.4691406 0 0.3458288 0 0.5972602 1 0.4691406 0 0.5972602 1 0.710819 1 0.710819 0 0.5972602 0 0.8169364 1 0.710819 0 0.8169364 1 0.902094 1 0.902094 0 0.8169364 0 0.9659219 1 0.902094 0 0.9659219 1 0.9855602 1 0.9855602 0 0.9659219 0 0.9891842 1 0.9855602 0 0.9891842 0 0.8236705 1 0.9855602 0 0.8236705 1 0.8013772 1 0.8013772 0 0.8236705 0 0.5059531 1 0.8013772 0 0.5059531 1 0.480104 1 0.480104 0 0.5059531 0 0.2224328 1 0.480104 0 0.2224328 1 0.2017336 1 0.2017336 0 0.2224328 0 0.03823834 1 0.2017336 0 0.03823834 1 0.04561835 1 0.04561835 0 0.03823834 1 0.02086997 1 0.02086997 0 0.03823834 0 0.01959306 1 0.02086997 0 0.01959306 0 0.1367643 1 0.02086997 0 0.1367643 1 0.1926378 1 0.1926378 0 0.1367643 0 0.3458288 0 0.1088236 0 0.03823834 0 0.1435424 0 0.1435424 0 0.03823834 0 0.2224328 0 0.1435424 0 0.2224328 0 0.3961598 0 0.3961598 0 0.2224328 0 0.5059531 0 0.3961598 0 0.5059531 0 0.7044136 0 0.6031724 0 0.8169364 0 0.5972602 0 0.6031724 0 0.5972602 0 0.3458288 0 0.6031724 0 0.3458288 0 0.2949188 0 0.2949188 0 0.3458288 0 0.1367643 0 0.2949188 0 0.1367643 0 0.1088236 0 0.1088236 0 0.1367643 0 0.01959306 0 0.1088236 0 0.01959306 0 0.03823834 0 0.5059531 0 0.8236705 0 0.7044136 0 0.7044136 0 0.8236705 0 0.8905088 0 0.8905088 0 0.8236705 0 0.9891842 0 0.8905088 0 0.9891842 0 0.85579 0 0.85579 0 0.9891842 0 0.9659219 0 0.85579 0 0.9659219 0 0.8169364 0 0.85579 0 0.8169364 0 0.6031724 0 0.2949188 1 0.4497323 0 0.6031724 0 0.6031724 1 0.4497323 1 0.7505961 0 0.6031724 1 0.7505961 0 0.85579 0 0.85579 1 0.7505961 1 0.9008891 0 0.85579 1 0.9008891 0 0.8905088 0 0.8905088 1 0.9008891 1 0.8238876 0 0.8905088 1 0.8238876 0 0.7044136 0 0.7044136 1 0.8238876 1 0.5496 0 0.7044136 1 0.5496 0 0.3961598 0 0.3961598 1 0.5496 1 0.2487363 0 0.3961598 1 0.2487363 0 0.1435424 0 0.1435424 1 0.2487363 1 0.09844332 0 0.1435424 1 0.09844332 0 0.1088236 0 0.1088236 1 0.09844332 1 0.1754447 0 0.1088236 1 0.1754447 0 0.2949188 0 0.2949188 1 0.1754447 1 0.4497323 1 0.5496 1 0.8013772 1 0.480104 1 0.5496 1 0.480104 1 0.2487363 1 0.2487363 1 0.480104 1 0.2017336 1 0.2487363 1 0.2017336 1 0.09844332 1 0.09844332 1 0.2017336 1 0.04561835 1 0.04561835 1 0.02086997 1 0.09844332 1 0.09844332 1 0.02086997 1 0.1754447 1 0.1754447 1 0.02086997 1 0.1926378 1 0.1754447 1 0.1926378 1 0.4497323 1 0.4497323 1 0.1926378 1 0.4691406 1 0.4497323 1 0.4691406 1 0.7505961 1 0.7505961 1 0.4691406 1 0.710819 1 0.7505961 1 0.710819 1 0.902094 1 0.7505961 1 0.902094 1 0.9008891 1 0.9008891 1 0.902094 1 0.9855602 1 0.9008891 1 0.9855602 1 0.8238876 1 0.8238876 1 0.9855602 1 0.8013772 1 0.8238876 1 0.8013772 1 0.5496 1 0.4261604 0 0.5478246 1 0.6703888 1 0.6703888 0 0.5478246 0 0.8588581 1 0.6703888 0 0.8588581 1 0.8756077 1 0.8756077 0 0.8588581 0 0.9838706 1 0.8756077 0 0.9838706 1 0.9918978 1 0.9918978 0 0.9838706 0 0.9793714 1 0.9918978 0 0.9793714 1 0.9327284 1 0.9327284 0 0.9793714 0 0.8594685 1 0.9327284 0 0.8594685 1 0.7668427 1 0.7668427 0 0.8594685 0 0.6487348 1 0.7668427 0 0.6487348 1 0.5253359 1 0.5253359 0 0.6487348 0 0.3968809 1 0.5253359 0 0.3968809 1 0.2840855 1 0.2840855 0 0.3968809 0 0.1786351 1 0.2840855 0 0.1786351 1 0.09453856 1 0.09453856 0 0.1786351 0 0.02199578 1 0.09453856 0 0.02199578 1 0.006172537 1 0.006172537 0 0.02199578 0 0.03689414 1 0.006172537 0 0.03689414 1 0.13187 1 0.13187 0 0.03689414 0 0.2179507 1 0.13187 0 0.2179507 1 0.4261604 1 0.4261604 0 0.2179507 0 0.5478246 0 0.6287911 0 0.6487348 0 0.8594685 0 0.6287911 0 0.8594685 0 0.8674315 0 0.8674315 0 0.8594685 0 0.9793714 0 0.8674315 0 0.9793714 0 0.8842257 0 0.8842257 0 0.9793714 0 0.9838706 0 0.1338205 0 0.03689414 0 0.1170262 0 0.1170262 0 0.03689414 0 0.02199578 0 0.1170262 0 0.02199578 0 0.1786351 0 0.1170262 0 0.1786351 0 0.3155536 0 0.3155536 0 0.1786351 0 0.3968809 0 0.3155536 0 0.3968809 0 0.6287911 0 0.6287911 0 0.3968809 0 0.6487348 0 0.9838706 0 0.8588581 0 0.8842257 0 0.8842257 0 0.8588581 0 0.6856983 0 0.6856983 0 0.8588581 0 0.5478246 0 0.6856983 0 0.5478246 0 0.372461 0 0.372461 0 0.5478246 0 0.2179507 0 0.372461 0 0.2179507 0 0.1338205 0 0.1338205 0 0.2179507 0 0.03689414 0 0.372461 1 0.3509961 1 0.6644337 0 0.372461 1 0.6644337 0 0.6856983 0 0.6856983 1 0.6644337 0 0.8842257 0 0.8842257 1 0.6644337 1 0.8832505 0 0.8842257 1 0.8832505 1 0.8704198 0 0.8842257 1 0.8704198 0 0.8674315 0 0.8674315 1 0.8704198 0 0.6287911 0 0.6287911 1 0.8704198 1 0.6502559 0 0.6287911 1 0.6502559 1 0.3368183 0 0.6287911 1 0.3368183 0 0.3155536 0 0.3155536 1 0.3368183 0 0.1170262 0 0.1170262 1 0.3368183 1 0.1180014 0 0.1170262 1 0.1180014 1 0.1308321 0 0.1170262 1 0.1308321 0 0.1338205 0 0.1338205 1 0.1308321 0 0.372461 0 0.372461 1 0.1308321 1 0.3509961 1 0.6502559 1 0.5253359 1 0.3368183 1 0.3368183 1 0.5253359 1 0.2840855 1 0.3368183 1 0.2840855 1 0.09453856 1 0.3368183 1 0.09453856 1 0.1180014 1 0.1180014 1 0.09453856 1 0.006172537 1 0.1180014 1 0.006172537 1 0.1308321 1 0.8832505 1 0.8756077 1 0.9918978 1 0.8832505 1 0.9918978 1 0.8704198 1 0.8704198 1 0.9918978 1 0.9327284 1 0.8704198 1 0.9327284 1 0.6502559 1 0.6502559 1 0.9327284 1 0.7668427 1 0.6502559 1 0.7668427 1 0.5253359 1 0.1308321 1 0.006172537 1 0.13187 1 0.1308321 1 0.13187 1 0.3509961 1 0.3509961 1 0.13187 1 0.4261604 1 0.3509961 1 0.4261604 1 0.6644337 1 0.6644337 1 0.4261604 1 0.6703888 1 0.6644337 1 0.6703888 1 0.8756077 1 0.6644337 1 0.8756077 1 0.8832505 1 0.9710254 0 0.9392241 0 0.9750719 1 0.9710254 0 0.9750719 1 0.9850118 1 0.9850118 0 0.9750719 1 0.8045123 1 0.8045123 0 0.9750719 0 0.7903916 1 0.8045123 0 0.7903916 0 0.4622112 1 0.8045123 0 0.4622112 1 0.4333522 1 0.4333522 0 0.4622112 0 0.1213141 1 0.4333522 0 0.1213141 1 0.1661519 1 0.1661519 0 0.1213141 1 0.03107202 1 0.03107202 0 0.1213141 0 0.006491124 1 0.03107202 0 0.006491124 1 0.009411454 1 0.009411454 0 0.006491124 0 0.1034063 1 0.009411454 0 0.1034063 1 0.1187243 1 0.1187243 0 0.1034063 0 0.2976105 1 0.1187243 0 0.2976105 1 0.4189003 1 0.4189003 0 0.2976105 0 0.5399905 1 0.4189003 0 0.5399905 1 0.7927873 1 0.7927873 0 0.5399905 0 0.7792004 1 0.7927873 0 0.7792004 0 0.9392241 1 0.7927873 0 0.9392241 1 0.9710254 0 0.0998581 0 0.1213141 0 0.25338 0 0.25338 0 0.1213141 0 0.4622112 0 0.25338 0 0.4622112 0 0.5590763 0 0.5590763 0 0.4622112 0 0.7903916 0 0.5590763 0 0.7903916 0 0.8284761 0 0.4405897 0 0.5399905 0 0.2976105 0 0.4405897 0 0.2976105 0 0.1711899 0 0.1711899 0 0.2976105 0 0.1034063 0 0.1711899 0 0.1034063 0 0.0998581 0 0.0998581 0 0.1034063 0 0.006491124 0 0.0998581 0 0.006491124 0 0.1213141 0 0.8284761 0 0.7903916 0 0.9750719 0 0.8284761 0 0.9750719 0 0.8998082 0 0.8998082 0 0.9750719 0 0.9392241 0 0.8998082 0 0.9392241 0 0.7462867 0 0.7462867 0 0.9392241 0 0.7792004 0 0.7462867 0 0.7792004 0 0.4405897 0 0.4405897 0 0.7792004 0 0.5399905 0 0.8998082 1 0.7946478 1 0.9096688 0 0.8998082 1 0.9096688 0 0.8284761 0 0.8284761 1 0.9096688 1 0.7765565 0 0.8284761 1 0.7765565 0 0.5590763 0 0.5590763 1 0.7765565 1 0.4882032 0 0.5590763 1 0.4882032 0 0.25338 0 0.25338 1 0.4882032 1 0.2050186 0 0.25338 1 0.2050186 0 0.0998581 0 0.0998581 1 0.2050186 1 0.08999735 0 0.0998581 1 0.08999735 0 0.1711899 0 0.1711899 1 0.08999735 1 0.22311 0 0.1711899 1 0.22311 0 0.4405897 0 0.4405897 1 0.22311 1 0.5114635 0 0.4405897 1 0.5114635 0 0.7462867 0 0.7462867 1 0.5114635 1 0.7946478 0 0.7462867 1 0.7946478 0 0.8998082 1 0.7765565 1 0.8045123 1 0.4882032 1 0.4882032 1 0.8045123 1 0.4333522 1 0.4882032 1 0.4333522 1 0.2050186 1 0.2050186 1 0.4333522 1 0.1661519 1 0.1661519 1 0.03107202 1 0.2050186 1 0.2050186 1 0.03107202 1 0.08999735 1 0.08999735 1 0.03107202 1 0.009411454 1 0.08999735 1 0.009411454 1 0.22311 1 0.22311 1 0.009411454 1 0.1187243 1 0.22311 1 0.1187243 1 0.4189003 1 0.22311 1 0.4189003 1 0.5114635 1 0.5114635 1 0.4189003 1 0.7927873 1 0.5114635 1 0.7927873 1 0.7946478 1 0.7946478 1 0.7927873 1 0.9710254 1 0.7946478 1 0.9710254 1 0.9096688 1 0.9096688 1 0.9710254 1 0.9850118 1 0.9096688 1 0.9850118 1 0.7765565 1 0.7765565 1 0.9850118 1 0.8045123 0.9578627 0.7789471 0.9635078 0.7481085 1 0.9512585 1 0.9512585 0.9635078 0.7481085 1 0.569176 0.9416374 0.7249143 0.95921 0.5204348 1 0.569176 0.9416374 0.7249143 1 0.569176 0.9635078 0.7481085 0.9158691 0.7445389 0.928784 0.7831913 0.7828153 0.6490629 0.7828153 0.6490629 0.928784 0.7831913 1 0.9512585 0.928784 0.7831913 0.9578627 0.7789471 1 0.9512585 0.9416374 0.7249143 0.9158691 0.7445389 0.95921 0.5204348 0.95921 0.5204348 0.9158691 0.7445389 0.7828153 0.6490629 0.95921 0.5204348 0.7828153 0.6490629 0.7960516 0.5204348 0.7960516 0.5204348 0.7828153 0.6490629 0.7313053 0.6192717 0.7960516 0.5204348 0.7313053 0.6192717 0.7518464 0.5754569 0.7960516 0.5204348 0.7518464 0.5754569 0.7442664 0.5275883 0.7960516 0.5204348 0.7442664 0.5275883 0.7065157 0.4904869 0.7960516 0.5204348 0.7065157 0.4904869 0.5841899 0.2672727 0.2313807 0.5217545 0.4067596 0.790699 0.3948799 0.8460507 0.3948799 0.8460507 0.4209644 0.8946886 0.2313807 0.5217545 0.4794093 0.3661528 0.4358766 0.3361338 0.3583865 0.2747322 0.6412031 0.6156483 0.6857627 0.6398243 0.4763012 1 0.5210049 0.8417789 0.4971456 0.7817931 0.626279 0.5508267 0.626279 0.5508267 0.4971456 0.7817931 0.5198795 0.4915497 0.5198795 0.4915497 0.4971456 0.7817931 0.4906272 0.5691769 0.626279 0.5508267 0.5198795 0.4915497 0.5108275 0.4182757 0.626279 0.5508267 0.5108275 0.4182757 0.6580345 0.4962304 0.6580345 0.4962304 0.5108275 0.4182757 0.4794093 0.3661528 0.4427148 0.7648778 0.3061449 0.5725493 0.3575015 0.6123273 0.7065157 0.4904869 0.6580345 0.4962304 0.5841899 0.2672727 0.5841899 0.2672727 0.6580345 0.4962304 0.3583865 0.2747322 0.3583865 0.2747322 0.6580345 0.4962304 0.4794093 0.3661528 0.4763012 1 0.4209644 0.8946886 0.4640356 0.9161299 0.3583865 0.2747322 0.4358766 0.3361338 0.3635037 0.3369449 0.2775136 0.4587498 0.2402752 0.3930692 0.3034773 0.3824095 0.3034773 0.3824095 0.2402752 0.3930692 0.2887503 0.3144705 0.3034773 0.3824095 0.2887503 0.3144705 0.3635037 0.3369449 0.3635037 0.3369449 0.2887503 0.3144705 0.3583865 0.2747322 0.4427148 0.7648778 0.4067596 0.790699 0.3061449 0.5725493 0.3061449 0.5725493 0.4067596 0.790699 0.2313807 0.5217545 0.3061449 0.5725493 0.2313807 0.5217545 0.2833456 0.5300612 0.2833456 0.5300612 0.2313807 0.5217545 0.2775136 0.4587498 0.2775136 0.4587498 0.2313807 0.5217545 0.2402752 0.3930692 0.4640356 0.9161299 0.5007725 0.8950247 0.4763012 1 0.4427148 0.7648778 0.3575015 0.6123273 0.4341236 0.615621 0.4427148 0.7648778 0.4341236 0.615621 0.4971456 0.7817931 0.4971456 0.7817931 0.4341236 0.615621 0.4906272 0.5691769 0.6412031 0.6156483 0.4763012 1 0.5007725 0.8950247 0.6412031 0.6156483 0.5007725 0.8950247 0.5210049 0.8417789 0.6412031 0.6156483 0.5210049 0.8417789 0.626279 0.5508267 0.4763012 1 0.6857627 0.6398243 0.7828153 0.6490629 0.7828153 0.6490629 0.6857627 0.6398243 0.7313053 0.6192717 0.7828153 0.6490629 0.8090708 0.7249143 0.7833026 0.7445388 0.7828153 0.6490629 0.7833026 0.7445388 0.4763012 1 0.4763012 1 0.7833026 0.7445388 0.7962175 0.7831915 0.4763012 1 0.7962175 0.7831915 0.9592103 1 0.9592103 1 0.7962175 0.7831915 0.8252961 0.7789472 0.9592103 1 0.8252961 0.7789472 1 0.9512585 1 0.9512585 0.8252961 0.7789472 0.8309414 0.7481088 1 0.9512585 0.8309414 0.7481088 0.7828153 0.6490629 0.7828153 0.6490629 0.8309414 0.7481088 0.8090708 0.7249143 0.3605197 0 0.3375932 0.09533464 0.3064308 0.09874343 0.3556146 0.1258777 0.3375932 0.09533464 0.3605197 0 0.3605197 0 0.08295875 0.36991 0 0.430824 0 0.430824 0.08295875 0.36991 0.06330615 0.4032735 0.3064308 0.09874343 0.08295875 0.36991 0.3605197 0 0.3556146 0.1258777 0.3605197 0 0.5841899 0.2672727 0.08064395 0.4389086 0.1142538 0.4318739 0.2330552 0.6512152 0.4329261 0.2142305 0.5841899 0.2672727 0.5235496 0.2659861 0.5841899 0.2672727 0.4329261 0.2142305 0.3556146 0.1258777 0.2330552 0.6512152 0.1142538 0.4318739 0.1790418 0.5011633 0.3064308 0.09874343 0.2947883 0.137004 0.08295875 0.36991 0.3556146 0.1258777 0.4329261 0.2142305 0.3425282 0.1597545 0.3425282 0.1597545 0.4329261 0.2142305 0.3414365 0.2234175 0.2947883 0.137004 0.1178869 0.384869 0.08295875 0.36991 0.3425282 0.1597545 0.3414365 0.2234175 0.3151783 0.1656666 0.3151783 0.1656666 0.3414365 0.2234175 0.2432613 0.2949932 0.3151783 0.1656666 0.2432613 0.2949932 0.2947883 0.137004 0.3091686 0.7049336 0.4355115 0.9512587 0.2330552 0.6512152 0.2947883 0.137004 0.2432613 0.2949932 0.1178869 0.384869 0.1178869 0.384869 0.2432613 0.2949932 0.1936821 0.3693563 0.1178869 0.384869 0.1936821 0.3693563 0.1142538 0.4318739 0.1142538 0.4318739 0.1936821 0.3693563 0.1790418 0.5011633 0.06330615 0.4032735 0.08064395 0.4389086 0 0.430824 0 0.430824 0.08064395 0.4389086 0.2330552 0.6512152 0 0.430824 0.2330552 0.6512152 0.4355115 0.9512587 0.2295024 0.5323937 0.2313807 0.5217545 0.2555842 0.598015 0.2313807 0.5217545 0.2295024 0.5323937 0.224746 0.45706 0.224746 0.45706 0.2402752 0.3930692 0.2313807 0.5217545 0.2402752 0.3930692 0.224746 0.45706 0.2454721 0.374175 0.2814954 0.3175371 0.2887503 0.3144705 0.2454721 0.374175 0.2454721 0.374175 0.2887503 0.3144705 0.2402752 0.3930692 0.3425329 0.2765986 0.3583865 0.2747322 0.2887503 0.3144705 0.3425329 0.2765986 0.2887503 0.3144705 0.2814954 0.3175371 0.4078714 0.2643547 0.3583865 0.2747322 0.3425329 0.2765986 0.2561632 0.6246125 0.2555842 0.598015 0.3091686 0.7049336 0.2220143 0.5927661 0.2561632 0.6246125 0.3091686 0.7049336 0.2220143 0.5927661 0.3091686 0.7049336 0.2330552 0.6512152 0.4078714 0.2643547 0.4363038 0.2436765 0.5235496 0.2659861 0.5235496 0.2659861 0.4363038 0.2436765 0.4329261 0.2142305 0.2352305 0.5695833 0.2555842 0.598015 0.2561632 0.6246125 0.4078714 0.2643547 0.3705641 0.2499172 0.4363038 0.2436765 0.2352305 0.5695833 0.2561632 0.6246125 0.2220143 0.5927661 0.3705641 0.2499172 0.3414365 0.2234175 0.4363038 0.2436765 0.4363038 0.2436765 0.3414365 0.2234175 0.4329261 0.2142305 0.2330552 0.6512152 0.1790418 0.5011633 0.2220143 0.5927661 0.2352305 0.5695833 0.2295024 0.5323937 0.2555842 0.598015 0.1790418 0.5011633 0.1964325 0.496061 0.2220143 0.5927661 0.2220143 0.5927661 0.1964325 0.496061 0.2156745 0.4819031 0.2220143 0.5927661 0.2156745 0.4819031 0.2352305 0.5695833 0.2352305 0.5695833 0.2156745 0.4819031 0.2295024 0.5323937 0.2156745 0.4819031 0.224746 0.45706 0.2295024 0.5323937 0.1790418 0.5011633 0.2009703 0.4148522 0.1964325 0.496061 0.1964325 0.496061 0.2009703 0.4148522 0.2156745 0.4819031 0.1790418 0.5011633 0.1936821 0.3693563 0.2009703 0.4148522 0.2009703 0.4148522 0.2285098 0.3868607 0.2156745 0.4819031 0.2156745 0.4819031 0.2285098 0.3868607 0.224746 0.45706 0.2285098 0.3868607 0.2454721 0.374175 0.224746 0.45706 0.1936821 0.3693563 0.2432613 0.2949932 0.2009703 0.4148522 0.2009703 0.4148522 0.2432613 0.2949932 0.2285098 0.3868607 0.2432613 0.2949932 0.2588539 0.3180689 0.2285098 0.3868607 0.2285098 0.3868607 0.2588539 0.3180689 0.2814954 0.3175371 0.2285098 0.3868607 0.2814954 0.3175371 0.2454721 0.374175 0.2432613 0.2949932 0.2986465 0.2757019 0.2588539 0.3180689 0.2588539 0.3180689 0.2986465 0.2757019 0.2814954 0.3175371 0.2432613 0.2949932 0.3414365 0.2234175 0.2986465 0.2757019 0.2814954 0.3175371 0.2986465 0.2757019 0.3425329 0.2765986 0.3414365 0.2234175 0.3705641 0.2499172 0.2986465 0.2757019 0.2986465 0.2757019 0.3705641 0.2499172 0.3425329 0.2765986 0.3705641 0.2499172 0.4078714 0.2643547 0.3425329 0.2765986 0.07209575 0.5169985 0.3634157 0.8650842 0.4326359 0.08617454 0.4326359 0.08617454 0.3634157 0.8650842 0.7239354 0.4342602 0.07209575 0.5169985 0 0.430824 0.07209575 0.5169985 0.07209575 0.5169985 0 0.430824 0 0.430824 0.07209575 0.5169985 0 0.430824 0.3634157 0.8650842 0.3634157 0.8650842 0 0.430824 0.4355115 0.9512587 0.3634157 0.8650842 0.4355115 0.9512587 0.3634157 0.8650842 0.3634157 0.8650842 0.4355115 0.9512587 0.4762997 0.9999982 0.3605197 0 0.3605197 0 0 0.430824 0 0.430824 0.3605197 0 0 0.430824 0.7239354 0.4342602 0.5841899 0.2672727 0.4326359 0.08617454 0.4326359 0.08617454 0.5841899 0.2672727 0.3605197 0 0.4326359 0.08617454 0.3605197 0 0.4326359 0.08617454 0.4326359 0.08617454 0.3605197 0 0.3605197 0 0.5841899 0.2672727 0.7811673 0.502649 0.5841899 0.2672727 0.7960516 0.5204348 0.8019143 0.5202896 0.7239354 0.4342602 0.7239354 0.4342602 0.8019143 0.5202896 0.7811673 0.502649 0.7811673 0.502649 0.7830116 0.5048527 0.5841899 0.2672727 0.7811673 0.502649 0.7830115 0.5048527 0.7239354 0.4342602 0.5841899 0.2672727 0.7830116 0.5048527 0.7960516 0.5204348 0.7960516 0.5204348 0.7830116 0.5048527 0.8000531 0.5202819 0.7239354 0.4342602 0.7811673 0.502649 0.7239354 0.4342602 0.7239354 0.4342602 0.7830115 0.5048527 0.7994102 0.5202741 0.7994102 0.5202741 0.8013313 0.5203323 0.7239354 0.4342602 0.7239354 0.4342602 0.8013313 0.5203323 0.7811673 0.502649 0.7239354 0.4342602 0.7811673 0.502649 0.5841899 0.2672727 0.3634157 0.8650842 0.7239354 0.4342602 0.3634157 0.8650842 0.3634157 0.8650842 0.7239354 0.4342602 0.7239354 0.4342602 0.8090667 0.7876759 0.4762997 0.9999982 0.9592103 1 0.8090667 0.7876759 0.7871938 0.7789363 0.4762997 0.9999982 0.6885835 0.6002095 0.4368523 0.8100425 0.471359 0.8064054 0.3634157 0.8650842 0.659121 0.5788016 0.662427 0.5413854 0.3634157 0.8650842 0.662427 0.5413854 0.7239354 0.4342602 0.4762997 0.9999982 0.4627152 0.8743553 0.3634157 0.8650842 0.3634157 0.8650842 0.4627152 0.8743553 0.4277489 0.8504435 0.7815541 0.7481214 0.4887761 0.8426857 0.7871938 0.7789363 0.7871938 0.7789363 0.4887761 0.8426857 0.4627152 0.8743553 0.7871938 0.7789363 0.4627152 0.8743553 0.4762997 0.9999982 0.9197605 0.7789364 0.8308346 0.7609779 0.9488446 0.7831942 1 0.569176 0.9617611 0.7445468 1 0.9512587 1 0.9512587 0.9617611 0.7445468 0.9488446 0.7831942 0.7815541 0.7481214 0.471359 0.8064054 0.4887761 0.8426857 0.9488446 0.7831942 0.8308346 0.7609779 0.9592103 1 0.9592103 1 0.8308346 0.7609779 0.8090667 0.7876759 0.4277489 0.8504435 0.4368523 0.8100425 0.3634157 0.8650842 0.8308346 0.7609779 0.9141204 0.7481216 0.8100134 0.7268417 0.9359907 0.7249149 0.9617611 0.7445468 1 0.569176 0.7815541 0.7481214 0.6885835 0.6002095 0.471359 0.8064054 1 0.9512587 0.9488446 0.7831942 0.9592103 1 0.6885835 0.6002095 0.659121 0.5788016 0.4368523 0.8100425 0.4368523 0.8100425 0.659121 0.5788016 0.3634157 0.8650842 0.8308346 0.7609779 0.9197605 0.7789364 0.9141204 0.7481216 0.662427 0.5413854 0.6952127 0.5278943 0.7239354 0.4342602 0.7239354 0.4342602 0.6952127 0.5278943 0.7960516 0.5204348 0.7960516 0.5204348 0.6952127 0.5278943 0.7187259 0.5528007 0.6885835 0.6002095 0.7815541 0.7481214 0.7160795 0.5819468 0.7160795 0.5819468 0.7815541 0.7481214 0.8100134 0.7268417 0.7960516 0.5204348 0.7187259 0.5528007 1 0.569176 0.7960516 0.5204348 1 0.569176 0.9592103 0.5204348 0.7160795 0.5819468 0.8100134 0.7268417 0.9141204 0.7481216 0.7160795 0.5819468 0.9141204 0.7481216 0.7187259 0.5528007 0.9141204 0.7481216 0.9359907 0.7249149 0.7187259 0.5528007 0.7187259 0.5528007 0.9359907 0.7249149 1 0.569176 0.4326359 0.08617454 0.07209575 0.5169985 0.4326359 0.08617454 0.4326359 0.08617454 0.07209575 0.5169985 0.07209575 0.5169985 0.1065167 0.4393592 0.08171391 0.4411837 0.07209575 0.5169985 0.07209575 0.5169985 0.08171391 0.4411837 0 0.430824 0 0.430824 0.08171391 0.4411837 0.06495571 0.4202166 0 0.430824 0.06495571 0.4202166 0.0655483 0.3864946 0.4326359 0.08617454 0.124909 0.4140455 0.1065167 0.4393592 0.4326359 0.08617454 0.1065167 0.4393592 0.07209575 0.5169985 0 0.430824 0.0655483 0.3864946 0.08479034 0.3680342 0.3456757 0.1027223 0.3515038 0.1466019 0.4326359 0.08617454 0.3211928 0.1666798 0.08479034 0.3680342 0.3515038 0.1466019 0.3515038 0.1466019 0.08479034 0.3680342 0.1149677 0.3784616 0.08479034 0.3680342 0.3211928 0.1666798 0 0.430824 0 0.430824 0.3211928 0.1666798 0.2957103 0.1445316 0 0.430824 0.2957103 0.1445316 0.294187 0.1149086 0 0.430824 0.294187 0.1149086 0.3116685 0.09489297 0 0.430824 0.3116685 0.09489297 0.3605197 0 0.3605197 0 0.3116685 0.09489297 0.3456757 0.1027223 0.3605197 0 0.3456757 0.1027223 0.4326359 0.08617454 0.3515038 0.1466019 0.1149677 0.3784616 0.4326359 0.08617454 0.4326359 0.08617454 0.1149677 0.3784616 0.124909 0.4140455 0.3064308 0.09874343 0.3116685 0.09489297 0.294187 0.1149086 0.3064308 0.09874343 0.294187 0.1149086 0.2947883 0.137004 0.2947883 0.137004 0.294187 0.1149086 0.2957103 0.1445316 0.2947883 0.137004 0.2957103 0.1445316 0.3151783 0.1656666 0.3151783 0.1656666 0.2957103 0.1445316 0.3211928 0.1666798 0.3151783 0.1656666 0.3211928 0.1666798 0.3425282 0.1597545 0.3425282 0.1597545 0.3211928 0.1666798 0.3515038 0.1466019 0.3425282 0.1597545 0.3515038 0.1466019 0.3556146 0.1258777 0.3556146 0.1258777 0.3515038 0.1466019 0.3456757 0.1027223 0.3556146 0.1258777 0.3456757 0.1027223 0.3375932 0.09533464 0.3375932 0.09533464 0.3456757 0.1027223 0.3116685 0.09489297 0.3375932 0.09533464 0.3116685 0.09489297 0.3064308 0.09874343 0.08295875 0.36991 0.0655483 0.3864946 0.06330615 0.4032735 0.06330615 0.4032735 0.0655483 0.3864946 0.06495571 0.4202166 0.06330615 0.4032735 0.06495571 0.4202166 0.08064395 0.4389086 0.08064395 0.4389086 0.06495571 0.4202166 0.08171391 0.4411837 0.08064395 0.4389086 0.08171391 0.4411837 0.1065167 0.4393592 0.08064395 0.4389086 0.1065167 0.4393592 0.1142538 0.4318739 0.1142538 0.4318739 0.1065167 0.4393592 0.124909 0.4140455 0.1142538 0.4318739 0.124909 0.4140455 0.1178869 0.384869 0.1178869 0.384869 0.124909 0.4140455 0.1149677 0.3784616 0.1178869 0.384869 0.1149677 0.3784616 0.08295875 0.36991 0.08295875 0.36991 0.1149677 0.3784616 0.08479034 0.3680342 0.08295875 0.36991 0.08479034 0.3680342 0.0655483 0.3864946 0.6698467 0.5330035 0.662427 0.5413854 0.6567619 0.5669463 0.6567619 0.5669463 0.662427 0.5413854 0.659121 0.5788016 0.6567619 0.5669463 0.659121 0.5788016 0.670988 0.5958973 0.670988 0.5958973 0.659121 0.5788016 0.6885835 0.6002095 0.670988 0.5958973 0.6885835 0.6002095 0.7018748 0.5958379 0.7018748 0.5958379 0.6885835 0.6002095 0.7160795 0.5819468 0.7018748 0.5958379 0.7160795 0.5819468 0.7190304 0.5601381 0.7190304 0.5601381 0.7160795 0.5819468 0.7187259 0.5528007 0.7190304 0.5601381 0.7187259 0.5528007 0.701009 0.529595 0.701009 0.529595 0.7187259 0.5528007 0.6952127 0.5278943 0.701009 0.529595 0.6952127 0.5278943 0.6698467 0.5330035 0.6698467 0.5330035 0.6952127 0.5278943 0.662427 0.5413854 0.4789996 0.3657169 0.472612 0.3583268 0.4896854 0.3773657 0.4794093 0.3661528 0.4708586 0.3570981 0.4358766 0.3361338 0.4358766 0.3361338 0.4708586 0.3570981 0.4605578 0.3485427 0.4329437 0.3351938 0.4605578 0.3485427 0.472612 0.3583268 0.4329437 0.3351938 0.472612 0.3583268 0.4789996 0.3657169 0.4794093 0.3661528 0.4932351 0.3823112 0.4708586 0.3570981 0.4789996 0.3657169 0.4896854 0.3773657 0.5123866 0.4270607 0.5123866 0.4270607 0.4896854 0.3773657 0.5036923 0.3995805 0.5108275 0.4182757 0.5036923 0.3995805 0.4932351 0.3823112 0.5108275 0.4182757 0.4932351 0.3823112 0.4794093 0.3661528 0.3199157 0.5893918 0.2988414 0.5626874 0.3001329 0.5611549 0.3061449 0.5725493 0.3092632 0.5768117 0.3575015 0.6123273 0.3575015 0.6123273 0.3092632 0.5768117 0.3342744 0.6018217 0.3619841 0.613492 0.3342744 0.6018217 0.3199157 0.5893918 0.3619841 0.613492 0.3199157 0.5893918 0.3001329 0.5611549 0.3001329 0.5611549 0.2988414 0.5626874 0.2916775 0.5503724 0.2833456 0.5300612 0.2916775 0.5503724 0.3092632 0.5768117 0.2833456 0.5300612 0.3092632 0.5768117 0.3061449 0.5725493 0.3575015 0.6123273 0.3342744 0.6018217 0.3619841 0.613492 0.3575015 0.6123273 0.3619841 0.613492 0.4341236 0.615621 0.4341236 0.615621 0.3619841 0.613492 0.4643881 0.5942522 0.4341236 0.615621 0.4643881 0.5942522 0.4906272 0.5691769 0.4906272 0.5691769 0.4643881 0.5942522 0.5151898 0.518692 0.4906272 0.5691769 0.5151898 0.518692 0.5198795 0.4915497 0.5198795 0.4915497 0.5151898 0.518692 0.5123866 0.4270607 0.5198795 0.4915497 0.5123866 0.4270607 0.5108275 0.4182757 0.5108275 0.4182757 0.5123866 0.4270607 0.5036923 0.3995805 0.4358766 0.3361338 0.4605578 0.3485427 0.4329437 0.3351938 0.4358766 0.3361338 0.4329437 0.3351938 0.3635037 0.3369449 0.3635037 0.3369449 0.4329437 0.3351938 0.3564383 0.3394294 0.3635037 0.3369449 0.3564383 0.3394294 0.3034773 0.3824095 0.3034773 0.3824095 0.3564383 0.3394294 0.3002621 0.387266 0.3034773 0.3824095 0.3002621 0.387266 0.2775136 0.4587498 0.2775136 0.4587498 0.3002621 0.387266 0.2771216 0.467517 0.2775136 0.4587498 0.2771216 0.467517 0.2833456 0.5300612 0.2833456 0.5300612 0.2771216 0.467517 0.3001329 0.5611549 0.2833456 0.5300612 0.3001329 0.5611549 0.2916775 0.5503724 0.4643881 0.5942522 0.5123866 0.4270607 0.5151898 0.518692 0.4329437 0.3351938 0.4789996 0.3657169 0.4643881 0.5942522 0.4643881 0.5942522 0.4789996 0.3657169 0.5123866 0.4270607 0.4643881 0.5942522 0.3564383 0.3394294 0.4329437 0.3351938 0.4643881 0.5942522 0.3002621 0.387266 0.3564383 0.3394294 0.4643881 0.5942522 0.2771216 0.467517 0.3002621 0.387266 0.4643881 0.5942522 0.3001329 0.5611549 0.2771216 0.467517 0.4643881 0.5942522 0.3619841 0.613492 0.3001329 0.5611549 0.472612 0.3583268 0.4987594 0.3056067 0.5229038 0.330986 0.472612 0.3583268 0.5229038 0.330986 0.4896854 0.3773657 0.4987594 0.3056067 0.472612 0.3583268 0.4605578 0.3485427 0.4987594 0.3056067 0.4605578 0.3485427 0.4708586 0.3570981 0.4987594 0.3056067 0.4708586 0.3570981 0.5071591 0.3133064 0.5071591 0.3133064 0.4708586 0.3570981 0.5307826 0.341214 0.5307826 0.341214 0.4708586 0.3570981 0.4932351 0.3823112 0.5307826 0.341214 0.4932351 0.3823112 0.5036923 0.3995805 0.5307826 0.341214 0.5036923 0.3995805 0.5412814 0.3568459 0.5412814 0.3568459 0.5036923 0.3995805 0.5229038 0.330986 0.5229038 0.330986 0.5036923 0.3995805 0.4896854 0.3773657 0.2870518 0.6360872 0.3199157 0.5893918 0.3342744 0.6018217 0.2870518 0.6360872 0.3342744 0.6018217 0.2991958 0.6473019 0.2991958 0.6473019 0.3342744 0.6018217 0.2923591 0.6411844 0.2923591 0.6411844 0.3342744 0.6018217 0.3092632 0.5768117 0.2923591 0.6411844 0.3092632 0.5768117 0.2721216 0.6194376 0.3092632 0.5768117 0.2560459 0.5965222 0.2721216 0.6194376 0.2560459 0.5965222 0.3092632 0.5768117 0.2916775 0.5503724 0.2560459 0.5965222 0.2916775 0.5503724 0.2626009 0.6062862 0.2626009 0.6062862 0.2916775 0.5503724 0.2988414 0.5626874 0.3199157 0.5893918 0.2870518 0.6360872 0.2626009 0.6062862 0.3199157 0.5893918 0.2626009 0.6062862 0.2988414 0.5626874 0.2721216 0.6194376 0.2560459 0.5965222 0.2626009 0.6062862 0.2626009 0.6062862 0.2870518 0.6360872 0.2721216 0.6194376 0.2870518 0.6360872 0.2991958 0.6473019 0.2721216 0.6194376 0.2721216 0.6194376 0.2991958 0.6473019 0.2923591 0.6411844 0.5307826 0.341214 0.5412814 0.3568459 0.5229038 0.330986 0.5307826 0.341214 0.5229038 0.330986 0.5071591 0.3133064 0.5071591 0.3133064 0.5229038 0.330986 0.4987594 0.3056067 0.9350345 1 0.9592103 1 0.9598024 0.9990959 0.8309674 1 0.8090327 1 0.9592103 1 0.7962529 1 0.8252956 1 0.9142144 1 0.9350345 1 0.9142144 1 0.8309674 1 0.8309674 1 0.9142144 1 0.8252956 1 0.8034445 1 0.8252956 1 0.9142144 1 0.9350345 1 0.9578418 1 0.9598023 0.9990962 0.4762997 0.9999982 0.7826554 1 0.7820292 1 0.4762997 0.9999982 0.7820292 1 0.8034445 1 0.9360113 1 0.9617266 0.9962128 0.9592103 1 0.9142144 1 0.8252956 1 0.8309673 1 0.9592103 1 0.8090327 1 0.4763012 1 0.4763012 1 0.8090327 1 0.7833711 1 0.8309674 1 0.9592103 1 0.9350345 1 0.7833711 1 0.8054133 1 0.7826554 1 0.8034445 1 0.9142144 1 0.4762997 0.9999982 0.4762997 0.9999982 0.9142144 1 0.9360113 1 0.4762997 0.9999982 0.9360113 1 0.9592103 1 0.9142144 1 0.9360113 1 0.9350345 1 0.8054133 1 0.7833711 1 0.7962529 1 0.7833711 1 0.7826554 1 0.4762997 0.9999982 0.7833711 1 0.4762997 0.9999982 0.4763012 1 0.9350345 1 0.9360113 1 0.9578418 1 0.8309673 1 0.8054133 1 0.9142144 1 0.9142144 1 0.8054133 1 0.9350345 1 0.9350345 1 0.8054133 1 0.7962529 1 0.9350345 1 0.7962529 1 0.9142144 1 0.2555842 0.598015 0.2313807 0.5217545 0.4209644 0.8946886 0.4209644 0.8946886 0.4355115 0.9512587 0.3091686 0.7049336 0.4209644 0.8946886 0.3091686 0.7049336 0.2555842 0.598015 0.5235496 0.2659861 0.5841899 0.2672727 0.5841899 0.2672727 0.5841899 0.2672727 0.3583865 0.2747322 0.4078714 0.2643547 0.5841899 0.2672727 0.4078714 0.2643547 0.5235496 0.2659861 0.7960516 0.5204348 0.8000531 0.5202819 0.95921 0.5204348 0.95921 0.5204348 0.8000531 0.5202819 0.8253589 0.5204348 0.9360111 0.5204348 0.9617142 0.5242457 0.95921 0.5204348 0.9592103 0.5204348 0.9598045 0.5213392 0.9415994 0.5204348 0.95921 0.5204348 0.8253589 0.5204348 0.8309673 0.5204348 0.8309673 0.5204348 0.9197123 0.5204347 0.9140982 0.5204347 0.8309674 0.5204347 0.8019143 0.5202896 0.7960516 0.5204348 0.9140982 0.5204347 0.9360111 0.5204348 0.8309673 0.5204348 0.8309673 0.5204348 0.9360111 0.5204348 0.95921 0.5204348 0.9197124 0.5204348 0.8309674 0.5204347 0.7960516 0.5204348 0.9197124 0.5204348 0.7960516 0.5204348 0.9415994 0.5204348 0.9415994 0.5204348 0.7960516 0.5204348 0.9592103 0.5204348 0.8309674 0.5204347 0.9140982 0.5204348 0.9360113 0.5204348 0.8309674 0.5204347 0.9360113 0.5204348 0.8253591 0.5204348 0.8309674 0.5204347 0.9197124 0.5204348 0.9140982 0.5204348 0.8013313 0.5203323 0.7994102 0.5202741 0.8253591 0.5204348 0.8013313 0.5203323 0.8253591 0.5204348 0.9360113 0.5204348 0.9577838 0.5204348 0.959559 0.5210529 0.9415994 0.5204348 0.9360113 0.5204348 0.8309673 0.5204348 0.8013313 0.5203323 0.9197123 0.5204347 0.8309673 0.5204348 0.9415994 0.5204348 0.9415994 0.5204348 0.8309673 0.5204348 0.9360113 0.5204348 0.9415994 0.5204348 0.9360113 0.5204348 0.9577838 0.5204348 1 0.569176 1 0.6315962 1 0.617698 1 0.569176 1 0.617698 1 0.569176 1 0.569176 1 0.617698 1 0.6304507 1 0.569176 1 0.7001277 1 0.6315963 1 0.569176 1 0.6304507 1 0.695464 1 0.7001277 1 0.569176 1 0.7555626 1 0.7555626 1 0.569176 1 0.9512587 1 0.7555626 1 0.9512587 1 0.8175857 1 0.6304507 1 0.6315962 1 0.617698 1 0.617698 1 0.6315962 1 0.569176 1 0.617698 1 0.569176 1 0.6315963 1 0.6315962 1 0.6304507 1 0.6953636 1 0.6315962 1 0.6953636 1 0.7001284 1 0.8030047 1 0.8975368 1 0.8175852 1 0.8030045 1 0.9512585 1 0.569176 1 0.8030045 1 0.569176 1 0.695464 1 0.7001284 1 0.6953636 1 0.7555626 1 0.7555626 1 0.6953636 1 0.8030047 1 0.7555626 1 0.8030047 1 0.8175852 1 0.9512585 1 0.8030045 1 0.8948724 1 0.9512585 1 0.8948724 1 0.9115834 1 0.9512585 1 0.9115834 1 0.9512587 1 0.9512587 1 0.9115834 1 0.8975365 1 0.8975365 1 0.8175857 1 0.9512587 1 0.8948724 1 0.9115834 1 0.9512585 1 0.9512585 1 0.9115834 1 0.8975368 1 0.9512585 1 0.8975368 1 0.8948724 1 0.8948724 1 0.8975368 1 0.8030047 0.8029939 0.726608 1 0.7001284 0.9543498 0.7330282 0.8029939 0.726608 0.9543498 0.7330282 0.9217441 0.7336367 0.8029939 0.726608 0.9217441 0.7336367 0.8310964 0.7485327 0.8029939 0.726608 0.7800202 0.7538539 0.7552619 0.6942474 0.7552619 0.6942474 0.7800202 0.7538539 0.7552619 0.7555626 0.7552619 0.7555626 0.7800202 0.7538539 0.7552619 0.8131782 0.7800202 0.7538539 0.79274 0.7827199 0.7552619 0.8131782 0.9395418 0.7870774 0.82163 0.7812827 0.914259 0.7676394 0.8310964 0.7485327 0.9217441 0.7336367 0.914259 0.7676394 0.914259 0.7676394 0.82163 0.7812827 0.8310964 0.7485327 0.9395418 0.7870774 0.79274 0.7827199 0.82163 0.7812827 0.79274 0.7827199 0.9395418 0.7870774 0.7552619 0.8131782 0.9395418 0.7870774 0.9636248 0.7672645 1 0.8175852 1 0.8175852 0.9636248 0.7672645 1 0.7555626 1 0.7555626 0.9636248 0.7672645 1 0.7001284 1 0.7001284 0.9636248 0.7672645 0.9543498 0.7330282 0.9158946 0.7392891 0.817415 0.7275885 0.8322336 0.7559075 0.7552619 0.7555626 0.7813385 0.7670152 0.7894147 0.7333963 0.7552619 0.7555626 0.7894147 0.7333963 0.7552619 0.6986891 0.7552619 0.6986891 0.7894147 0.7333963 0.817415 0.7275885 0.9350081 0.7248889 0.7552619 0.6986891 0.817415 0.7275885 0.9350081 0.7248889 0.817415 0.7275885 0.9158946 0.7392891 1 0.695464 0.9350081 0.7248889 0.958462 0.73548 0.9633304 0.7678341 1 0.8030045 0.958462 0.73548 0.958462 0.73548 1 0.8030045 1 0.695464 0.9633304 0.7678341 0.9380263 0.7870029 1 0.8030045 0.7552619 0.8177601 0.9380263 0.7870029 0.8105983 0.785116 0.9158946 0.7392891 0.8322336 0.7559075 0.9139221 0.7669946 0.8322336 0.7559075 0.8105983 0.785116 0.9139221 0.7669946 0.9139221 0.7669946 0.8105983 0.785116 0.9380263 0.7870029 0.8105983 0.785116 0.7813385 0.7670152 0.7552619 0.8177601 0.7552619 0.8177601 0.7813385 0.7670152 0.7552619 0.7555626 0.8320391 0.6171405 0.9211187 0.6185788 0.9144803 0.61746 0.9211187 0.6185788 0.8320391 0.6171405 0.8164432 0.6196871 0.7552619 0.6316429 0.9211187 0.6185788 0.8164432 0.6196871 0.8164432 0.6196871 0.7905919 0.6189554 0.7552619 0.6316429 1 0.617698 0.9643214 0.6172112 1 0.6304507 1 0.6304507 0.9643214 0.6172112 0.9490218 0.6196857 0.7552619 0.6305316 0.7879546 0.6186304 0.8138005 0.6197279 0.9144803 0.61746 0.8138005 0.6197279 0.8320391 0.6171405 0.9144803 0.61746 0.9420868 0.6197569 0.8138005 0.6197279 1 0.6315962 0.8138005 0.6197279 0.9420868 0.6197569 1 0.6315962 0.9420868 0.6197569 1 0.617698 1 0.617698 0.9420868 0.6197569 0.9643214 0.6172112 0.8165261 0.908607 0.9291762 0.9084056 0.9136442 0.911015 0.8165261 0.908607 0.9136442 0.911015 0.8322048 0.9111824 1 0.9115834 0.9607303 0.9103824 1 0.8975368 1 0.8975368 0.9607303 0.9103824 0.9423529 0.9079679 0.8165261 0.908607 0.9423529 0.9079679 0.9291762 0.9084056 0.9423529 0.9079679 0.8165261 0.908607 1 0.8975368 0.8165261 0.908607 0.7886608 0.9096947 0.7552619 0.8948202 0.7886608 0.9096947 0.7552619 0.9115834 0.7552619 0.8948202 0.7886608 0.9096947 0.7803013 0.9111813 0.7552619 0.9115834 0.7552619 0.9115834 0.7803013 0.9111813 0.7552619 0.8974873 0.8322048 0.9111824 0.9136442 0.911015 0.8254226 0.9098811 0.9261593 0.9091101 0.8254226 0.9098811 0.9136442 0.911015 0.7803013 0.9111813 0.7981736 0.9084895 0.7552619 0.8974873 0.9261593 0.9091101 0.7552619 0.8974873 0.7981736 0.9084895 0.9261593 0.9091101 0.7981736 0.9084895 0.8254226 0.9098811 1 0.8948724 0.9261593 0.9091101 0.9575916 0.9098021 1 0.8948724 0.9575916 0.9098021 1 0.9115834 1 0.9115834 0.9575916 0.9098021 0.9607303 0.9103824 0.7905919 0.6189554 0.7792212 0.6168329 0.7552619 0.617698 0.7552619 0.6316429 0.7905919 0.6189554 0.7552619 0.617698 0.7552619 0.617698 0.7792212 0.6168329 0.7879546 0.6186304 0.7552619 0.617698 0.7879546 0.6186304 0.7552619 0.6305316 0.7552619 0.8974873 0.9261593 0.9091101 1 0.8948724 0.7552619 0.8974873 1 0.8948724 0.7552619 0.8177601 0.7552619 0.8177601 1 0.8948724 1 0.8030045 0.7552619 0.8177601 1 0.8030045 0.9380263 0.7870029 0.7552619 0.6986891 0.9350081 0.7248889 1 0.695464 0.7552619 0.6986891 1 0.695464 0.7552619 0.6316429 0.7552619 0.6316429 1 0.695464 1 0.6304507 0.7552619 0.6316429 1 0.6304507 0.9211187 0.6185788 0.9211187 0.6185788 1 0.6304507 0.9490218 0.6196857 0.7552619 0.6305316 0.8138005 0.6197279 1 0.6315962 0.7552619 0.6305316 1 0.6315962 0.7552619 0.6942474 0.7552619 0.6942474 1 0.6315962 1 0.7001284 0.7552619 0.6942474 1 0.7001284 0.8029939 0.726608 0.7552619 0.8131782 0.9395418 0.7870774 1 0.8175852 0.7552619 0.8131782 1 0.8175852 0.7552619 0.8948202 0.7552619 0.8948202 1 0.8175852 1 0.8975368 0.7552619 0.8948202 1 0.8975368 0.8165261 0.908607 0.7552619 0.7555626 0.7552619 0.8948202 0.7552619 0.9115834 0.7552619 0.7555626 0.7552619 0.9115834 0.7552619 0.8974873 0.7552619 0.7555626 0.7552619 0.8131782 0.7552619 0.8948202 0.7552619 0.6942474 0.7552619 0.7555626 0.7552619 0.7555626 0.7552619 0.7555626 0.7552619 0.7555626 0.7552619 0.8131782 0.7552619 0.6305316 0.7552619 0.6942474 0.7552619 0.7555626 0.7552619 0.7555626 0.7552619 0.617698 0.7552619 0.6305316 0.7552619 0.6986891 0.7552619 0.6316429 0.7552619 0.7555626 0.7552619 0.7555626 0.7552619 0.6316429 0.7552619 0.617698 0.7552619 0.7555626 0.7552619 0.8974873 0.7552619 0.8177601 0.8246747 0.7345286 0.7972661 0.726975 1 0.7001277 0.8246747 0.7345286 1 0.7001277 0.9544454 0.7327032 0.8246747 0.7345286 0.9544454 0.7327032 0.9220474 0.7333807 0.7972661 0.726975 0.781588 0.7608795 0.7552619 0.6942475 0.7552619 0.6942475 0.781588 0.7608795 0.7552619 0.7555626 0.7552619 0.7555626 0.781588 0.7608795 0.7552619 0.8131783 0.9396148 0.7870049 0.8070474 0.7870055 0.9143897 0.7679219 0.9143897 0.7679219 0.8070474 0.7870055 0.8312117 0.766937 0.8246747 0.7345286 0.9220474 0.7333807 0.8312117 0.766937 0.8312117 0.766937 0.9220474 0.7333807 0.9143897 0.7679219 0.781588 0.7608795 0.8070474 0.7870055 0.7552619 0.8131783 0.8070474 0.7870055 0.9396148 0.7870049 0.7552619 0.8131783 0.9396148 0.7870049 0.9637677 0.7668061 1 0.8175857 1 0.8175857 0.9637677 0.7668061 1 0.7555626 1 0.7555626 0.9637677 0.7668061 1 0.7001277 1 0.7001277 0.9637677 0.7668061 0.9544454 0.7327032 0.7552619 0.7555626 0.7815114 0.7675465 0.7830148 0.740098 0.7552619 0.7555626 0.7830148 0.740098 0.7552619 0.6987312 0.7552619 0.6987312 0.7830148 0.740098 0.8095043 0.7265884 0.8095043 0.7265884 0.9420669 0.7265959 1 0.6953636 1 0.6953636 0.9420669 0.7265959 0.9635355 0.7608029 0.9635355 0.7608029 1 0.8030047 1 0.6953636 0.8309807 0.7608236 0.9155765 0.740096 0.8095043 0.7265884 0.8095043 0.7265884 0.9155765 0.740096 0.9420669 0.7265959 0.9635355 0.7608029 0.9381884 0.7871291 1 0.8030047 0.7552619 0.8177598 0.9381884 0.7871291 0.8056209 0.7871295 0.9155765 0.740096 0.8309807 0.7608236 0.9140939 0.7675176 0.9140939 0.7675176 0.8309807 0.7608236 0.8056209 0.7871295 0.9140939 0.7675176 0.8056209 0.7871295 0.9381884 0.7871291 0.8056209 0.7871295 0.7815114 0.7675465 0.7552619 0.8177598 0.7552619 0.8177598 0.7815114 0.7675465 0.7552619 0.7555626 0.7905918 0.6189554 0.7792212 0.6168329 0.7552619 0.617698 0.7552619 0.617698 0.7792212 0.6168329 0.7879546 0.6186304 0.7552619 0.6316429 0.9211187 0.6185789 0.8164432 0.6196871 0.8164432 0.6196871 0.7905918 0.6189554 0.7552619 0.6316429 0.7552619 0.6316429 0.7905918 0.6189554 0.7552619 0.617698 0.9211187 0.6185789 0.8320391 0.6171405 0.8164432 0.6196871 0.8320391 0.6171405 0.9211187 0.6185789 0.9144803 0.61746 0.7552619 0.617698 0.7879546 0.6186304 0.7552619 0.6305316 0.7552619 0.6305316 0.7879546 0.6186304 0.8138005 0.6197279 0.9144803 0.61746 0.8138005 0.6197279 0.8320391 0.6171405 0.9144803 0.61746 0.9420868 0.6197569 0.8138005 0.6197279 1 0.6315963 0.8138005 0.6197279 0.9420868 0.6197569 1 0.6315963 0.9420868 0.6197569 1 0.617698 1 0.9115834 0.9607303 0.9103824 1 0.8975365 0.8165261 0.9086069 0.9291762 0.9084056 0.9136442 0.911015 0.8165261 0.9086069 0.9136442 0.911015 0.8322048 0.9111824 1 0.8975365 0.9607303 0.9103824 0.9423529 0.9079679 0.8165261 0.9086069 0.9423529 0.9079679 0.9291762 0.9084056 0.9423529 0.9079679 0.8165261 0.9086069 1 0.8975365 0.8165261 0.9086069 0.7886608 0.9096946 0.7552619 0.8948202 0.7886608 0.9096946 0.7552619 0.9115834 0.7552619 0.8948202 0.7886608 0.9096946 0.7803012 0.9111813 0.7552619 0.9115834 0.7552619 0.9115834 0.7803012 0.9111813 0.7552619 0.8974871 0.8322048 0.9111824 0.9136442 0.911015 0.8254227 0.9098811 0.9261593 0.9091101 0.8254227 0.9098811 0.9136442 0.911015 0.7803012 0.9111813 0.7981734 0.9084895 0.7552619 0.8974871 0.9261593 0.9091101 0.7552619 0.8974871 0.7981734 0.9084895 0.9261593 0.9091101 0.7981734 0.9084895 0.8254227 0.9098811 1 0.8948724 0.9261593 0.9091101 0.9575917 0.9098021 1 0.8948724 0.9575917 0.9098021 1 0.9115834 1 0.9115834 0.9575917 0.9098021 0.9607303 0.9103824 0.9420868 0.6197569 0.9643214 0.6172112 1 0.617698 1 0.617698 0.9643214 0.6172112 1 0.6304507 1 0.6304507 0.9643214 0.6172112 0.9490218 0.6196856 0.7552619 0.8974871 0.9261593 0.9091101 1 0.8948724 0.7552619 0.8974871 1 0.8948724 0.7552619 0.8177598 0.7552619 0.8177598 1 0.8948724 1 0.8030047 0.7552619 0.8177598 1 0.8030047 0.9381884 0.7871291 0.7552619 0.6987312 0.8095043 0.7265884 1 0.6953636 0.7552619 0.6987312 1 0.6953636 0.7552619 0.6316429 0.7552619 0.6316429 1 0.6953636 1 0.6304507 0.7552619 0.6316429 1 0.6304507 0.9211187 0.6185789 0.9211187 0.6185789 1 0.6304507 0.9490218 0.6196856 0.7552619 0.6305316 0.8138005 0.6197279 1 0.6315963 0.7552619 0.6305316 1 0.6315963 0.7552619 0.6942475 0.7552619 0.6942475 1 0.6315963 1 0.7001277 0.7552619 0.6942475 1 0.7001277 0.7972661 0.726975 0.7552619 0.8131783 0.9396148 0.7870049 1 0.8175857 0.7552619 0.8131783 1 0.8175857 0.7552619 0.8948202 0.7552619 0.8948202 1 0.8175857 1 0.8975365 0.7552619 0.8948202 1 0.8975365 0.8165261 0.9086069 0.7552619 0.7555626 0.7552619 0.8948202 0.7552619 0.9115834 0.7552619 0.7555626 0.7552619 0.9115834 0.7552619 0.8974871 0.7552619 0.7555626 0.7552619 0.8131783 0.7552619 0.8948202 0.7552619 0.6942475 0.7552619 0.7555626 0.7552619 0.7555626 0.7552619 0.7555626 0.7552619 0.7555626 0.7552619 0.8131783 0.7552619 0.6305316 0.7552619 0.6942475 0.7552619 0.7555626 0.7552619 0.7555626 0.7552619 0.617698 0.7552619 0.6305316 0.7552619 0.6987312 0.7552619 0.6316429 0.7552619 0.7555626 0.7552619 0.7555626 0.7552619 0.6316429 0.7552619 0.617698 0.7552619 0.7555626 0.7552619 0.8974871 0.7552619 0.8177598 0.781588 0.7608795 0.7815541 0.7481214 0.7871938 0.7789363 0.781588 0.7608795 0.7871938 0.7789363 0.8070474 0.7870055 0.8070474 0.7870055 0.7871938 0.7789363 0.8090667 0.7876759 0.8070474 0.7870055 0.8090667 0.7876759 0.8308346 0.7609779 0.8070474 0.7870055 0.8308346 0.7609779 0.8312117 0.766937 0.8100134 0.7268417 0.8246747 0.7345286 0.8308346 0.7609779 0.8308346 0.7609779 0.8246747 0.7345286 0.8312117 0.766937 0.8100134 0.7268417 0.7972661 0.726975 0.8246747 0.7345286 0.7815541 0.7481214 0.781588 0.7608795 0.7972661 0.726975 0.7815541 0.7481214 0.7972661 0.726975 0.8100134 0.7268417 0.7800202 0.7538539 0.7830148 0.740098 0.7815114 0.7675465 0.7800202 0.7538539 0.7815114 0.7675465 0.79274 0.7827199 0.79274 0.7827199 0.7815114 0.7675465 0.8056209 0.7871295 0.79274 0.7827199 0.8056209 0.7871295 0.82163 0.7812827 0.82163 0.7812827 0.8056209 0.7871295 0.8309807 0.7608236 0.82163 0.7812827 0.8309807 0.7608236 0.8310964 0.7485327 0.8310964 0.7485327 0.8309807 0.7608236 0.8095043 0.7265884 0.8310964 0.7485327 0.8095043 0.7265884 0.8029939 0.726608 0.7830148 0.740098 0.7800202 0.7538539 0.8029939 0.726608 0.7830148 0.740098 0.8029939 0.726608 0.8095043 0.7265884 0.9141204 0.7481216 0.9143897 0.7679219 0.9220474 0.7333807 0.9143897 0.7679219 0.9141204 0.7481216 0.9197605 0.7789364 0.9143897 0.7679219 0.9197605 0.7789364 0.9396148 0.7870049 0.9396148 0.7870049 0.9197605 0.7789364 0.9488446 0.7831942 0.9396148 0.7870049 0.9488446 0.7831942 0.9637677 0.7668061 0.9617611 0.7445468 0.9637677 0.7668061 0.9488446 0.7831942 0.9617611 0.7445468 0.9544454 0.7327032 0.9637677 0.7668061 0.9359907 0.7249149 0.9544454 0.7327032 0.9617611 0.7445468 0.9359907 0.7249149 0.9220474 0.7333807 0.9544454 0.7327032 0.9141204 0.7481216 0.9220474 0.7333807 0.9359907 0.7249149 0.9217441 0.7336367 0.9155765 0.740096 0.914259 0.7676394 0.914259 0.7676394 0.9155765 0.740096 0.9140939 0.7675176 0.914259 0.7676394 0.9140939 0.7675176 0.9381884 0.7871291 0.914259 0.7676394 0.9381884 0.7871291 0.9395418 0.7870774 0.9395418 0.7870774 0.9381884 0.7871291 0.9635355 0.7608029 0.9395418 0.7870774 0.9635355 0.7608029 0.9636248 0.7672645 0.9636248 0.7672645 0.9635355 0.7608029 0.9543498 0.7330282 0.9543498 0.7330282 0.9635355 0.7608029 0.9420669 0.7265959 0.9543498 0.7330282 0.9420669 0.7265959 0.9217441 0.7336367 0.9155765 0.740096 0.9217441 0.7336367 0.9420669 0.7265959 0.8090708 0.7249143 0.7894147 0.7333963 0.7833026 0.7445388 0.7894147 0.7333963 0.8090708 0.7249143 0.817415 0.7275885 0.817415 0.7275885 0.8090708 0.7249143 0.8309414 0.7481088 0.817415 0.7275885 0.8309414 0.7481088 0.8322336 0.7559075 0.8322336 0.7559075 0.8309414 0.7481088 0.8252961 0.7789472 0.8322336 0.7559075 0.8252961 0.7789472 0.8105983 0.785116 0.8105983 0.785116 0.8252961 0.7789472 0.7962175 0.7831915 0.8105983 0.785116 0.7962175 0.7831915 0.7813385 0.7670152 0.7833026 0.7445388 0.7813385 0.7670152 0.7962175 0.7831915 0.7833026 0.7445388 0.7894147 0.7333963 0.7813385 0.7670152 0.9416374 0.7249143 0.9350081 0.7248889 0.9158691 0.7445389 0.9350081 0.7248889 0.9416374 0.7249143 0.958462 0.73548 0.958462 0.73548 0.9416374 0.7249143 0.9635078 0.7481085 0.9635078 0.7481085 0.9633304 0.7678341 0.958462 0.73548 0.9633304 0.7678341 0.9635078 0.7481085 0.9578627 0.7789471 0.9633304 0.7678341 0.9578627 0.7789471 0.9380263 0.7870029 0.9380263 0.7870029 0.9578627 0.7789471 0.928784 0.7831913 0.9380263 0.7870029 0.928784 0.7831913 0.9139221 0.7669946 0.9158691 0.7445389 0.9139221 0.7669946 0.928784 0.7831913 0.9158691 0.7445389 0.9350081 0.7248889 0.9158946 0.7392891 0.9158691 0.7445389 0.9158946 0.7392891 0.9139221 0.7669946 0.8019143 0.5202896 0.7879546 0.6186304 0.7811673 0.502649 0.7811673 0.502649 0.7879546 0.6186304 0.7792212 0.6168329 0.7905918 0.6189554 0.7830115 0.5048527 0.7792212 0.6168329 0.7792212 0.6168329 0.7830115 0.5048527 0.7811673 0.502649 0.7830115 0.5048527 0.7905918 0.6189554 0.7994102 0.5202741 0.7905918 0.6189554 0.8164432 0.6196871 0.7994102 0.5202741 0.7994102 0.5202741 0.8164432 0.6196871 0.8253591 0.5204348 0.8253591 0.5204348 0.8164432 0.6196871 0.8320391 0.6171405 0.8253591 0.5204348 0.8320391 0.6171405 0.8309674 0.5204347 0.8309674 0.5204347 0.8320391 0.6171405 0.8138005 0.6197279 0.8309674 0.5204347 0.8138005 0.6197279 0.8019143 0.5202896 0.8019143 0.5202896 0.8138005 0.6197279 0.7879546 0.6186304 0.7803012 0.9111813 0.7826554 1 0.7981734 0.9084895 0.7981734 0.9084895 0.7826554 1 0.8054133 1 0.7981734 0.9084895 0.8054133 1 0.8254227 0.9098811 0.8254227 0.9098811 0.8054133 1 0.8309673 1 0.8254227 0.9098811 0.8309673 1 0.8322048 0.9111824 0.8322048 0.9111824 0.8309673 1 0.8252956 1 0.8322048 0.9111824 0.8252956 1 0.8165261 0.9086069 0.8165261 0.9086069 0.8252956 1 0.8034445 1 0.8165261 0.9086069 0.8034445 1 0.7886608 0.9096946 0.7886608 0.9096946 0.8034445 1 0.7820292 1 0.7826554 1 0.7803012 0.9111813 0.7820292 1 0.7820292 1 0.7803012 0.9111813 0.7886608 0.9096946 0.9651833 0.527572 0.9643214 0.6172112 0.9598045 0.5213392 0.9140982 0.5204348 0.9197124 0.5204348 0.9144803 0.61746 0.9415994 0.5204348 0.9420868 0.6197569 0.9197124 0.5204348 0.9197124 0.5204348 0.9420868 0.6197569 0.9144803 0.61746 0.9598045 0.5213392 0.9643214 0.6172112 0.9420868 0.6197569 0.9598045 0.5213392 0.9420868 0.6197569 0.9415994 0.5204348 0.9651833 0.527572 0.9577838 0.5204348 0.9643214 0.6172112 0.9643214 0.6172112 0.9577838 0.5204348 0.9490218 0.6196856 0.9490218 0.6196856 0.9577838 0.5204348 0.9360113 0.5204348 0.9490218 0.6196856 0.9360113 0.5204348 0.9211187 0.6185789 0.9211187 0.6185789 0.9360113 0.5204348 0.9140982 0.5204348 0.9140982 0.5204348 0.9144803 0.61746 0.9211187 0.6185789 0.9261593 0.9091101 0.9142144 1 0.9350345 1 0.9261593 0.9091101 0.9350345 1 0.9575917 0.9098021 0.9575917 0.9098021 0.9350345 1 0.9598023 0.9990962 0.9575917 0.9098021 0.9598023 0.9990962 0.9617266 0.9962128 0.9617266 0.9962128 0.9607303 0.9103824 0.9575917 0.9098021 0.9607303 0.9103824 0.9617266 0.9962128 0.9360113 1 0.9607303 0.9103824 0.9360113 1 0.9423529 0.9079679 0.9423529 0.9079679 0.9360113 1 0.9291762 0.9084056 0.9291762 0.9084056 0.9360113 1 0.9142144 1 0.9291762 0.9084056 0.9142144 1 0.9136442 0.911015 0.9261593 0.9091101 0.9136442 0.911015 0.9142144 1 0.9617142 0.5242457 0.9643214 0.6172112 0.959559 0.5210529 0.9140982 0.5204347 0.9197123 0.5204347 0.9144803 0.61746 0.9415994 0.5204348 0.9420868 0.6197569 0.9197123 0.5204347 0.9197123 0.5204347 0.9420868 0.6197569 0.9144803 0.61746 0.959559 0.5210529 0.9643214 0.6172112 0.9420868 0.6197569 0.959559 0.5210529 0.9420868 0.6197569 0.9415994 0.5204348 0.9643214 0.6172112 0.9617142 0.5242457 0.9490218 0.6196857 0.9490218 0.6196857 0.9617142 0.5242457 0.9360111 0.5204348 0.9490218 0.6196857 0.9360111 0.5204348 0.9211187 0.6185788 0.9211187 0.6185788 0.9360111 0.5204348 0.9140982 0.5204347 0.9140982 0.5204347 0.9144803 0.61746 0.9211187 0.6185788 0.9261593 0.9091101 0.9142144 1 0.9350345 1 0.9261593 0.9091101 0.9350345 1 0.9575916 0.9098021 0.9575916 0.9098021 0.9350345 1 0.9598024 0.9990959 0.9575916 0.9098021 0.9598024 0.9990959 0.9650631 0.9929952 0.9578418 1 0.9607303 0.9103824 0.9650631 0.9929952 0.9650631 0.9929952 0.9607303 0.9103824 0.9575916 0.9098021 0.9607303 0.9103824 0.9578418 1 0.9360113 1 0.9607303 0.9103824 0.9360113 1 0.9423529 0.9079679 0.9423529 0.9079679 0.9360113 1 0.9291762 0.9084056 0.9291762 0.9084056 0.9360113 1 0.9142144 1 0.9291762 0.9084056 0.9142144 1 0.9136442 0.911015 0.9261593 0.9091101 0.9136442 0.911015 0.9142144 1 0.8013313 0.5203323 0.7879546 0.6186304 0.7811673 0.502649 0.7811673 0.502649 0.7879546 0.6186304 0.7792212 0.6168329 0.7905919 0.6189554 0.7830116 0.5048527 0.7792212 0.6168329 0.7792212 0.6168329 0.7830116 0.5048527 0.7811673 0.502649 0.7830116 0.5048527 0.7905919 0.6189554 0.8000531 0.5202819 0.7905919 0.6189554 0.8164432 0.6196871 0.8000531 0.5202819 0.8000531 0.5202819 0.8164432 0.6196871 0.8253589 0.5204348 0.8253589 0.5204348 0.8164432 0.6196871 0.8320391 0.6171405 0.8253589 0.5204348 0.8320391 0.6171405 0.8309673 0.5204348 0.8309673 0.5204348 0.8320391 0.6171405 0.8138005 0.6197279 0.8309673 0.5204348 0.8138005 0.6197279 0.8013313 0.5203323 0.8013313 0.5203323 0.8138005 0.6197279 0.7879546 0.6186304 0.7803013 0.9111813 0.7833711 1 0.7981736 0.9084895 0.7981736 0.9084895 0.7833711 1 0.8090327 1 0.7981736 0.9084895 0.8090327 1 0.8254226 0.9098811 0.8254226 0.9098811 0.8090327 1 0.8309674 1 0.8254226 0.9098811 0.8309674 1 0.8322048 0.9111824 0.8322048 0.9111824 0.8309674 1 0.8252956 1 0.8322048 0.9111824 0.8252956 1 0.8165261 0.908607 0.8165261 0.908607 0.8252956 1 0.7962529 1 0.8165261 0.908607 0.7962529 1 0.7886608 0.9096947 0.7833711 1 0.7886608 0.9096947 0.7962529 1 0.7833711 1 0.7803013 0.9111813 0.7886608 0.9096947 0.9592103 1 0.9617266 0.9962128 1 0.9512587 1 0.9512587 0.9650631 0.9929952 1 0.9512585 0.9598023 0.9990962 0.9578418 1 0.9650631 0.9929952 0.9598024 0.9990959 0.9592103 1 1 0.9512585 0.9598024 0.9990959 1 0.9512585 0.9650631 0.9929952 1 0.9512587 0.9617266 0.9962128 0.9650631 0.9929952 0.9650631 0.9929952 0.9617266 0.9962128 0.9598023 0.9990962 1 0.569176 0.95921 0.5204348 0.9617142 0.5242457 0.959559 0.5210529 0.9577838 0.5204348 0.9651833 0.527572 1 0.569176 0.9617142 0.5242457 1 0.569176 0.9617142 0.5242457 0.959559 0.5210529 1 0.569176 1 0.569176 0.959559 0.5210529 0.9651833 0.527572 0.9598045 0.5213392 0.9592103 0.5204348 1 0.569176 0.9598045 0.5213392 1 0.569176 0.9651833 0.527572 0.4209644 0.8946886 0.4763012 1 0.4355115 0.9512587 0.4355115 0.9512587 0.4763012 1 0.4762997 0.9999982 0.4429408 0.8064045 0.4368523 0.8100425 0.424808 0.8378344 0.424808 0.8378344 0.4368523 0.8100425 0.4277489 0.8504435 0.424808 0.8378344 0.4277489 0.8504435 0.4404646 0.8702921 0.4404646 0.8702921 0.4277489 0.8504435 0.4627152 0.8743553 0.4404646 0.8702921 0.4627152 0.8743553 0.4754677 0.8702387 0.4754677 0.8702387 0.4627152 0.8743553 0.4887761 0.8426857 0.4754677 0.8702387 0.4887761 0.8426857 0.4887756 0.8357918 0.4887756 0.8357918 0.4887761 0.8426857 0.471359 0.8064054 0.4887756 0.8357918 0.471359 0.8064054 0.4743288 0.8063474 0.4743288 0.8063474 0.471359 0.8064054 0.4429408 0.8064045 0.4429408 0.8064045 0.471359 0.8064054 0.4368523 0.8100425 0.4743288 0.8063474 0.500786 0.7834704 0.4887756 0.8357918 0.4887756 0.8357918 0.500786 0.7834704 0.519421 0.8460512 0.4887756 0.8357918 0.519421 0.8460512 0.4754677 0.8702387 0.4754677 0.8702387 0.519421 0.8460512 0.4909296 0.9040467 0.4754677 0.8702387 0.4909296 0.9040467 0.4404646 0.8702921 0.4404646 0.8702921 0.4909296 0.9040467 0.4502646 0.9161298 0.4404646 0.8702921 0.4502646 0.9161298 0.413528 0.8950243 0.4404646 0.8702921 0.413528 0.8950243 0.424808 0.8378344 0.424808 0.8378344 0.413528 0.8950243 0.393296 0.8417782 0.424808 0.8378344 0.393296 0.8417782 0.4429408 0.8064045 0.4429408 0.8064045 0.393296 0.8417782 0.4171547 0.7817938 0.4429408 0.8064045 0.4171547 0.7817938 0.4639509 0.7623205 0.4429408 0.8064045 0.4639509 0.7623205 0.4743288 0.8063474 0.4743288 0.8063474 0.4639509 0.7623205 0.500786 0.7834704 0.4909296 0.9040467 0.5007725 0.8950247 0.4640356 0.9161299 0.4909296 0.9040467 0.4640356 0.9161299 0.4502646 0.9161298 0.4502646 0.9161298 0.4640356 0.9161299 0.4209644 0.8946886 0.4502646 0.9161298 0.4209644 0.8946886 0.413528 0.8950243 0.413528 0.8950243 0.4209644 0.8946886 0.3948799 0.8460507 0.413528 0.8950243 0.3948799 0.8460507 0.393296 0.8417782 0.393296 0.8417782 0.3948799 0.8460507 0.4171547 0.7817938 0.4171547 0.7817938 0.3948799 0.8460507 0.4067596 0.790699 0.4171547 0.7817938 0.4067596 0.790699 0.4427148 0.7648778 0.4171547 0.7817938 0.4427148 0.7648778 0.4639509 0.7623205 0.4639509 0.7623205 0.4427148 0.7648778 0.4971456 0.7817931 0.4639509 0.7623205 0.4971456 0.7817931 0.500786 0.7834704 0.500786 0.7834704 0.4971456 0.7817931 0.519421 0.8460512 0.519421 0.8460512 0.4971456 0.7817931 0.5210049 0.8417789 0.519421 0.8460512 0.5210049 0.8417789 0.5007725 0.8950247 0.519421 0.8460512 0.5007725 0.8950247 0.4909296 0.9040467 0.670988 0.5958973 0.6821866 0.6379315 0.6336528 0.6038864 0.670988 0.5958973 0.6336528 0.6038864 0.6567619 0.5669463 0.6567619 0.5669463 0.6336528 0.6038864 0.6292352 0.5376417 0.6567619 0.5669463 0.6292352 0.5376417 0.6698467 0.5330035 0.6698467 0.5330035 0.6292352 0.5376417 0.6616761 0.4927975 0.6698467 0.5330035 0.6616761 0.4927975 0.701009 0.529595 0.701009 0.529595 0.6616761 0.4927975 0.7022027 0.4893124 0.701009 0.529595 0.7022027 0.4893124 0.7446913 0.5322749 0.701009 0.529595 0.7446913 0.5322749 0.7190304 0.5601381 0.7190304 0.5601381 0.7446913 0.5322749 0.7389635 0.6066234 0.7190304 0.5601381 0.7389635 0.6066234 0.7018748 0.5958379 0.7018748 0.5958379 0.7389635 0.6066234 0.6821866 0.6379315 0.7018748 0.5958379 0.6821866 0.6379315 0.670988 0.5958973 0.7389635 0.6066234 0.7313053 0.6192717 0.6821866 0.6379315 0.6821866 0.6379315 0.7313053 0.6192717 0.6857627 0.6398243 0.6821866 0.6379315 0.6857627 0.6398243 0.6412031 0.6156483 0.6821866 0.6379315 0.6412031 0.6156483 0.6336528 0.6038864 0.6336528 0.6038864 0.6412031 0.6156483 0.626279 0.5508267 0.6336528 0.6038864 0.626279 0.5508267 0.6292352 0.5376417 0.6292352 0.5376417 0.626279 0.5508267 0.6580345 0.4962304 0.6292352 0.5376417 0.6580345 0.4962304 0.6616761 0.4927975 0.6616761 0.4927975 0.6580345 0.4962304 0.7022027 0.4893124 0.7022027 0.4893124 0.6580345 0.4962304 0.7065157 0.4904869 0.7022027 0.4893124 0.7065157 0.4904869 0.7446913 0.5322749 0.7446913 0.5322749 0.7065157 0.4904869 0.7442664 0.5275883 0.7446913 0.5322749 0.7442664 0.5275883 0.7518464 0.5754569 0.7446913 0.5322749 0.7518464 0.5754569 0.7389635 0.6066234 0.7389635 0.6066234 0.7518464 0.5754569 0.7313053 0.6192717 0.2491694 0.3869048 0.2063416 0.3869048 0.2055044 0.3869048 0.1845982 0.3869048 0.1676694 0.3869048 0.09811091 0.3869048 0.09811091 0.3869048 0.1676694 0.3869048 0.08117872 0.3869048 0.05944806 0.3869048 0.06027632 0.3869048 0 0.3869048 0 0.3869048 0.06027632 0.3869048 0.08117872 0.3869048 0.2491694 0.3869048 0.2063416 0.3869048 0.2491694 0.3869048 0.2491694 0.3869048 0.4710631 0.3869048 0.2063416 0.3869048 0.2063416 0.3869048 0.4710631 0.3869048 0.2491694 0.3869048 0.2055044 0.3869048 0.1845982 0.3869048 0.2491694 0.3869048 0 0.3869048 0 0.3869048 0.05944806 0.3869048 0 0.3869048 0.185342 0.3869048 0.2491694 0.3869048 0.06985968 0.3869048 0.0967071 0.3869048 0.1690826 0.3869048 0.2491694 0.3869048 0.185342 0.3869048 0.2491694 0.3869048 0.2491694 0.3869048 0.185342 0.3869048 0.2063416 0.3869048 0.2491694 0.3869048 0.08628165 0.3869048 0 0.3869048 0 0.3869048 0.08628165 0.3869048 0.05944806 0.3869048 0.08117872 0.3869048 0.1676694 0.3869048 0 0.3869048 0 0.3869048 0.1676694 0.3869048 0.185342 0.3869048 0.1690826 0.3869048 0.0967071 0.3869048 0.08628165 0.3869048 0 0.3869048 0.05944806 0.3869048 0.06985968 0.3869048 0 0.3869048 0.06985968 0.3869048 0.05944806 0.3869048 0.06985968 0.3869048 0.1690826 0.3869048 0.1794942 0.3869048 0.06985968 0.3869048 0.1794942 0.3869048 0.05944806 0.3869048 0.2491694 0.3869048 0.1794942 0.3869048 0.2063416 0.3869048 0.2491694 0.3869048 0.2063416 0.3869048 0.1959162 0.3869048 0.0804252 0.3869048 0.05944806 0.3869048 0.1794942 0.3869048 0.2491694 0.3869048 0.1959162 0.3869048 0.1690826 0.3869048 0.2491694 0.3869048 0.1690826 0.3869048 0.08628165 0.3869048 0.2491694 0.3869048 0.1845982 0.3869048 0.09811091 0.3869048 0.2491694 0.3869048 0.09811091 0.3869048 0.1794942 0.3869048 0.1794942 0.3869048 0.09811091 0.3869048 0.0804252 0.3869048 0.7936673 0.3869048 0.7944956 0.3869048 0.7508306 0.3869048 0.7936673 0.3869048 0.7508306 0.3869048 0.5289369 0.3869048 0.8040789 0.3869048 0.7508306 0.3869048 0.7508306 0.3869048 0.8040789 0.3869048 0.7508306 0.3869048 0.7936673 0.3869048 0.7508306 0.3869048 0.7944956 0.3869048 0.815398 0.3869048 0.7508306 0.3869048 0.7936673 0.3869048 0.7508306 0.3869048 0.7508306 0.3869048 0.820501 0.3869048 0.7936673 0.3869048 0.7508306 0.3869048 0.7936673 0.3869048 0.5289369 0.3869048 0.9195613 0.3869048 0.9405609 0.3869048 1 0.3869048 0.7508306 0.3869048 0.8040789 0.3869048 0.9018886 0.3869048 0.9018886 0.3869048 0.9195613 0.3869048 0.7508306 0.3869048 0.7508306 0.3869048 0.9195613 0.3869048 1 0.3869048 0.9188175 0.3869048 0.9018886 0.3869048 0.8309264 0.3869048 0.8309264 0.3869048 0.9018886 0.3869048 0.8040789 0.3869048 0.7508306 0.3869048 0.815398 0.3869048 0.9018887 0.3869048 0.7508306 0.3869048 0.9018887 0.3869048 0.820501 0.3869048 0.820501 0.3869048 0.9018887 0.3869048 0.9195613 0.3869048 0.820501 0.3869048 0.9195613 0.3869048 0.8309264 0.3869048 0.9405609 0.3869048 1 0.3869048 1 0.3869048 0.9405609 0.3869048 1 0.3869048 0.9405609 0.3869048 0.9405609 0.3869048 0.9405609 0.3869048 0.9397237 0.3869048 0.9188176 0.3869048 0.9018887 0.3869048 0.8323302 0.3869048 0.8323302 0.3869048 0.9018887 0.3869048 0.815398 0.3869048 0.7508306 0.3869048 0.8146445 0.3869048 0.7936673 0.3869048 0.9188175 0.3869048 0.8309264 0.3869048 0.9195613 0.3869048 0.9405609 0.3869048 0.9397237 0.3869048 1 0.3869048 1 0.3869048 0.9397237 0.3869048 0.9188176 0.3869048 1 0.3869048 0.8146445 0.3869048 0.7508306 0.3869048 0.9405609 0.3869048 0.9397237 0.3869048 0.9195613 0.3869048 0.9195613 0.3869048 0.9397237 0.3869048 0.9188175 0.3869048 0.9188176 0.3869048 0.8323302 0.3869048 1 0.3869048 1 0.3869048 0.8323302 0.3869048 0.8146445 0.3869048 0.5289369 0.3869048 0.7508306 0.3869048 0.5289369 0.5684524 0.5289369 0.5684524 0.7508306 0.3869048 0.7508306 0.5535714 0.5289369 0.5684524 0.7508306 0.5535714 0.7508306 0.5684524 0.5289369 0.5684524 0.7508306 0.5833333 0.5289369 0.7321429 0.5289369 0.7321429 0.7508306 0.5833333 0.7508306 0.7321429 0.5289369 0.7321429 0.7508306 0.7321429 0.7508886 0.7391708 0.5289369 0.5684524 0.7508306 0.5684524 0.7508306 0.5833333 0.4710631 0.5684524 0.2491694 0.5535714 0.4710631 0.3869048 0.4710631 0.3869048 0.2491694 0.5535714 0.2491694 0.3869048 0.4710631 0.5684524 0.2491694 0.5684524 0.2491694 0.5535714 0.4710631 0.7321429 0.2491694 0.7321429 0.4710631 0.5684524 0.4710631 0.5684524 0.2491694 0.7321429 0.2491694 0.5833333 0.4710631 0.7321429 0.249074 0.7391105 0.2491694 0.7321429 0.4710631 0.5684524 0.2491694 0.5833333 0.2491694 0.5684524 0.7508306 0.3869048 0.7508306 0.4761905 0.7508306 0.5833333 0.7508306 0.5833333 0.7508306 0.4761905 0.7509134 0.7604709 0.7508306 0.5833333 0.7509134 0.7604709 0.7508306 0.7321429 0.7508306 0.7321429 0.7509134 0.7604709 0.7508886 0.7391708 0.7508306 0.3869048 0.7508306 0.3869048 0.7508306 0.5535714 0.7508306 0.5535714 0.7508306 0.3869048 0.7508306 0.5833333 0.7508306 0.5535714 0.7508306 0.5833333 0.7508306 0.5684524 0.6677741 0 0.7508306 0 0.6677741 0 0.6677741 0 0.7508306 0 0.7508306 0 0.6677741 0 0.7508306 0 0.3322259 0 0.3322259 0 0.7508306 0 0.2491694 0 0.3322259 0 0.2491694 0 0.3322259 0 0.3322259 0 0.2491694 0 0.2491694 0 0.7840532 0.539243 0.92873 0.5356151 0.8226239 0.5348872 0.8226239 0.5348872 0.92873 0.5356151 0.9102151 0.5350124 0.8226239 0.5348872 0.9008906 0.5323745 0.8295061 0.5334329 0.9008906 0.5323745 0.8226239 0.5348872 0.9102151 0.5350124 0.9151335 0.5356133 0.8295061 0.5334329 0.9008906 0.5323745 0.8295061 0.5334329 0.9151335 0.5356133 0.8054922 0.5356139 0.7840532 0.539243 0.7911648 0.5323386 0.7840532 0.5401434 0.7911648 0.5323386 0.8054922 0.5356139 0.7840532 0.5401434 0.7840532 0.539243 0.8226239 0.5348872 0.7967761 0.5339419 0.7840532 0.539243 0.7967761 0.5339419 0.7911648 0.5323386 1 0.5397585 0.9430579 0.5323373 1 0.5400177 1 0.5400177 0.9430579 0.5323373 0.92873 0.5356151 1 0.5397585 0.9374485 0.5339402 0.9430579 0.5323373 0.7840531 0.7680912 0.8005937 0.7452784 0.7860556 0.713284 0.8190918 0.7482555 0.904715 0.7295731 0.8333355 0.7132279 0.904715 0.7295731 0.8190918 0.7482555 0.9287278 0.7482635 0.911579 0.6800629 0.8239977 0.6785416 0.8333355 0.7132279 0.911579 0.6800629 0.8333355 0.7132279 0.904715 0.7295731 0.8239977 0.6785416 0.911579 0.6800629 0.8054874 0.6755498 0.7860556 0.713284 0.8054874 0.6755498 0.7840531 0.6610448 0.7840532 0.883667 0.7860443 0.8918126 0.8054854 0.8881951 0.7840532 0.8818042 0.8005823 0.8887972 0.7860443 0.8918126 0.8190872 0.8881962 0.904713 0.8903766 0.8333287 0.8914352 0.904713 0.8903766 0.8190872 0.8881962 0.9287231 0.8881949 0.9115942 0.8889225 0.8333287 0.8914352 0.904713 0.8903766 0.8333287 0.8914352 0.9115942 0.8889225 0.8240042 0.8887972 1 0.884051 0.9429684 0.8914371 1 0.8837907 0.9429684 0.8914371 0.9287231 0.8881949 1 0.8837907 1 0.884051 0.9115942 0.8889225 0.9336233 0.8887937 1 0.884051 0.9336233 0.8887937 0.9429684 0.8914371 0.7840532 0.6557185 0.8094825 0.6757866 0.7864632 0.7102604 0.832392 0.6995636 0.9191189 0.6757865 0.9004971 0.7063607 0.9191189 0.6757865 0.832392 0.6995636 0.8094825 0.6757866 0.8109255 0.7483887 0.8312466 0.7319351 0.9111275 0.7433046 0.9111275 0.7433046 0.8312466 0.7319351 0.832392 0.6995636 0.9111275 0.7433046 0.832392 0.6995636 0.9004971 0.7063607 0.7864632 0.7102604 0.8109255 0.7483887 0.7840532 0.7627646 1 0.6919521 0.9420635 0.6995344 0.9191189 0.6757865 1 0.7676592 0.936478 0.7391244 1 0.6919521 1 0.6919521 0.936478 0.7391244 0.9420635 0.6995344 1 0.6706958 0.9429755 0.7132269 1 0.7624058 0.9429755 0.7132269 0.9287278 0.7482635 1 0.7624058 1 0.6706958 0.9336349 0.6785442 0.9429755 0.7132269 1 0.7676592 0.9111275 0.7433046 0.936478 0.7391244 0.9287231 0.8881949 0.8190872 0.8881962 0.7840532 0.8818042 1 0.8837907 0.9287231 0.8881949 0.7840532 0.8818042 1 0.8837907 0.7840532 0.8818042 1 0.8409983 1 0.8409983 0.7840532 0.8818042 0.7840531 0.8358469 1 0.8409983 0.7840531 0.8358469 1 0.7676592 1 0.7676592 0.7840531 0.8358469 0.7840532 0.7627646 1 0.7676592 0.7840532 0.7627646 0.9111275 0.7433046 0.9111275 0.7433046 0.7840532 0.7627646 0.8109255 0.7483887 0.7840532 0.8818042 0.8190872 0.8881962 0.8005823 0.8887972 0.9287278 0.7482635 0.8190918 0.7482555 0.7840531 0.7680912 1 0.7624058 0.9287278 0.7482635 0.7840531 0.7680912 1 0.7624058 0.7840531 0.7680912 1 0.8358469 1 0.8358469 0.7840531 0.7680912 0.7840532 0.8409982 1 0.8358469 0.7840532 0.8409982 1 0.884051 1 0.884051 0.7840532 0.8409982 0.7840532 0.883667 1 0.884051 0.7840532 0.883667 0.9115942 0.8889225 0.9115942 0.8889225 0.7840532 0.883667 0.8054854 0.8881951 0.9115942 0.8889225 0.8054854 0.8881951 0.8240042 0.8887972 0.7840531 0.7680912 0.8190918 0.7482555 0.8005937 0.7452784 1 0.6706958 0.911579 0.6800629 0.9336349 0.6785442 0.8054874 0.6755498 0.911579 0.6800629 0.7840531 0.6610448 0.7840531 0.6610448 0.911579 0.6800629 1 0.6706958 0.7840531 0.6610448 1 0.6706958 0.7840532 0.5879626 0.7840532 0.5879626 1 0.6706958 1 0.5828113 0.7840532 0.5879626 1 0.5828113 0.7840532 0.539243 0.7840532 0.539243 1 0.5828113 1 0.5400177 0.7840532 0.539243 1 0.5400177 0.92873 0.5356151 1 0.5397585 0.9151335 0.5356133 0.9374485 0.5339402 0.9191189 0.6757865 1 0.6087024 1 0.6919521 0.9191189 0.6757865 0.8094825 0.6757866 0.7840532 0.6557185 1 0.6087024 0.9191189 0.6757865 0.7840532 0.6557185 1 0.6087024 0.7840532 0.6557185 0.7840531 0.5828113 1 0.6087024 0.7840531 0.5828113 1 0.5397585 1 0.5397585 0.7840531 0.5828113 0.7840532 0.5401434 1 0.5397585 0.7840532 0.5401434 0.9151335 0.5356133 0.9151335 0.5356133 0.7840532 0.5401434 0.8054922 0.5356139 0.7840532 0.539243 0.9287299 0.5356152 0.8226239 0.5348873 0.8226239 0.5348873 0.9287299 0.5356152 0.9102151 0.5350124 0.8226239 0.5348873 0.9008905 0.5323745 0.8295062 0.5334329 0.9008905 0.5323745 0.8226239 0.5348873 0.9102151 0.5350124 0.9151335 0.5356133 0.8295062 0.5334329 0.9008905 0.5323745 0.8295062 0.5334329 0.9151335 0.5356133 0.8054922 0.5356139 0.7840532 0.539243 0.7911648 0.5323386 0.7840532 0.5401434 0.7911648 0.5323386 0.8054922 0.5356139 0.7840532 0.5401434 0.7840532 0.539243 0.8226239 0.5348873 0.7967761 0.5339419 0.7840532 0.539243 0.7967761 0.5339419 0.7911648 0.5323386 1 0.5397586 0.9430579 0.5323373 1 0.5400177 1 0.5400177 0.9430579 0.5323373 0.9287299 0.5356152 1 0.5397586 0.9374484 0.5339403 0.9430579 0.5323373 0.9115942 0.8889226 0.8333287 0.8914352 0.904713 0.8903767 0.8333287 0.8914352 0.9115942 0.8889226 0.8240042 0.8887971 0.8190872 0.8881963 0.904713 0.8903767 0.8333287 0.8914352 0.904713 0.8903767 0.8190872 0.8881963 0.9287231 0.8881949 1 0.884051 0.9429684 0.8914371 1 0.8837908 0.9429684 0.8914371 0.9287231 0.8881949 1 0.8837908 1 0.884051 0.9115942 0.8889226 0.9336233 0.8887938 1 0.884051 0.9336233 0.8887938 0.9429684 0.8914371 0.7840532 0.883667 0.7860442 0.8918126 0.8054868 0.8881951 0.7840532 0.8818042 0.8005823 0.8887972 0.7860442 0.8918126 0.7840532 0.6557183 0.8005938 0.6785311 0.7860556 0.7105255 0.8190919 0.6755542 0.9047151 0.6942364 0.8333355 0.7105816 0.9047151 0.6942364 0.8190919 0.6755542 0.9287278 0.6755461 0.911579 0.7437466 0.8239979 0.7452679 0.8333355 0.7105816 0.911579 0.7437466 0.8333355 0.7105816 0.9047151 0.6942364 0.8239979 0.7452679 0.911579 0.7437466 0.8054875 0.7482597 0.7860556 0.7105255 0.8054875 0.7482597 0.7840532 0.7627647 1 0.7531139 0.9429756 0.7105826 1 0.6614038 0.9429756 0.7105826 0.9287278 0.6755461 1 0.6614038 1 0.7531139 0.9336349 0.7452654 0.9429756 0.7105826 0.8323921 0.7242459 0.9191189 0.748023 0.9004972 0.7174488 0.9191189 0.748023 0.8323921 0.7242459 0.8094826 0.7480228 1 0.7476032 0.9420633 0.7242752 0.9191189 0.748023 1 0.65615 0.936478 0.6846852 1 0.7476032 1 0.7476032 0.936478 0.6846852 0.9420633 0.7242752 0.8109255 0.675421 0.8312466 0.6918745 0.9111276 0.6805049 0.9111276 0.6805049 0.8312466 0.6918745 0.8323921 0.7242459 0.9111276 0.6805049 0.8323921 0.7242459 0.9004972 0.7174488 0.7840532 0.7680912 0.8094826 0.7480228 0.7864632 0.7135491 0.7864632 0.7135491 0.8109255 0.675421 0.7840532 0.6610448 1 0.7531139 0.911579 0.7437466 0.9336349 0.7452654 0.9287231 0.8881949 0.8190872 0.8881963 0.7840532 0.8818042 1 0.8837908 0.9287231 0.8881949 0.7840532 0.8818042 1 0.8837908 0.7840532 0.8818042 1 0.8409983 1 0.8409983 0.7840532 0.8818042 0.7840532 0.835847 1 0.8409983 0.7840532 0.835847 1 0.7531139 1 0.7531139 0.7840532 0.835847 0.7840532 0.7627647 1 0.7531139 0.7840532 0.7627647 0.911579 0.7437466 0.911579 0.7437466 0.7840532 0.7627647 0.8054875 0.7482597 0.7840532 0.8818042 0.8190872 0.8881963 0.8005823 0.8887972 0.9191189 0.748023 0.8094826 0.7480228 0.7840532 0.7680912 1 0.7476032 0.9191189 0.748023 0.7840532 0.7680912 1 0.7476032 0.7840532 0.7680912 1 0.8358469 1 0.8358469 0.7840532 0.7680912 0.7840532 0.8409983 1 0.8358469 0.7840532 0.8409983 1 0.884051 1 0.884051 0.7840532 0.8409983 0.7840532 0.883667 1 0.884051 0.7840532 0.883667 0.9115942 0.8889226 0.9115942 0.8889226 0.7840532 0.883667 0.8054868 0.8881951 0.9115942 0.8889226 0.8054868 0.8881951 0.8240042 0.8887971 1 0.65615 0.9111276 0.6805049 0.936478 0.6846852 0.8109255 0.675421 0.9111276 0.6805049 0.7840532 0.6610448 0.7840532 0.6610448 0.9111276 0.6805049 1 0.65615 0.7840532 0.6610448 1 0.65615 0.7840532 0.5879626 0.7840532 0.5879626 1 0.65615 1 0.5828112 0.7840532 0.5879626 1 0.5828112 0.7840532 0.539243 0.7840532 0.539243 1 0.5828112 1 0.5400177 0.7840532 0.539243 1 0.5400177 0.9287299 0.5356152 1 0.5397586 0.9151335 0.5356133 0.9374484 0.5339403 0.9287278 0.6755461 0.8190919 0.6755542 0.7840532 0.6557183 1 0.6614038 0.9287278 0.6755461 0.7840532 0.6557183 1 0.6614038 0.7840532 0.6557183 1 0.5879626 1 0.5879626 0.7840532 0.6557183 0.7840532 0.5828112 1 0.5879626 0.7840532 0.5828112 1 0.5397586 1 0.5397586 0.7840532 0.5828112 0.7840532 0.5401434 1 0.5397586 0.7840532 0.5401434 0.9151335 0.5356133 0.9151335 0.5356133 0.7840532 0.5401434 0.8054922 0.5356139 0.7840532 0.6557183 0.8190919 0.6755542 0.8005938 0.6785311 0.2491694 1 0.2491694 0.9107143 0.2490867 0.8585768 0.2491694 1 0.2490867 0.8585768 0.2491694 1 0.2491694 1 0.2490867 0.8585768 0.2445199 0.8313878 0.2491694 0.3869048 0.2491694 0.3869048 0.2491694 0.4761905 0.2491694 0.4761905 0.2491694 0.3869048 0.2491694 0.5535714 0.2491694 0.4761905 0.2491694 0.5535714 0.2453882 0.782797 0.2491694 0.7321429 0.249074 0.7391105 0.2453882 0.782797 0.2491694 0.7321429 0.2453882 0.782797 0.2491694 0.5833333 0.2491694 0.5833333 0.2453882 0.782797 0.2491694 0.5535714 0.2491694 0.5833333 0.2491694 0.5535714 0.2491694 0.5684524 0.2999088 0.1059371 0.3150385 0.1298782 0.3322259 0 0.2667689 0.1323061 0.2491694 0 0.2491694 0.3869048 0 1 0.05943953 0.7264118 0 0.3869048 0 0.3869048 0.05943953 0.7264118 0.0698601 0.6790556 0.2491694 0 0.2667689 0.1323061 0.2801314 0.1051988 0.2491694 0 0.2801314 0.1051988 0.2999088 0.1059371 0.2491694 0 0.2999088 0.1059371 0.3322259 0 0.2814919 0.1916744 0.2663601 0.1677442 0.2491694 0.3869048 0.2491694 0.3869048 0.2663601 0.1677442 0.2667689 0.1323061 0.08043193 0.7502213 0.05943953 0.7264118 0 1 0.3322259 0 0.3150385 0.1298782 0.314625 0.1653202 0.3322259 0 0.314625 0.1653202 0.3322259 1 0.3322259 1 0.3146264 0.8260272 0.3012639 0.8531345 0.2814834 0.8523925 0.1328904 1 0.3322259 1 0.2814834 0.8523925 0.3322259 1 0.3012639 0.8531345 0.0698601 0.6790556 0.0935868 0.6842264 0.1676706 0.7063607 0.3322259 1 0.314625 0.1653202 0.3012763 0.1924643 0.2653323 0.816794 0.08043193 0.7502213 0 1 0.2653323 0.816794 0 1 0.1328904 1 0.2653323 0.816794 0.1328904 1 0.2814834 0.8523925 0.09820568 0.7216752 0.08043193 0.7502213 0.2653323 0.816794 0.2653323 0.816794 0.2078403 0.7216752 0.1845977 0.7478356 0.2653323 0.816794 0.1845977 0.7478356 0.09820568 0.7216752 0.3012763 0.1924643 0.2814919 0.1916744 0.2491694 0.3869048 0.2998936 0.7666127 0.3150466 0.7905761 0.2491694 0.3869048 0.2491694 0.3869048 0.3150466 0.7905761 0.3012763 0.1924643 0.3012763 0.1924643 0.3150466 0.7905761 0.3146264 0.8260272 0.3012763 0.1924643 0.3146264 0.8260272 0.3322259 1 0.2032213 0.6842264 0.2998936 0.7666127 0.2491694 0.3869048 0.2078403 0.7216752 0.2653323 0.816794 0.2745711 0.7738248 0.1845977 0.7478356 0.1676706 0.7063607 0.09820568 0.7216752 0.09820568 0.7216752 0.1676706 0.7063607 0.0935868 0.6842264 0.0698601 0.6790556 0.1676706 0.7063607 0 0.3869048 0.185342 0.6735906 0.2032213 0.6842264 0.2491694 0.3869048 0.2032213 0.6842264 0.2078403 0.7216752 0.2998936 0.7666127 0.2998936 0.7666127 0.2078403 0.7216752 0.2745711 0.7738248 0.1676706 0.7063607 0.185342 0.6735906 0 0.3869048 0 0.3869048 0.185342 0.6735906 0.2491694 0.3869048 0.0625593 0.6842264 0 0.4761905 0.08043867 0.6735906 0.2491694 0.9107143 0.1853487 0.7502213 0.2063412 0.7264118 0.09811013 0.7063607 0.1959206 0.6790556 0.1721938 0.6842264 0 0.4761905 0.0625593 0.6842264 0.05794042 0.7216752 0 0.4761905 0.05794042 0.7216752 0 0.9107143 0.2453882 0.782797 0.2063412 0.7264118 0.2491694 0.4761905 0.2491694 0.4761905 0.2063412 0.7264118 0.1959206 0.6790556 0.1959206 0.6790556 0.09811013 0.7063607 0.2491694 0.4761905 0.09811013 0.7063607 0.1721938 0.6842264 0.167575 0.7216752 0.09811013 0.7063607 0.167575 0.7216752 0.08118295 0.7478356 0.09811013 0.7063607 0.08043867 0.6735906 0.2491694 0.4761905 0.2491694 0.4761905 0.08043867 0.6735906 0 0.4761905 0 0.9107143 0.05794042 0.7216752 0.08118295 0.7478356 0.2490867 0.8585768 0.2491694 0.9107143 0.2063412 0.7264118 0.2490867 0.8585768 0.2063412 0.7264118 0.2453882 0.782797 0.1853487 0.7502213 0.2491694 0.9107143 0 0.9107143 0.08118295 0.7478356 0.167575 0.7216752 0 0.9107143 0 0.9107143 0.167575 0.7216752 0.1853487 0.7502213 0.06637668 0.5350158 0.0884056 0.5348871 0.06985968 0.3869048 0.06637668 0.5350158 0.06985968 0.3869048 0.05703157 0.5323725 0.05944806 0.3869048 0.05703157 0.5323725 0.06985968 0.3869048 0.05703157 0.5323725 0.05944806 0.3869048 0.0712769 0.5356146 0.0712769 0.5356146 0.05944806 0.3869048 0.08628165 0.3869048 0.0712769 0.5356146 0.08628165 0.3869048 0.09528684 0.5334329 0.0967071 0.3869048 0.09528684 0.5334329 0.08628165 0.3869048 0.0967071 0.3869048 0.0884056 0.5348871 0.09528684 0.5334329 0.06985968 0.3869048 0.0884056 0.5348871 0.0967071 0.3869048 0.1759958 0.5350124 0.1945131 0.5356144 0.1794942 0.3869048 0.1759958 0.5350124 0.1794942 0.3869048 0.1666713 0.5323745 0.1690826 0.3869048 0.1666713 0.5323745 0.1794942 0.3869048 0.1666713 0.5323745 0.1690826 0.3869048 0.1809128 0.5356133 0.1809128 0.5356133 0.1690826 0.3869048 0.1959162 0.3869048 0.1809128 0.5356133 0.1959162 0.3869048 0.1994177 0.5350124 0.1994177 0.5350124 0.1959162 0.3869048 0.213956 0.5319969 0.2063416 0.3869048 0.213956 0.5319969 0.1959162 0.3869048 0.2063416 0.3869048 0.1945131 0.5356144 0.213956 0.5319969 0.1794942 0.3869048 0.1945131 0.5356144 0.2063416 0.3869048 0.1759958 0.5350125 0.1945146 0.5356144 0.185342 0.3869048 0.1759958 0.5350125 0.185342 0.3869048 0.1676694 0.3869048 0.1759958 0.5350125 0.1676694 0.3869048 0.1666713 0.5323745 0.1666713 0.5323745 0.1676694 0.3869048 0.1845982 0.3869048 0.1666713 0.5323745 0.1845982 0.3869048 0.1809128 0.5356133 0.1809128 0.5356133 0.1845982 0.3869048 0.1994177 0.5350124 0.1994177 0.5350124 0.1845982 0.3869048 0.2055044 0.3869048 0.1994177 0.5350124 0.2055044 0.3869048 0.2139561 0.5319969 0.2063416 0.3869048 0.2139561 0.5319969 0.2055044 0.3869048 0.2063416 0.3869048 0.1945146 0.5356144 0.2139561 0.5319969 0.185342 0.3869048 0.1945146 0.5356144 0.2063416 0.3869048 0.06637668 0.5350158 0.0884056 0.5348871 0.08117872 0.3869048 0.06637668 0.5350158 0.08117872 0.3869048 0.06027632 0.3869048 0.06637668 0.5350158 0.06027632 0.3869048 0.05703157 0.5323725 0.05944806 0.3869048 0.05703157 0.5323725 0.06027632 0.3869048 0.05703157 0.5323725 0.05944806 0.3869048 0.0712769 0.5356146 0.0712769 0.5356146 0.05944806 0.3869048 0.0804252 0.3869048 0.0712769 0.5356146 0.0804252 0.3869048 0.09528678 0.533433 0.09528678 0.533433 0.0804252 0.3869048 0.09811091 0.3869048 0.08117872 0.3869048 0.0884056 0.5348871 0.09811091 0.3869048 0.09811091 0.3869048 0.0884056 0.5348871 0.09528678 0.533433 0.6677741 1 0.6677741 0 0.3322259 0 0.6677741 1 0.3322259 0 0.3322259 1 0.3042289 0.1843222 0.3105188 0.124566 0.5289369 0.3869048 0.2445199 0.8313878 0.2708766 0.8337673 0.2491694 1 0.2491694 0.3869048 0.2708766 0.1730529 0.4710631 0.3869048 0.4710631 0.7321429 0.3105188 0.7852804 0.249074 0.7391105 0.249074 0.7391105 0.3105188 0.7852804 0.2771664 0.7740111 0.249074 0.7391105 0.2771664 0.7740111 0.2445199 0.8313878 0.2445199 0.8313878 0.2771664 0.7740111 0.2708766 0.8337673 0.7508306 0.3869048 0.7228335 0.1843222 0.7291234 0.124566 0.7508306 0.3869048 0.7291234 0.124566 0.7508306 0 0.2491694 0 0.2771664 0.1132968 0.2708766 0.1730529 0.2491694 0 0.2708766 0.1730529 0.2491694 0.3869048 0.2491694 1 0.6894812 0.8337672 0.7508306 1 0.4710631 0.3869048 0.5289369 0.3869048 0.4710631 0.5684524 0.4710631 0.5684524 0.5289369 0.3869048 0.5289369 0.5684524 0.4710631 0.3869048 0.2708766 0.1730529 0.3042289 0.1843222 0.4710631 0.5684524 0.5289369 0.5684524 0.4710631 0.7321429 0.4710631 0.7321429 0.5289369 0.5684524 0.5289369 0.7321429 0.7508306 0 0.3105188 0.124566 0.2491694 0 0.2491694 0 0.3105188 0.124566 0.2771664 0.1132968 0.7508306 1 0.6894812 0.8337672 0.7228336 0.8450365 0.7508306 1 0.7228336 0.8450365 0.7555906 0.8283156 0.6957711 0.1132968 0.6894813 0.1730529 0.3105188 0.124566 0.3105188 0.124566 0.6894813 0.1730529 0.5289369 0.3869048 0.5289369 0.3869048 0.6894813 0.1730529 0.7508306 0.3869048 0.7508306 0.3869048 0.6894813 0.1730529 0.7228335 0.1843222 0.4710631 0.3869048 0.3042289 0.1843222 0.5289369 0.3869048 0.7508306 0 0.7291234 0.124566 0.6957711 0.1132968 0.2708766 0.8337673 0.3042289 0.8450365 0.2491694 1 0.3042289 0.8450365 0.6894812 0.8337672 0.2491694 1 0.7508886 0.7391708 0.7291234 0.7852804 0.6957711 0.7740112 0.7508886 0.7391708 0.6957711 0.7740112 0.5289369 0.7321429 0.5289369 0.7321429 0.6957711 0.7740112 0.3105188 0.7852804 0.5289369 0.7321429 0.3105188 0.7852804 0.4710631 0.7321429 0.7555906 0.8283156 0.7228336 0.8450365 0.7291234 0.7852804 0.7555906 0.8283156 0.7291234 0.7852804 0.7508886 0.7391708 0.3105188 0.124566 0.7508306 0 0.6957711 0.1132968 0.3105188 0.7852804 0.6957711 0.7740112 0.6894812 0.8337672 0.3105188 0.7852804 0.6894812 0.8337672 0.3042289 0.8450365 0.6677741 0 0.6677741 0 0.6677741 1 0.6677741 1 0.6677741 0 0.6677741 1 0.6853736 0.1323061 0.6987361 0.1051988 0.6677741 0 0.6677741 1 0.7000998 0.1916973 0.6849647 0.1677442 0.7508306 0 0.7185135 0.1059371 0.7336432 0.1298782 0.6677741 1 0.6849647 0.1677442 0.6853736 0.1323061 0.6677741 1 0.6853736 0.1323061 0.6677741 0 0.7508306 0 0.7336432 0.1298782 0.7332297 0.1653202 0.7508306 0 0.7332297 0.1653202 0.7508306 0.3869048 0.7508306 0.3869048 0.7332297 0.1653202 0.7198758 0.1924406 0.832425 0.7216752 0.918817 0.7478356 0.9018898 0.7063607 0.6677741 0 0.6987361 0.1051988 0.7185135 0.1059371 0.6677741 0 0.7185135 0.1059371 0.7508306 0 0.7198758 0.1924406 0.6853591 0.7930212 0.7508306 0.3869048 0.6677741 1 0.7000857 0.8523785 0.6849614 0.8284551 0.6677741 1 0.6849614 0.8284551 0.6853591 0.7930212 0.6677741 1 0.6853591 0.7930212 0.7000998 0.1916973 0.7000998 0.1916973 0.6853591 0.7930212 0.7198758 0.1924406 0.7936589 0.7264118 0.8040794 0.6790556 0.6987237 0.765869 0.6987237 0.765869 0.8040794 0.6790556 0.7508306 0.3869048 0.6987237 0.765869 0.7508306 0.3869048 0.6853591 0.7930212 0.8040794 0.6790556 0.9018898 0.7063607 0.7508306 0.3869048 0.9018898 0.7063607 0.9195613 0.6735906 0.7508306 0.3869048 0.7508306 0.3869048 0.9195613 0.6735906 1 0.3869048 0.8040794 0.6790556 0.8278061 0.6842264 0.9018898 0.7063607 0.7936589 0.7264118 0.6987237 0.765869 0.718509 0.7666472 0.9195613 0.6735906 0.9374406 0.6842264 1 0.3869048 0.9420596 0.7216752 0.918817 0.7478356 1 1 0.6677741 1 0.8146513 0.7502213 0.7332399 0.826036 0.7332399 0.826036 0.8146513 0.7502213 0.7936589 0.7264118 0.6677741 1 0.7332399 0.826036 0.719882 0.853156 0.6677741 1 0.719882 0.853156 0.7000857 0.8523785 0.918817 0.7478356 0.832425 0.7216752 1 1 1 1 0.832425 0.7216752 0.6677741 1 0.6677741 1 0.832425 0.7216752 0.8146513 0.7502213 0.9374406 0.6842264 0.9420596 0.7216752 1 0.3869048 1 0.3869048 0.9420596 0.7216752 1 1 0.8278061 0.6842264 0.832425 0.7216752 0.9018898 0.7063607 0.7936589 0.7264118 0.718509 0.7666472 0.7336623 0.7905478 0.7936589 0.7264118 0.7336623 0.7905478 0.7332399 0.826036 0.3322259 0 0.3322259 1 0.3322259 0 0.3322259 0 0.3322259 1 0.3322259 1 0.2708766 0.1730529 0.2667689 0.1323061 0.2663601 0.1677442 0.2708766 0.1730529 0.2663601 0.1677442 0.2814919 0.1916744 0.2708766 0.1730529 0.2814919 0.1916744 0.3042289 0.1843222 0.3042289 0.1843222 0.2814919 0.1916744 0.3012763 0.1924643 0.3042289 0.1843222 0.3012763 0.1924643 0.314625 0.1653202 0.3042289 0.1843222 0.314625 0.1653202 0.3105188 0.124566 0.3105188 0.124566 0.314625 0.1653202 0.3150385 0.1298782 0.3105188 0.124566 0.3150385 0.1298782 0.2999088 0.1059371 0.3105188 0.124566 0.2999088 0.1059371 0.2771664 0.1132968 0.2771664 0.1132968 0.2999088 0.1059371 0.2801314 0.1051988 0.2771664 0.1132968 0.2801314 0.1051988 0.2667689 0.1323061 0.2771664 0.1132968 0.2667689 0.1323061 0.2708766 0.1730529 0.2708766 0.8337673 0.2653323 0.816794 0.2814834 0.8523925 0.2708766 0.8337673 0.2814834 0.8523925 0.3042289 0.8450365 0.3042289 0.8450365 0.2814834 0.8523925 0.3012639 0.8531345 0.3042289 0.8450365 0.3012639 0.8531345 0.3146264 0.8260272 0.3042289 0.8450365 0.3146264 0.8260272 0.3105188 0.7852804 0.3105188 0.7852804 0.3146264 0.8260272 0.3150466 0.7905761 0.3105188 0.7852804 0.3150466 0.7905761 0.2998936 0.7666127 0.3105188 0.7852804 0.2998936 0.7666127 0.2771664 0.7740111 0.2771664 0.7740111 0.2998936 0.7666127 0.2745711 0.7738248 0.2771664 0.7740111 0.2745711 0.7738248 0.2653323 0.816794 0.2771664 0.7740111 0.2653323 0.816794 0.2708766 0.8337673 0.6894812 0.8337672 0.6853591 0.7930212 0.6849614 0.8284551 0.6894812 0.8337672 0.6849614 0.8284551 0.7000857 0.8523785 0.6894812 0.8337672 0.7000857 0.8523785 0.7228336 0.8450365 0.7228336 0.8450365 0.7000857 0.8523785 0.719882 0.853156 0.7228336 0.8450365 0.719882 0.853156 0.7332399 0.826036 0.7228336 0.8450365 0.7332399 0.826036 0.7291234 0.7852804 0.7291234 0.7852804 0.7332399 0.826036 0.7336623 0.7905478 0.7291234 0.7852804 0.7336623 0.7905478 0.718509 0.7666472 0.7291234 0.7852804 0.718509 0.7666472 0.6957711 0.7740112 0.6957711 0.7740112 0.718509 0.7666472 0.6987237 0.765869 0.6957711 0.7740112 0.6987237 0.765869 0.6853591 0.7930212 0.6957711 0.7740112 0.6853591 0.7930212 0.6894812 0.8337672 0.6894813 0.1730529 0.6853736 0.1323061 0.6849647 0.1677442 0.6894813 0.1730529 0.6849647 0.1677442 0.7000998 0.1916973 0.6894813 0.1730529 0.7000998 0.1916973 0.7228335 0.1843222 0.7228335 0.1843222 0.7000998 0.1916973 0.7198758 0.1924406 0.7228335 0.1843222 0.7198758 0.1924406 0.7332297 0.1653202 0.7228335 0.1843222 0.7332297 0.1653202 0.7291234 0.124566 0.7291234 0.124566 0.7332297 0.1653202 0.7336432 0.1298782 0.7291234 0.124566 0.7336432 0.1298782 0.7185135 0.1059371 0.7291234 0.124566 0.7185135 0.1059371 0.6957711 0.1132968 0.6957711 0.1132968 0.7185135 0.1059371 0.6987361 0.1051988 0.6957711 0.1132968 0.6987361 0.1051988 0.6853736 0.1323061 0.6957711 0.1132968 0.6853736 0.1323061 0.6894813 0.1730529 0.940552 1 1 1 1 1 0.0966981 1 0.08035707 1 0.1328904 1 0.804084 1 0.8309175 1 0.6677741 1 0.9032929 1 0.8309175 1 0.8205055 1 0.8205055 1 0.7508306 1 0.9032929 1 0.7508306 1 0.8205055 1 0.7936584 1 0.7508306 1 0.7936584 1 0.6677741 1 0.7508306 1 0.6677741 1 0.2491694 1 0.6677741 1 0.7936584 1 0.6677741 1 0.6677741 1 0.7936584 1 0.804084 1 0.3322259 1 0.2063326 1 0.6677741 1 0.2063326 1 0.3322259 1 0.1794992 1 0.1959208 1 0.1690735 1 0.08035707 1 0.1690735 1 0.1328904 1 0.08035707 1 0.1690735 1 0.1794992 1 0.1328904 1 0.3322259 1 0.3322259 1 0.1794992 1 0.1794992 1 0.3322259 1 0.1328904 1 0.6677741 1 0.2063326 1 0.2491694 1 0.2491694 1 0.2063326 1 0.1959208 1 0.2491694 1 0.1959208 1 0.08035707 1 0.2491694 1 0.2063326 1 0.2491694 1 0.2063326 1 0.1959208 1 0.2491694 1 0.1690735 1 0.1794992 1 0.08035707 1 0.08035707 1 0.1794992 1 0.2491694 1 0.2491694 1 0.1794992 1 0.2063326 1 0.2491694 1 0.1959208 1 0.1690735 1 0.8309174 1 0.9032929 1 0.9032929 1 0.8309174 1 0.8205056 1 0.9032929 1 0.9032929 1 0.8205056 1 0.7508306 1 0.7508306 1 0.8205056 1 0.7936584 1 0.7508306 1 0.7936584 1 0.7508306 1 0.7508306 1 0.7936584 1 0.804084 1 0.7508306 1 0.804084 1 0.9032929 1 0.804084 1 0.8309174 1 0.9032929 1 0 1 0 1 0.08035707 1 0 1 0.08035707 1 0.059439 1 0.059439 1 0.06986469 1 0 1 0.08035707 1 0.08628624 1 0.059439 1 0.08035707 1 0.0966981 1 0.08628624 1 0 1 0.06986469 1 0.1328904 1 0.1328904 1 0.06986469 1 0.0966981 1 0.1690735 1 0.08035707 1 0.0966981 1 0.05803525 1 0.07572096 1 0.08035707 1 0.1690735 1 0.0966981 1 0.0958696 1 0.0958696 1 0.07496738 1 0.1690735 1 0.1690735 1 0.07496738 1 0 1 0 1 0.07496738 1 0.05803525 1 0 1 0.05803525 1 0.08035707 1 0.08035707 1 0.07572096 1 0.0966981 1 0.2491694 1 0.1690735 1 0 1 0.8309175 1 0.9032929 1 0.6677741 1 0.9032929 1 0.9137186 1 0.6677741 1 1 1 0.940552 1 0.93014 1 1 1 0.93014 1 0.9032929 1 0.6677741 1 0.9137186 1 1 1 1 1 0.9137186 1 0.940552 1 1 1 0.940552 1 1 1 0.940552 1 0.9301401 1 1 1 0.9032929 1 0.9032929 1 0.9137186 1 0.9032929 1 0.9137186 1 1 1 1 1 0.9137186 1 0.940552 1 0.7508306 1 1 1 0.9032929 1 0.9032929 1 1 1 0.9301401 1 0.0884056 0.5348871 0.1666713 0.5323745 0.09528678 0.533433 0.1666713 0.5323745 0.0884056 0.5348871 0.1759958 0.5350125 0.1809128 0.5356133 0.09528678 0.533433 0.1666713 0.5323745 0.09528678 0.533433 0.1809128 0.5356133 0.0712769 0.5356146 0 0.5397585 0.05703157 0.5323725 0 0.5400187 0.05703157 0.5323725 0.0712769 0.5356146 0 0.5400187 0 0.5397585 0.0884056 0.5348871 0.06637668 0.5350158 0 0.5397585 0.06637668 0.5350158 0.05703157 0.5323725 0.2159468 0.5401425 0.2139561 0.5319969 0.1945146 0.5356144 0.2159468 0.5420053 0.1994177 0.5350124 0.2139561 0.5319969 0.2159468 0.6557183 0.1994062 0.6785311 0.2139443 0.7105256 0.1809081 0.675554 0.09528493 0.6942364 0.1666645 0.7105817 0.09528493 0.6942364 0.1809081 0.675554 0.07127219 0.6755461 0.08842098 0.7437467 0.1760022 0.7452679 0.1666645 0.7105817 0.08842098 0.7437467 0.1666645 0.7105817 0.09528493 0.6942364 0.1760022 0.7452679 0.08842098 0.7437467 0.1945125 0.7482598 0.2139443 0.7105256 0.1945125 0.7482598 0.2159468 0.7627647 0.2159468 0.8845666 0.07126998 0.8881943 0.1773759 0.8889223 0.1773759 0.8889223 0.07126998 0.8881943 0.08978486 0.8887971 0.1773759 0.8889223 0.09910947 0.891435 0.1704937 0.8903767 0.09910947 0.891435 0.1773759 0.8889223 0.08978486 0.8887971 0.08486652 0.8881962 0.1704937 0.8903767 0.09910947 0.891435 0.1704937 0.8903767 0.08486652 0.8881962 0.1945078 0.8881956 0.2159468 0.8845666 0.2088353 0.8914709 0.2159468 0.8836662 0.2088353 0.8914709 0.1945078 0.8881956 0.2159468 0.8836662 0.2159468 0.8845666 0.1773759 0.8889223 0.2032243 0.8898677 0.2159468 0.8845666 0.2032243 0.8898677 0.2088353 0.8914709 0 0.884051 0.05694204 0.8914722 0 0.8837918 0 0.8837918 0.05694204 0.8914722 0.07126998 0.8881943 0 0.884051 0.06255125 0.8898694 0.05694204 0.8914722 0 0.7531138 0.05702447 0.7105826 0 0.6614038 0.05702447 0.7105826 0.07127219 0.6755461 0 0.6614038 0 0.7531138 0.06636506 0.7452654 0.05702447 0.7105826 0.08883756 0.6804798 0.1871861 0.6742689 0.1671736 0.7026518 0.08883756 0.6804798 0.1671736 0.7026518 0.09864902 0.7209681 0.2159468 0.7680897 0.2022789 0.7390937 0.2084814 0.6989028 0.07860344 0.7495248 0.09864902 0.7209681 0.1769164 0.7432934 0.1769164 0.7432934 0.09864902 0.7209681 0.1671736 0.7026518 0.0579462 0.7242928 0 0.7476004 0.06353121 0.6846823 0.06353121 0.6846823 0 0.7476004 0 0.6561489 0 0.7476004 0.0579462 0.7242928 0.07860344 0.7495248 0 0.7531138 0.08842098 0.7437467 0.06636506 0.7452654 0.1945125 0.7482598 0.08842098 0.7437467 0.2159468 0.7627647 0.2159468 0.7627647 0.08842098 0.7437467 0 0.7531138 0.2159468 0.7627647 0 0.7531138 0.2159468 0.8358469 0.2159468 0.8358469 0 0.7531138 0 0.8409982 0.2159468 0.8358469 0 0.8409982 0.2159468 0.8845666 0.2159468 0.8845666 0 0.8409982 0 0.8837918 0.2159468 0.8845666 0 0.8837918 0.07126998 0.8881943 0 0.884051 0.08486652 0.8881962 0.06255125 0.8898694 0.07860344 0.7495248 0.1769164 0.7432934 0.2159468 0.7680897 0 0.7476004 0.07860344 0.7495248 0.2159468 0.7680897 0 0.7476004 0.2159468 0.7680897 0 0.8358469 0 0.8358469 0.2159468 0.7680897 0.2159468 0.8409982 0 0.8358469 0.2159468 0.8409982 0 0.884051 0 0.884051 0.2159468 0.8409982 0.2159468 0.8836662 0 0.884051 0.2159468 0.8836662 0.08486652 0.8881962 0.08486652 0.8881962 0.2159468 0.8836662 0.1945078 0.8881956 0.2159468 0.7680897 0.1769164 0.7432934 0.2022789 0.7390937 0.2084814 0.6989028 0.1871861 0.6742689 0.2159468 0.6095918 0 0.6561489 0.08883756 0.6804798 0.06353121 0.6846823 0.0712769 0.5356146 0.1809128 0.5356133 0.2159468 0.5420053 0 0.5400187 0.0712769 0.5356146 0.2159468 0.5420053 0 0.5400187 0.2159468 0.5420053 0 0.5828112 0 0.5828112 0.2159468 0.5420053 0.2159468 0.6095918 0 0.5828112 0.2159468 0.6095918 0 0.6561489 0 0.6561489 0.2159468 0.6095918 0.08883756 0.6804798 0.08883756 0.6804798 0.2159468 0.6095918 0.1871861 0.6742689 0.2159468 0.5420053 0.1809128 0.5356133 0.1994177 0.5350124 0.07127219 0.6755461 0.1809081 0.675554 0.2159468 0.6557183 0 0.6614038 0.07127219 0.6755461 0.2159468 0.6557183 0 0.6614038 0.2159468 0.6557183 0 0.5879626 0 0.5879626 0.2159468 0.6557183 0.2159468 0.5828113 0 0.5879626 0.2159468 0.5828113 0 0.5397585 0 0.5397585 0.2159468 0.5828113 0.2159468 0.5401425 0 0.5397585 0.2159468 0.5401425 0.0884056 0.5348871 0.0884056 0.5348871 0.2159468 0.5401425 0.1945146 0.5356144 0.0884056 0.5348871 0.1945146 0.5356144 0.1759958 0.5350125 0.2159468 0.6557183 0.1809081 0.675554 0.1994062 0.6785311 0.2139443 0.7105256 0.2159468 0.7627647 0.2159468 0.8845666 0.2159468 0.5828113 0.2159468 0.6557183 0.2159468 0.8845666 0.2159468 0.8845666 0.2159468 0.6557183 0.2139443 0.7105256 0.2159468 0.8845666 0.2159468 0.5401425 0.2159468 0.5828113 0.2159468 0.8845666 0.2159468 0.5420053 0.2139561 0.5319969 0.2159468 0.8845666 0.2139561 0.5319969 0.2159468 0.5401425 0.2159468 0.8845666 0.2159468 0.6095918 0.2159468 0.5420053 0.2159468 0.7680897 0.2084814 0.6989028 0.2159468 0.8845666 0.2159468 0.8845666 0.2084814 0.6989028 0.2159468 0.6095918 0.2159468 0.8845666 0.2159468 0.8409982 0.2159468 0.7680897 0.2159468 0.8845666 0.2159468 0.8836662 0.2159468 0.8409982 0.2159468 0.8845666 0.2159468 0.7627647 0.2159468 0.8358469 0.0884056 0.5348871 0.1666713 0.5323745 0.09528684 0.5334329 0.1666713 0.5323745 0.0884056 0.5348871 0.1759958 0.5350124 0.1809128 0.5356133 0.09528684 0.5334329 0.1666713 0.5323745 0.09528684 0.5334329 0.1809128 0.5356133 0.0712769 0.5356146 0 0.5397586 0.05703157 0.5323725 0 0.5400187 0.05703157 0.5323725 0.0712769 0.5356146 0 0.5400187 0 0.5397586 0.0884056 0.5348871 0.06637668 0.5350158 0 0.5397586 0.06637668 0.5350158 0.05703157 0.5323725 0.2159468 0.5401425 0.213956 0.5319969 0.1945131 0.5356144 0.2159468 0.5420053 0.1994177 0.5350124 0.213956 0.5319969 0 0.8840509 0.05694204 0.8914722 0 0.8837918 0 0.8837918 0.05694204 0.8914722 0.07127004 0.8881943 0 0.8840509 0.06255125 0.8898693 0.05694204 0.8914722 0.08486652 0.8881962 0.1704937 0.8903767 0.09910947 0.8914351 0.1704937 0.8903767 0.08486652 0.8881962 0.1945078 0.8881956 0.2159468 0.8845666 0.07127004 0.8881943 0.1773758 0.8889224 0.1773758 0.8889224 0.07127004 0.8881943 0.08978486 0.8887971 0.1773758 0.8889224 0.09910947 0.8914351 0.1704937 0.8903767 0.09910947 0.8914351 0.1773758 0.8889224 0.08978486 0.8887971 0.2159468 0.8845666 0.2088353 0.891471 0.2159468 0.8836661 0.2088353 0.891471 0.1945078 0.8881956 0.2159468 0.8836661 0.2159468 0.8845666 0.1773758 0.8889224 0.2032243 0.8898677 0.2159468 0.8845666 0.2032243 0.8898677 0.2088353 0.891471 0.1773451 0.6802151 0.07860237 0.6742838 0.09860706 0.7026517 0.1773451 0.6802151 0.09860706 0.7026517 0.1671317 0.7209681 0 0.6762064 0.05794709 0.6994263 0.07860237 0.6742838 0 0.7676596 0.06352168 0.7391217 0 0.6762064 0 0.6762064 0.06352168 0.7391217 0.05794709 0.6994263 0.1871774 0.7495245 0.1671317 0.7209681 0.08886468 0.743293 0.08886468 0.743293 0.1671317 0.7209681 0.09860706 0.7026517 0.2026846 0.6852453 0.2084821 0.7248256 0.2159468 0.6557183 0.08487117 0.6755542 0.1704957 0.6942364 0.0991162 0.7105816 0.1704957 0.6942364 0.08487117 0.6755542 0.1945125 0.6755498 0.2139739 0.7132858 0.1945125 0.6755498 0.2159468 0.6610414 0.2159468 0.7680898 0.1994178 0.7452629 0.2139739 0.7132858 0.1773595 0.7437474 0.08977848 0.7452679 0.0991162 0.7105816 0.1773595 0.7437474 0.0991162 0.7105816 0.1704957 0.6942364 0.08977848 0.7452679 0.1773595 0.7437474 0.07127225 0.7482635 0.06255328 0.6868206 0.05694007 0.7224357 0 0.6706941 0 0.6706941 0.05694007 0.7224357 0 0.7624077 0.05694007 0.7224357 0.07127225 0.7482635 0 0.7624077 0.2084821 0.7248256 0.1871774 0.7495245 0.2159468 0.8142177 0 0.7676596 0.08886468 0.743293 0.06352168 0.7391217 0.1871774 0.7495245 0.08886468 0.743293 0.2159468 0.8142177 0.2159468 0.8142177 0.08886468 0.743293 0 0.7676596 0.2159468 0.8142177 0 0.7676596 0 0.8409983 0.2159468 0.8142177 0 0.8409983 0.2159468 0.8845666 0.2159468 0.8845666 0 0.8409983 0 0.8837918 0.2159468 0.8845666 0 0.8837918 0.07127004 0.8881943 0 0.8840509 0.08486652 0.8881962 0.06255125 0.8898693 0.07127225 0.7482635 0.1773595 0.7437474 0.2159468 0.7680898 0 0.7624077 0.07127225 0.7482635 0.2159468 0.7680898 0 0.7624077 0.2159468 0.7680898 0 0.835847 0 0.835847 0.2159468 0.7680898 0.2159468 0.8409983 0 0.835847 0.2159468 0.8409983 0 0.8840509 0 0.8840509 0.2159468 0.8409983 0.2159468 0.8836661 0 0.8840509 0.2159468 0.8836661 0.08486652 0.8881962 0.08486652 0.8881962 0.2159468 0.8836661 0.1945078 0.8881956 0.2159468 0.7680898 0.1773595 0.7437474 0.1994178 0.7452629 0 0.6706941 0.08487117 0.6755542 0.06255328 0.6868206 0.0712769 0.5356146 0.1809128 0.5356133 0.2159468 0.5420053 0 0.5400187 0.0712769 0.5356146 0.2159468 0.5420053 0 0.5400187 0.2159468 0.5420053 0 0.5828112 0 0.5828112 0.2159468 0.5420053 0.2159468 0.5879626 0 0.5828112 0.2159468 0.5879626 0 0.6706941 0 0.6706941 0.2159468 0.5879626 0.2159468 0.6610414 0 0.6706941 0.2159468 0.6610414 0.08487117 0.6755542 0.08487117 0.6755542 0.2159468 0.6610414 0.1945125 0.6755498 0.2159468 0.5420053 0.1809128 0.5356133 0.1994177 0.5350124 0.07860237 0.6742838 0.1773451 0.6802151 0.2159468 0.6557183 0 0.6762064 0.07860237 0.6742838 0.2159468 0.6557183 0 0.6762064 0.2159468 0.6557183 0 0.5879626 0 0.5879626 0.2159468 0.6557183 0.2159468 0.5828112 0 0.5879626 0.2159468 0.5828112 0 0.5397586 0 0.5397586 0.2159468 0.5828112 0.2159468 0.5401425 0 0.5397586 0.2159468 0.5401425 0.0884056 0.5348871 0.0884056 0.5348871 0.2159468 0.5401425 0.1945131 0.5356144 0.0884056 0.5348871 0.1945131 0.5356144 0.1759958 0.5350124 0.2159468 0.6557183 0.1773451 0.6802151 0.2026846 0.6852453 0.2159468 0.5828112 0.2159468 0.6557183 0.2159468 0.8845666 0.2159468 0.8845666 0.2159468 0.6557183 0.2084821 0.7248256 0.2159468 0.8845666 0.2159468 0.5401425 0.2159468 0.5828112 0.2159468 0.8845666 0.2159468 0.5420053 0.213956 0.5319969 0.2159468 0.8845666 0.213956 0.5319969 0.2159468 0.5401425 0.2159468 0.6610414 0.2159468 0.5879626 0.2159468 0.8845666 0.2159468 0.8845666 0.2159468 0.5879626 0.2159468 0.5420053 0.2159468 0.7680898 0.2139739 0.7132858 0.2159468 0.8845666 0.2159468 0.8845666 0.2139739 0.7132858 0.2159468 0.6610414 0.2159468 0.8845666 0.2159468 0.8409983 0.2159468 0.7680898 0.2159468 0.8845666 0.2159468 0.8836661 0.2159468 0.8409983 0.2084821 0.7248256 0.2159468 0.8142177 0.2159468 0.8845666 0.05694007 0.7224357 0.05943953 0.7264118 0.07127225 0.7482635 0.07127225 0.7482635 0.05943953 0.7264118 0.08043193 0.7502213 0.07127225 0.7482635 0.08043193 0.7502213 0.08977848 0.7452679 0.08977848 0.7452679 0.08043193 0.7502213 0.09820568 0.7216752 0.08977848 0.7452679 0.09820568 0.7216752 0.0991162 0.7105816 0.0991162 0.7105816 0.09820568 0.7216752 0.0935868 0.6842264 0.0991162 0.7105816 0.0935868 0.6842264 0.08487117 0.6755542 0.08487117 0.6755542 0.0935868 0.6842264 0.0698601 0.6790556 0.08487117 0.6755542 0.0698601 0.6790556 0.06255328 0.6868206 0.05943953 0.7264118 0.06255328 0.6868206 0.0698601 0.6790556 0.05943953 0.7264118 0.05694007 0.7224357 0.06255328 0.6868206 0.07860344 0.7495248 0.08886468 0.743293 0.09864902 0.7209681 0.08886468 0.743293 0.07860344 0.7495248 0.06352168 0.7391217 0.06352168 0.7391217 0.07860344 0.7495248 0.0579462 0.7242928 0.06352168 0.7391217 0.0579462 0.7242928 0.05794709 0.6994263 0.05794709 0.6994263 0.0579462 0.7242928 0.06353121 0.6846823 0.05794709 0.6994263 0.06353121 0.6846823 0.07860237 0.6742838 0.07860237 0.6742838 0.06353121 0.6846823 0.08883756 0.6804798 0.07860237 0.6742838 0.08883756 0.6804798 0.09860706 0.7026517 0.09864902 0.7209681 0.08886468 0.743293 0.09860706 0.7026517 0.09864902 0.7209681 0.09860706 0.7026517 0.08883756 0.6804798 0.1773595 0.7437474 0.1676706 0.7063607 0.1845977 0.7478356 0.1773595 0.7437474 0.1845977 0.7478356 0.1994178 0.7452629 0.1994178 0.7452629 0.1845977 0.7478356 0.2078403 0.7216752 0.1994178 0.7452629 0.2078403 0.7216752 0.2139739 0.7132858 0.2139739 0.7132858 0.2078403 0.7216752 0.2032213 0.6842264 0.2139739 0.7132858 0.2032213 0.6842264 0.1945125 0.6755498 0.1945125 0.6755498 0.2032213 0.6842264 0.185342 0.6735906 0.1945125 0.6755498 0.185342 0.6735906 0.1704957 0.6942364 0.1704957 0.6942364 0.185342 0.6735906 0.1676706 0.7063607 0.1773595 0.7437474 0.1704957 0.6942364 0.1676706 0.7063607 0.2022789 0.7390937 0.1871774 0.7495245 0.2084821 0.7248256 0.1871774 0.7495245 0.2022789 0.7390937 0.1769164 0.7432934 0.1871774 0.7495245 0.1769164 0.7432934 0.1671317 0.7209681 0.1671317 0.7209681 0.1769164 0.7432934 0.1671736 0.7026518 0.1671317 0.7209681 0.1671736 0.7026518 0.1773451 0.6802151 0.1773451 0.6802151 0.1671736 0.7026518 0.1871861 0.6742689 0.1773451 0.6802151 0.1871861 0.6742689 0.2026846 0.6852453 0.2026846 0.6852453 0.1871861 0.6742689 0.2084814 0.6989028 0.2022789 0.7390937 0.2084821 0.7248256 0.2084814 0.6989028 0.2084814 0.6989028 0.2084821 0.7248256 0.2026846 0.6852453 0.08842098 0.7437467 0.09811013 0.7063607 0.08118295 0.7478356 0.08842098 0.7437467 0.08118295 0.7478356 0.06636506 0.7452654 0.06636506 0.7452654 0.08118295 0.7478356 0.05794042 0.7216752 0.06636506 0.7452654 0.05794042 0.7216752 0.05702447 0.7105826 0.05702447 0.7105826 0.05794042 0.7216752 0.0625593 0.6842264 0.05702447 0.7105826 0.0625593 0.6842264 0.07127219 0.6755461 0.07127219 0.6755461 0.0625593 0.6842264 0.08043867 0.6735906 0.07127219 0.6755461 0.08043867 0.6735906 0.09528493 0.6942364 0.09528493 0.6942364 0.08043867 0.6735906 0.09811013 0.7063607 0.08842098 0.7437467 0.09528493 0.6942364 0.09811013 0.7063607 0.2139443 0.7105256 0.2063412 0.7264118 0.1945125 0.7482598 0.1945125 0.7482598 0.2063412 0.7264118 0.1853487 0.7502213 0.1945125 0.7482598 0.1853487 0.7502213 0.1760022 0.7452679 0.1760022 0.7452679 0.1853487 0.7502213 0.167575 0.7216752 0.1760022 0.7452679 0.167575 0.7216752 0.1666645 0.7105817 0.1666645 0.7105817 0.167575 0.7216752 0.1721938 0.6842264 0.1666645 0.7105817 0.1721938 0.6842264 0.1809081 0.675554 0.1809081 0.675554 0.1721938 0.6842264 0.1959206 0.6790556 0.1809081 0.675554 0.1959206 0.6790556 0.1994062 0.6785311 0.1994062 0.6785311 0.1959206 0.6790556 0.2139443 0.7105256 0.2063412 0.7264118 0.2139443 0.7105256 0.1959206 0.6790556 0.08978486 0.8887971 0.07127004 0.8881943 0.08628624 1 0.08978486 0.8887971 0.08628624 1 0.09910947 0.8914351 0.0966981 1 0.09910947 0.8914351 0.08628624 1 0.09910947 0.8914351 0.0966981 1 0.08486652 0.8881962 0.08486652 0.8881962 0.0966981 1 0.06986469 1 0.08486652 0.8881962 0.06986469 1 0.06255125 0.8898693 0.059439 1 0.06255125 0.8898693 0.06986469 1 0.059439 1 0.05694204 0.8914722 0.06255125 0.8898693 0.059439 1 0.07127004 0.8881943 0.05694204 0.8914722 0.08628624 1 0.07127004 0.8881943 0.059439 1 0.2032243 0.8898677 0.1773758 0.8889224 0.1959208 1 0.2063326 1 0.2032243 0.8898677 0.1959208 1 0.2032243 0.8898677 0.2063326 1 0.2088353 0.891471 0.2088353 0.891471 0.2063326 1 0.1945078 0.8881956 0.1945078 0.8881956 0.2063326 1 0.1794992 1 0.1945078 0.8881956 0.1794992 1 0.1704937 0.8903767 0.1690735 1 0.1704937 0.8903767 0.1794992 1 0.1690735 1 0.1773758 0.8889224 0.1704937 0.8903767 0.1959208 1 0.1773758 0.8889224 0.1690735 1 0.2032243 0.8898677 0.1773759 0.8889223 0.1959208 1 0.2063326 1 0.2032243 0.8898677 0.1959208 1 0.2032243 0.8898677 0.2063326 1 0.2088353 0.8914709 0.2088353 0.8914709 0.2063326 1 0.1945078 0.8881956 0.1945078 0.8881956 0.2063326 1 0.1794992 1 0.1945078 0.8881956 0.1794992 1 0.1704937 0.8903767 0.1690735 1 0.1704937 0.8903767 0.1794992 1 0.1690735 1 0.1773759 0.8889223 0.1704937 0.8903767 0.1959208 1 0.1773759 0.8889223 0.1690735 1 0.08978486 0.8887971 0.07126998 0.8881943 0.07496738 1 0.08978486 0.8887971 0.07496738 1 0.0958696 1 0.08978486 0.8887971 0.0958696 1 0.09910947 0.891435 0.0966981 1 0.09910947 0.891435 0.0958696 1 0.09910947 0.891435 0.0966981 1 0.08486652 0.8881962 0.08486652 0.8881962 0.0966981 1 0.07572096 1 0.08486652 0.8881962 0.07572096 1 0.06255125 0.8898694 0.06255125 0.8898694 0.07572096 1 0.05803525 1 0.05803525 1 0.05694204 0.8914722 0.06255125 0.8898694 0.07496738 1 0.07126998 0.8881943 0.05694204 0.8914722 0.07496738 1 0.05694204 0.8914722 0.05803525 1 0.2491694 0.3869048 0.2491694 0 0.2491694 0.3869048 0.2491694 0.3869048 0.2491694 0 0.2491694 0 0.2491694 0.9107143 0.2491694 1 0 0.9107143 0 0.9107143 0.2491694 1 0 1 0 0.4761905 0 0.3869048 0.2491694 0.4761905 0.2491694 0.4761905 0 0.3869048 0.2491694 0.3869048 0.2453882 0.782797 0.249074 0.7391105 0.2445199 0.8313878 0.2453882 0.782797 0.2445199 0.8313878 0.2490867 0.8585768 0.7508306 0.9107143 0.7508306 1 0.7549944 0.8340917 0.7549944 0.8340917 0.7508306 1 0.7555906 0.8283156 0.7555906 0.8283156 0.7508306 1 0.7508306 1 0.7936589 0.6973978 0.7509134 0.7604709 0.7508306 0.4761905 0.9374406 0.7395831 0.9420595 0.7021343 1 0.9107143 1 0.9107143 0.9420595 0.7021343 1 0.4761905 1 0.4761905 0.9420595 0.7021343 0.9242859 0.6735883 0.8040794 0.7447538 1 0.9107143 0.7508306 0.9107143 1 0.9107143 0.9137139 0.7447538 0.9374406 0.7395831 1 0.4761905 0.9242859 0.6735883 0.7508306 0.4761905 0.7508306 0.4761905 0.9242859 0.6735883 0.9032934 0.6973978 0.7508306 0.4761905 0.8146513 0.6735883 0.7936589 0.6973978 0.7509134 0.7604709 0.7936589 0.6973978 0.8040794 0.7447538 0.7509134 0.7604709 0.8040794 0.7447538 0.7549944 0.8340917 0.7549944 0.8340917 0.8040794 0.7447538 0.7508306 0.9107143 0.8040794 0.7447538 0.8278061 0.7395831 1 0.9107143 0.9137139 0.7447538 0.8278061 0.7395831 0.832425 0.7021343 0.8146513 0.6735883 0.7508306 0.4761905 0.832425 0.7021343 0.832425 0.7021343 0.7508306 0.4761905 0.9032934 0.6973978 0.832425 0.7021343 0.9032934 0.6973978 0.9137139 0.7447538 0.8278061 0.7395831 0.9137139 0.7447538 1 0.9107143 0.7860556 0.713284 0.7840531 0.6610448 0.7840532 0.539243 0.7840532 0.8409982 0.7840531 0.7680912 0.7840532 0.539243 0.7840532 0.539243 0.7840531 0.7680912 0.7860556 0.713284 0.7840532 0.539243 0.7840532 0.883667 0.7840532 0.8409982 0.7840532 0.539243 0.7840532 0.8818042 0.7860443 0.8918126 0.7840532 0.539243 0.7860443 0.8918126 0.7840532 0.883667 0.7840532 0.7627646 0.7840531 0.8358469 0.7840532 0.539243 0.7840532 0.539243 0.7840531 0.8358469 0.7840532 0.8818042 0.7840532 0.6557185 0.7864632 0.7102604 0.7840532 0.539243 0.7840532 0.539243 0.7864632 0.7102604 0.7840532 0.7627646 0.7840532 0.539243 0.7840531 0.5828113 0.7840532 0.6557185 0.7840532 0.539243 0.7840532 0.5401434 0.7840531 0.5828113 0.7840532 0.539243 0.7840531 0.6610448 0.7840532 0.5879626 0.7864632 0.7135491 0.7840532 0.6610448 0.7840532 0.539243 0.7840532 0.8409983 0.7840532 0.7680912 0.7840532 0.539243 0.7840532 0.539243 0.7840532 0.7680912 0.7864632 0.7135491 0.7840532 0.539243 0.7840532 0.883667 0.7840532 0.8409983 0.7840532 0.539243 0.7840532 0.8818042 0.7860442 0.8918126 0.7840532 0.539243 0.7860442 0.8918126 0.7840532 0.883667 0.7840532 0.7627647 0.7840532 0.835847 0.7840532 0.539243 0.7840532 0.539243 0.7840532 0.835847 0.7840532 0.8818042 0.7840532 0.6557183 0.7860556 0.7105255 0.7840532 0.539243 0.7840532 0.539243 0.7860556 0.7105255 0.7840532 0.7627647 0.7840532 0.539243 0.7840532 0.5828112 0.7840532 0.6557183 0.7840532 0.539243 0.7840532 0.5401434 0.7840532 0.5828112 0.7840532 0.539243 0.7840532 0.6610448 0.7840532 0.5879626 0.9111275 0.7433046 0.9191189 0.748023 0.936478 0.7391244 0.936478 0.7391244 0.9191189 0.748023 0.9420633 0.7242752 0.936478 0.7391244 0.9420633 0.7242752 0.9420635 0.6995344 0.9420635 0.6995344 0.9420633 0.7242752 0.936478 0.6846852 0.9420635 0.6995344 0.936478 0.6846852 0.9191189 0.6757865 0.9191189 0.6757865 0.936478 0.6846852 0.9111276 0.6805049 0.9191189 0.6757865 0.9111276 0.6805049 0.9004971 0.7063607 0.9004971 0.7063607 0.9111276 0.6805049 0.9004972 0.7174488 0.9004971 0.7063607 0.9004972 0.7174488 0.9111275 0.7433046 0.9111275 0.7433046 0.9004972 0.7174488 0.9191189 0.748023 0.911579 0.7437466 0.9018898 0.7063607 0.918817 0.7478356 0.911579 0.7437466 0.918817 0.7478356 0.9336349 0.7452654 0.9336349 0.7452654 0.918817 0.7478356 0.9420596 0.7216752 0.9336349 0.7452654 0.9420596 0.7216752 0.9429756 0.7105826 0.9429756 0.7105826 0.9420596 0.7216752 0.9374406 0.6842264 0.9429756 0.7105826 0.9374406 0.6842264 0.9287278 0.6755461 0.9287278 0.6755461 0.9374406 0.6842264 0.9195613 0.6735906 0.9287278 0.6755461 0.9195613 0.6735906 0.9047151 0.6942364 0.9047151 0.6942364 0.9195613 0.6735906 0.9018898 0.7063607 0.911579 0.7437466 0.9047151 0.6942364 0.9018898 0.7063607 0.7864632 0.7102604 0.8094826 0.7480228 0.8109255 0.7483887 0.8109255 0.7483887 0.8094826 0.7480228 0.8323921 0.7242459 0.8109255 0.7483887 0.8323921 0.7242459 0.8312466 0.7319351 0.8312466 0.7319351 0.8323921 0.7242459 0.832392 0.6995636 0.832392 0.6995636 0.8323921 0.7242459 0.8312466 0.6918745 0.832392 0.6995636 0.8312466 0.6918745 0.8109255 0.675421 0.832392 0.6995636 0.8109255 0.675421 0.8094825 0.6757866 0.8094825 0.6757866 0.8109255 0.675421 0.7864632 0.7135491 0.8094825 0.6757866 0.7864632 0.7135491 0.7864632 0.7102604 0.7864632 0.7102604 0.7864632 0.7135491 0.8094826 0.7480228 0.7860556 0.7105255 0.7936589 0.7264118 0.8054875 0.7482597 0.8054875 0.7482597 0.7936589 0.7264118 0.8146513 0.7502213 0.8054875 0.7482597 0.8146513 0.7502213 0.8239979 0.7452679 0.8239979 0.7452679 0.8146513 0.7502213 0.832425 0.7216752 0.8239979 0.7452679 0.832425 0.7216752 0.8333355 0.7105816 0.8333355 0.7105816 0.832425 0.7216752 0.8278061 0.6842264 0.8333355 0.7105816 0.8278061 0.6842264 0.8190919 0.6755542 0.8190919 0.6755542 0.8278061 0.6842264 0.8040794 0.6790556 0.8190919 0.6755542 0.8040794 0.6790556 0.8005938 0.6785311 0.8005938 0.6785311 0.8040794 0.6790556 0.7860556 0.7105255 0.7936589 0.7264118 0.7860556 0.7105255 0.8040794 0.6790556 0.911579 0.6800629 0.9032934 0.6973978 0.9242859 0.6735883 0.911579 0.6800629 0.9242859 0.6735883 0.9336349 0.6785442 0.9336349 0.6785442 0.9242859 0.6735883 0.9420595 0.7021343 0.9336349 0.6785442 0.9420595 0.7021343 0.9429755 0.7132269 0.9429755 0.7132269 0.9420595 0.7021343 0.9374406 0.7395831 0.9429755 0.7132269 0.9374406 0.7395831 0.9287278 0.7482635 0.9287278 0.7482635 0.9374406 0.7395831 0.9137139 0.7447538 0.9287278 0.7482635 0.9137139 0.7447538 0.904715 0.7295731 0.9032934 0.6973978 0.904715 0.7295731 0.9137139 0.7447538 0.911579 0.6800629 0.904715 0.7295731 0.9032934 0.6973978 0.7860556 0.713284 0.7936589 0.6973978 0.8054874 0.6755498 0.8054874 0.6755498 0.7936589 0.6973978 0.8146513 0.6735883 0.8054874 0.6755498 0.8146513 0.6735883 0.8239977 0.6785416 0.8239977 0.6785416 0.8146513 0.6735883 0.832425 0.7021343 0.8239977 0.6785416 0.832425 0.7021343 0.8333355 0.7132279 0.8333355 0.7132279 0.832425 0.7021343 0.8278061 0.7395831 0.8333355 0.7132279 0.8278061 0.7395831 0.8190918 0.7482555 0.8190918 0.7482555 0.8278061 0.7395831 0.8040794 0.7447538 0.8190918 0.7482555 0.8040794 0.7447538 0.8005937 0.7452784 0.8005937 0.7452784 0.8040794 0.7447538 0.7860556 0.713284 0.7936589 0.6973978 0.7860556 0.713284 0.8040794 0.7447538 0.9336233 0.8887938 0.9115942 0.8889226 0.93014 1 0.9336233 0.8887938 0.93014 1 0.9429684 0.8914371 0.940552 1 0.9429684 0.8914371 0.93014 1 0.9429684 0.8914371 0.940552 1 0.9287231 0.8881949 0.9287231 0.8881949 0.940552 1 0.9137186 1 0.9287231 0.8881949 0.9137186 1 0.904713 0.8903767 0.9032929 1 0.904713 0.8903767 0.9137186 1 0.9032929 1 0.9115942 0.8889226 0.904713 0.8903767 0.93014 1 0.9115942 0.8889226 0.9032929 1 0.8240042 0.8887972 0.8054854 0.8881951 0.8205056 1 0.8240042 0.8887972 0.8205056 1 0.8333287 0.8914352 0.8309174 1 0.8333287 0.8914352 0.8205056 1 0.8333287 0.8914352 0.8309174 1 0.8190872 0.8881962 0.8190872 0.8881962 0.8309174 1 0.804084 1 0.8190872 0.8881962 0.804084 1 0.8005823 0.8887972 0.8005823 0.8887972 0.804084 1 0.7860443 0.8918126 0.7936584 1 0.7860443 0.8918126 0.804084 1 0.7936584 1 0.8054854 0.8881951 0.7860443 0.8918126 0.8205056 1 0.8054854 0.8881951 0.7936584 1 0.9336233 0.8887937 0.9115942 0.8889225 0.9301401 1 0.9336233 0.8887937 0.9301401 1 0.9429684 0.8914371 0.940552 1 0.9429684 0.8914371 0.9301401 1 0.9429684 0.8914371 0.940552 1 0.9287231 0.8881949 0.9287231 0.8881949 0.940552 1 0.9137186 1 0.9287231 0.8881949 0.9137186 1 0.904713 0.8903766 0.9032929 1 0.904713 0.8903766 0.9137186 1 0.9032929 1 0.9115942 0.8889225 0.904713 0.8903766 0.9301401 1 0.9115942 0.8889225 0.9032929 1 0.8240042 0.8887971 0.8054868 0.8881951 0.8205055 1 0.8240042 0.8887971 0.8205055 1 0.8333287 0.8914352 0.8309175 1 0.8333287 0.8914352 0.8205055 1 0.8333287 0.8914352 0.8309175 1 0.8190872 0.8881963 0.8190872 0.8881963 0.8309175 1 0.804084 1 0.8190872 0.8881963 0.804084 1 0.8005823 0.8887972 0.8005823 0.8887972 0.804084 1 0.7860442 0.8918126 0.7936584 1 0.7860442 0.8918126 0.804084 1 0.7936584 1 0.8054868 0.8881951 0.7860442 0.8918126 0.8205055 1 0.8054868 0.8881951 0.7936584 1 0.9102151 0.5350124 0.9287299 0.5356152 0.9195613 0.3869048 0.9102151 0.5350124 0.9195613 0.3869048 0.9018887 0.3869048 0.9102151 0.5350124 0.9018887 0.3869048 0.9008905 0.5323745 0.9008905 0.5323745 0.9018887 0.3869048 0.9188176 0.3869048 0.9008905 0.5323745 0.9188176 0.3869048 0.9151335 0.5356133 0.9151335 0.5356133 0.9188176 0.3869048 0.9374484 0.5339403 0.9374484 0.5339403 0.9188176 0.3869048 0.9397237 0.3869048 0.9405609 0.3869048 0.9374484 0.5339403 0.9397237 0.3869048 0.9405609 0.3869048 0.9430579 0.5323373 0.9374484 0.5339403 0.9405609 0.3869048 0.9287299 0.5356152 0.9430579 0.5323373 0.9195613 0.3869048 0.9287299 0.5356152 0.9405609 0.3869048 0.7967761 0.5339419 0.8226239 0.5348872 0.8040789 0.3869048 0.7936673 0.3869048 0.7967761 0.5339419 0.8040789 0.3869048 0.7967761 0.5339419 0.7936673 0.3869048 0.7911648 0.5323386 0.7911648 0.5323386 0.7936673 0.3869048 0.8054922 0.5356139 0.8054922 0.5356139 0.7936673 0.3869048 0.820501 0.3869048 0.8054922 0.5356139 0.820501 0.3869048 0.8295061 0.5334329 0.8309264 0.3869048 0.8295061 0.5334329 0.820501 0.3869048 0.8309264 0.3869048 0.8226239 0.5348872 0.8295061 0.5334329 0.8040789 0.3869048 0.8226239 0.5348872 0.8309264 0.3869048 0.9102151 0.5350124 0.92873 0.5356151 0.9195613 0.3869048 0.9102151 0.5350124 0.9195613 0.3869048 0.9018886 0.3869048 0.9102151 0.5350124 0.9018886 0.3869048 0.9008906 0.5323745 0.9008906 0.5323745 0.9018886 0.3869048 0.9188175 0.3869048 0.9008906 0.5323745 0.9188175 0.3869048 0.9151335 0.5356133 0.9151335 0.5356133 0.9188175 0.3869048 0.9374485 0.5339402 0.9374485 0.5339402 0.9188175 0.3869048 0.9397237 0.3869048 0.9405609 0.3869048 0.9374485 0.5339402 0.9397237 0.3869048 0.9405609 0.3869048 0.9430579 0.5323373 0.9374485 0.5339402 0.9405609 0.3869048 0.92873 0.5356151 0.9430579 0.5323373 0.9195613 0.3869048 0.92873 0.5356151 0.9405609 0.3869048 0.7967761 0.5339419 0.8226239 0.5348873 0.815398 0.3869048 0.7967761 0.5339419 0.815398 0.3869048 0.7944956 0.3869048 0.7936673 0.3869048 0.7967761 0.5339419 0.7944956 0.3869048 0.7967761 0.5339419 0.7936673 0.3869048 0.7911648 0.5323386 0.7911648 0.5323386 0.7936673 0.3869048 0.8054922 0.5356139 0.8054922 0.5356139 0.7936673 0.3869048 0.8146445 0.3869048 0.8054922 0.5356139 0.8146445 0.3869048 0.8295062 0.5334329 0.8295062 0.5334329 0.8146445 0.3869048 0.8323302 0.3869048 0.815398 0.3869048 0.8226239 0.5348873 0.8323302 0.3869048 0.8323302 0.3869048 0.8226239 0.5348873 0.8295062 0.5334329 0.7508306 0 0.7508306 0.3869048 0.7508306 0 0.7508306 0 0.7508306 0.3869048 0.7508306 0.3869048 1 0.9107143 1 1 0.7508306 0.9107143 0.7508306 0.9107143 1 1 0.7508306 1 0.7508306 0.4761905 0.7508306 0.3869048 1 0.4761905 1 0.4761905 0.7508306 0.3869048 1 0.3869048 0.7549944 0.8340917 0.7555906 0.8283156 0.7509134 0.7604709 0.7509134 0.7604709 0.7555906 0.8283156 0.7508886 0.7391708 1 0.3869048 1 0.5400177 1 0.5828113 1 0.3869048 1 0.5828113 1 0.4761905 1 0.4761905 1 0.5828113 1 0.6706958 1 0.4761905 1 0.6706958 1 0.9107143 1 0.9107143 1 0.6706958 1 0.7624058 1 0.884051 1 1 1 0.8358469 1 0.8358469 1 1 1 0.9107143 1 0.8358469 1 0.9107143 1 0.7624058 1 0.8837907 1 0.8409983 1 1 1 0.3869048 1 0.6614038 1 0.5879626 1 0.5828112 1 0.65615 1 0.6087024 1 0.6087024 1 0.5397585 1 0.3869048 1 0.3869048 1 0.5397585 1 0.3869048 1 0.3869048 1 0.5397585 1 0.5400177 1 0.8358469 1 0.7676592 1 0.7476032 1 0.884051 1 1 1 0.8358469 1 0.8358469 1 1 1 0.8409983 1 0.8358469 1 0.8409983 1 0.7676592 1 0.8837908 1 0.8409983 1 1 1 1 1 0.8409983 1 0.7531139 1 0.3869048 1 0.5879626 1 0.5397586 1 0.5397586 1 0.5400177 1 0.3869048 1 0.3869048 1 0.5400177 1 0.6087024 1 0.6087024 1 0.5400177 1 0.5828112 1 1 1 0.884051 1 1 1 1 1 0.884051 1 0.8837907 1 0.7476032 1 0.7676592 1 0.6919521 1 0.7476032 1 0.6919521 1 0.65615 1 0.65615 1 0.6919521 1 0.6087024 1 1 1 0.884051 1 1 1 1 1 0.884051 1 0.8837908 1 1 1 0.7531139 1 0.3869048 1 0.3869048 1 0.7531139 1 0.6614038 0 1 0 0.8837918 0 0.8409982 0 1 0 0.8409982 0 0.9107143 0 0.9107143 0 0.8409982 0 0.7531138 0 0.6614038 0 0.4761905 0 0.7531138 0 0.7531138 0 0.4761905 0 0.9107143 0 0.8409983 0 0.8358469 0 0.8837918 0 0.4761905 0 0.6614038 0 0.5879626 0 0.4761905 0 0.5879626 0 0.3869048 0 0.3869048 0 0.5879626 0 0.5397585 0 0.5828112 0 0.6706941 0 0.3869048 0 0.8837918 0 0.8358469 0 1 0 0.8837918 0 1 0 0.8840509 0 0.8358469 0 0.8409983 0 0.7676596 0 0.8358469 0 0.7676596 0 0.7476004 0 0.8358469 0 0.884051 0 1 0 1 0 0.884051 0 1 0 1 0 0.884051 0 0.8837918 0 0.5400187 0 0.5828112 0 0.3869048 0 0.3869048 0 0.6706941 0 1 0 1 0 0.6706941 0 0.7624077 0 0.3869048 0 0.5397585 0 0.3869048 0 0.3869048 0 0.5397585 0 0.5400187 0 0.7624077 0 0.835847 0 1 0 1 0 0.835847 0 0.8840509 0 0.7476004 0 0.7676596 0 0.6762064 0 0.7476004 0 0.6762064 0 0.6561489 0 0.3869048 0 0.5400187 0 0.5828112 0 0.6561489 0 0.6762064 0 0.5828112 0 0.5828112 0 0.6762064 0 0.5879626 0 0.5828112 0 0.5879626 0 0.5397586 0 0.5828112 0 0.5397586 0 0.3869048 0 0.3869048 0 0.5397586 0 0.5400187 0.7670513 0.7009013 0.7701702 0.7120541 0.7625524 0.6440559 0.7670513 0.7009013 0.7625524 0.6440559 0.7713295 0.6199303 0.7713295 0.6199303 0.7625524 0.6440559 0.7943884 0.6070098 0.7713295 0.6199303 0.7943884 0.6070098 0.7989665 0.6035876 0.7989665 0.6035876 0.7943884 0.6070098 0.8189672 0.6633579 0.8189672 0.6633579 0.7943884 0.6070098 0.8200461 0.6674796 0.8189672 0.6633579 0.8200461 0.6674796 0.8024992 0.7267321 0.8189672 0.6633579 0.8024992 0.7267321 0.7995109 0.7290001 0.7701702 0.7120541 0.7670513 0.7009013 0.7995109 0.7290001 0.7701702 0.7120541 0.7995109 0.7290001 0.8024992 0.7267321 0.7658249 0.3635949 0.7701874 0.3775964 0.7625632 0.3095369 0.7658249 0.3635949 0.7625632 0.3095369 0.771284 0.2854424 0.771284 0.2854424 0.7625632 0.3095369 0.7944096 0.2725245 0.771284 0.2854424 0.7944096 0.2725245 0.7988759 0.2690599 0.7988759 0.2690599 0.7944096 0.2725245 0.8189552 0.3288401 0.8189552 0.3288401 0.7944096 0.2725245 0.8200457 0.3329614 0.8189552 0.3288401 0.8200457 0.3329614 0.8024749 0.3922348 0.8189552 0.3288401 0.8024749 0.3922348 0.7978658 0.3948446 0.7658249 0.3635949 0.7978658 0.3948446 0.7701874 0.3775964 0.7701874 0.3775964 0.7978658 0.3948446 0.8024749 0.3922348 0.416954 0.695875 0.4213503 0.7099462 0.4137259 0.6418872 0.416954 0.695875 0.4137259 0.6418872 0.4224863 0.6177656 0.4224863 0.6177656 0.4137259 0.6418872 0.4455766 0.6048688 0.4224863 0.6177656 0.4455766 0.6048688 0.4500709 0.601378 0.4500709 0.601378 0.4455766 0.6048688 0.4701181 0.6611874 0.4701181 0.6611874 0.4455766 0.6048688 0.4712085 0.6653115 0.4701181 0.6611874 0.4712085 0.6653115 0.4536377 0.7245848 0.4701181 0.6611874 0.4536377 0.7245848 0.4489707 0.7272436 0.416954 0.695875 0.4489707 0.7272436 0.4213503 0.7099462 0.4213503 0.7099462 0.4489707 0.7272436 0.4536377 0.7245848 0.4169877 0.3659447 0.4213502 0.3799464 0.413726 0.3118869 0.4169877 0.3659447 0.413726 0.3118869 0.4224358 0.2878367 0.4224358 0.2878367 0.413726 0.3118869 0.4455765 0.2748689 0.4224358 0.2878367 0.4455765 0.2748689 0.4500385 0.2714098 0.4500385 0.2714098 0.4455765 0.2748689 0.470118 0.3311901 0.470118 0.3311901 0.4455765 0.2748689 0.4712085 0.3353115 0.470118 0.3311901 0.4712085 0.3353115 0.4536377 0.3945848 0.470118 0.3311901 0.4536377 0.3945848 0.4490287 0.3971946 0.4169877 0.3659447 0.4490287 0.3971946 0.4213502 0.3799464 0.4213502 0.3799464 0.4490287 0.3971946 0.4536377 0.3945848 0.8192821 0.6834706 0.8188471 0.6441133 0.8123391 0.6216374 0.8123391 0.6216374 0.8188471 0.6441133 0.7870108 0.6070111 0.7870108 0.6070111 0.7865712 0.6029868 0.8123391 0.6216374 0.7865712 0.6029868 0.7870108 0.6070111 0.762035 0.6560011 0.762035 0.6560011 0.7870108 0.6070111 0.7613456 0.6674892 0.762035 0.6560011 0.7613456 0.6674892 0.7736341 0.7202563 0.7736341 0.7202563 0.7613456 0.6674892 0.778898 0.7267342 0.8112312 0.7120265 0.7989189 0.7307291 0.778898 0.7267342 0.778898 0.7267342 0.7989189 0.7307291 0.7736341 0.7202563 0.8112312 0.7120265 0.8192821 0.6834706 0.7989189 0.7307291 0.8188471 0.6441133 0.8192821 0.6834706 0.8112312 0.7120265 0.8197751 0.3115748 0.8200468 0.332337 0.8024716 0.2730525 0.8197751 0.3115748 0.8024716 0.2730525 0.7977917 0.2703773 0.7977917 0.2703773 0.8024716 0.2730525 0.7752079 0.2758247 0.7977917 0.2703773 0.7752079 0.2758247 0.7684823 0.2895331 0.7684823 0.2895331 0.7752079 0.2758247 0.7613559 0.3323098 0.7684823 0.2895331 0.7613559 0.3323098 0.7626424 0.3545044 0.7626424 0.3545044 0.7613559 0.3323098 0.7789224 0.3922368 0.7626424 0.3545044 0.7789224 0.3922368 0.7863727 0.3972785 0.8061763 0.3894898 0.7863727 0.3972785 0.7789224 0.3922368 0.8061763 0.3894898 0.814068 0.3716099 0.7863727 0.3972785 0.8200468 0.332337 0.814068 0.3716099 0.8061763 0.3894898 0.8200468 0.332337 0.8197751 0.3115748 0.814068 0.3716099 0.4663579 0.6306307 0.4712095 0.6646874 0.4536341 0.6054025 0.4536341 0.6054025 0.4377809 0.6008084 0.4663579 0.6306307 0.4377809 0.6008084 0.4536341 0.6054025 0.4263711 0.6081742 0.4377809 0.6008084 0.4263711 0.6081742 0.4154541 0.6309939 0.4154541 0.6309939 0.4263711 0.6081742 0.4125187 0.6646597 0.4154541 0.6309939 0.4125187 0.6646597 0.4137972 0.6868506 0.4137972 0.6868506 0.4125187 0.6646597 0.4300853 0.724587 0.4137972 0.6868506 0.4300853 0.724587 0.4375764 0.7296649 0.4573392 0.7218396 0.4375764 0.7296649 0.4300853 0.724587 0.4573392 0.7218396 0.4652591 0.7038888 0.4375764 0.7296649 0.4712095 0.6646874 0.4652591 0.7038888 0.4573392 0.7218396 0.4712095 0.6646874 0.4663579 0.6306307 0.4652591 0.7038888 0.4709379 0.3139247 0.4712095 0.3346874 0.4536342 0.2754024 0.4709379 0.3139247 0.4536342 0.2754024 0.4489549 0.2727274 0.4489549 0.2727274 0.4536342 0.2754024 0.4263709 0.2781744 0.4489549 0.2727274 0.4263709 0.2781744 0.4196452 0.291883 0.4196452 0.291883 0.4263709 0.2781744 0.4125188 0.3346598 0.4196452 0.291883 0.4125188 0.3346598 0.4138052 0.3568543 0.4138052 0.3568543 0.4125188 0.3346598 0.4300853 0.3945869 0.4138052 0.3568543 0.4300853 0.3945869 0.4375354 0.3996285 0.4573391 0.3918398 0.4375354 0.3996285 0.4300853 0.3945869 0.4573391 0.3918398 0.4652308 0.3739599 0.4375354 0.3996285 0.4712095 0.3346874 0.4652308 0.3739599 0.4573391 0.3918398 0.4712095 0.3346874 0.4709379 0.3139247 0.4652308 0.3739599 0.3976665 0.5410168 0.2489684 0.4908869 0.45307 0.5106966 0.2489684 0.4908869 0.3897081 0.2223008 0.3679592 0.3295448 0.2295648 0.1489238 0.4295533 0.1759098 0.3897081 0.2223008 0.2489684 0.4908869 0.3679592 0.3295448 0.3934556 0.4514898 0.2489684 0.4908869 0.3976665 0.5410168 0.2281641 0.5611836 0.2281641 0.5611836 0.3976665 0.5410168 0.3725721 0.6962339 0.2489684 0.4908869 0.2240116 0.4351174 0.3897081 0.2223008 0.2240116 0.4351174 0.2295648 0.1489238 0.3897081 0.2223008 0.3934556 0.4514898 0.45307 0.5106966 0.2489684 0.4908869 0.4255928 0.8172749 0.9302326 0.85 0.2309862 0.8516184 0.4295533 0.1759098 0.2295648 0.1489238 0.9302326 0.15 0.4295533 0.1759098 0.9302326 0.15 0.4755806 0.1930745 0.8319014 0.2039473 0.9302326 0.15 0.8644527 0.3183403 0.9302326 0.15 0.8319014 0.2039473 0.7701099 0.1795686 0.841519 0.4441671 0.8454999 0.5645959 0.7833309 0.5021706 0.7422928 0.4491397 0.7833309 0.5021706 0.7269307 0.5859688 0.841519 0.4441671 0.8644527 0.3183403 0.9302326 0.15 0.7701099 0.1795686 0.5129919 0.302174 0.4755806 0.1930745 0.7701099 0.1795686 0.4755806 0.1930745 0.9302326 0.15 0.7744538 0.819417 0.4255928 0.8172749 0.7221916 0.7191964 0.7221916 0.7191964 0.4255928 0.8172749 0.4926817 0.7765173 0.4255928 0.8172749 0.7744538 0.819417 0.9302326 0.85 0.9302326 0.85 0.7744538 0.819417 0.8360971 0.7931186 0.9302326 0.85 0.8360971 0.7931186 0.8640285 0.6910793 0.7701099 0.1795686 0.722668 0.2891593 0.5129919 0.302174 0.8454999 0.5645959 0.841519 0.4441671 0.9302326 0.15 0.8454999 0.5645959 0.9302326 0.15 0.8640285 0.6910793 0.8640285 0.6910793 0.9302326 0.15 0.9302326 0.85 0.2281641 0.5611836 0.3725721 0.6962339 0.4255928 0.8172749 0.2281641 0.5611836 0.4255928 0.8172749 0.2309862 0.8516184 0.7422928 0.4491397 0.5156155 0.6506909 0.5001617 0.4327613 0.5001617 0.4327613 0.5156155 0.6506909 0.4976708 0.5572811 0.5001617 0.4327613 0.4976708 0.5572811 0.45307 0.5106966 0.7422928 0.4491397 0.5001617 0.4327613 0.722668 0.2891593 0.722668 0.2891593 0.5001617 0.4327613 0.5129919 0.302174 0.7422928 0.4491397 0.7269307 0.5859688 0.5156155 0.6506909 0.5156155 0.6506909 0.7269307 0.5859688 0.7221916 0.7191964 0.5156155 0.6506909 0.7221916 0.7191964 0.4926817 0.7765173 1 0.6047288 1 0.3442691 1 0.3952782 1 0.6047288 1 0.3952782 1 0.6557424 1 0 1 0.2816013 1 0.3442691 1 0 1 0.2788631 1 0 1 0 1 0.2788631 1 0.2816013 1 1 1 0.7211403 1 1 1 1 1 0.7211403 1 0.7183979 1 0.6581748 1 0.7211403 1 1 1 0 1 0.6581748 1 1 1 0.3442691 1 0.6047288 1 0 1 0 1 0.6047288 1 0.6581748 1 1 1 0.7183979 1 0.6557424 1 0 1 0.3418751 1 0.2788631 1 0.6557424 1 0.3952782 1 1 1 0.3952782 1 0.3418751 1 1 1 1 1 0.3418751 1 0 0.2489678 0.509114 0.3767737 0.3962225 0.2281459 0.4388019 0.2281459 0.4388019 0.3767737 0.3962225 0.3805325 0.2455547 0.3805326 0.5755547 0.432047 0.4980842 0.2489678 0.509114 0.2240136 0.5648802 0.3965005 0.7910329 0.2489678 0.509114 0.2489678 0.509114 0.3965005 0.7910329 0.3686745 0.6900842 0.5035365 0.756778 0.7627771 0.8076224 0.5135484 0.6395806 0.4793178 0.5279392 0.4902653 0.4514898 0.432047 0.4980842 0.2489678 0.509114 0.3686745 0.6900842 0.3805326 0.5755547 0.9302326 0.85 0.8391028 0.7836399 0.7627771 0.8076224 0.432047 0.4980842 0.3767737 0.3962225 0.2489678 0.509114 0.7540704 0.4675948 0.7358955 0.5645959 0.799913 0.5038102 0.8510497 0.4196427 0.799913 0.5038102 0.8585532 0.6228135 0.4581282 0.8172749 0.2299834 0.851311 0.9302326 0.85 0.4581282 0.8172749 0.9302326 0.85 0.7627771 0.8076224 0.4581282 0.8172749 0.7627771 0.8076224 0.5035365 0.756778 0.3965005 0.7910329 0.2240136 0.5648802 0.2299834 0.851311 0.4581282 0.8172749 0.3965005 0.7910329 0.2299834 0.851311 0.7627771 0.8076224 0.717512 0.6922743 0.5135484 0.6395806 0.5135484 0.6395806 0.717512 0.6922743 0.7358955 0.5645959 0.7926416 0.1799616 0.9302326 0.15 0.2309904 0.1489024 0.7926416 0.1799616 0.2309904 0.1489024 0.4438046 0.1823112 0.9302326 0.85 0.8585532 0.6228135 0.8391028 0.7836399 0.5135484 0.6395806 0.7175117 0.3577343 0.4902653 0.4514898 0.7358955 0.5645959 0.7540704 0.4675948 0.5135484 0.6395806 0.5135484 0.6395806 0.7540704 0.4675948 0.7175117 0.3577343 0.4902653 0.4514898 0.4793178 0.5279392 0.5135484 0.6395806 0.9302326 0.15 0.7926416 0.1799616 0.8571922 0.2696869 0.8510497 0.4196427 0.8585532 0.6228135 0.9302326 0.85 0.2309904 0.1489024 0.3805325 0.2455547 0.4438046 0.1823112 0.9302326 0.15 0.8571922 0.2696869 0.9302326 0.85 0.9302326 0.85 0.8571922 0.2696869 0.8510497 0.4196427 0.7175117 0.3577343 0.5098902 0.2915096 0.4902653 0.4514898 0.5098902 0.2915096 0.7175117 0.3577343 0.7293695 0.2432053 0.7926416 0.1799616 0.4438046 0.1823112 0.5098902 0.2915096 0.7926416 0.1799616 0.5098902 0.2915096 0.7293695 0.2432053 0.2281459 0.4388019 0.3805325 0.2455547 0.2309904 0.1489024 0.2314838 0.998667 0.376206 1 0.3178117 1 0.2508092 1 0.3019414 1 0.2232475 0.9974425 0.2232475 0.9974425 0.3019414 1 0.327973 1 0.3019414 1 0.2508092 1 0.3178117 1 0.3178117 1 0.2508092 1 0.2314838 0.998667 0.3820201 1 0.2309411 0.9991078 0.2232475 0.9974425 0.376206 1 0.2314838 0.998667 0.2299833 0.9985337 0.5186222 1 0.442879 1 1 1 1 1 0.442879 1 0.2299833 0.9985337 0.442879 1 0.376206 1 0.2299833 0.9985337 0.3820201 1 0.2232475 0.9974425 0.327973 1 0.3820201 1 0.4408426 1 0.2309411 0.9991078 0.2309411 0.9991078 0.4408426 1 1 1 1 1 0.4408426 1 0.5153644 1 1 1 0.8562857 1 0.917631 1 0.5186222 1 0.7763226 1 0.7250386 1 0.5153644 1 0.7308555 1 0.7896804 1 0.5153644 1 0.7896804 1 1 1 1 1 0.7896804 1 0.8562857 1 1 1 0.917631 1 0.9318372 1 1 1 0.9318372 1 1 1 1 1 0.9318372 1 0.9139761 1 0.5153644 1 0.6674192 1 0.7308555 1 0.7250386 1 0.6637642 1 0.5793592 1 1 1 0.9139761 1 0.8386061 1 0.5186222 1 0.7250386 1 0.5793592 1 0.7763226 1 0.5186222 1 1 1 0.7763226 1 1 1 0.8386061 1 0.6674192 1 0.5153644 1 0.5743828 1 0.6674192 1 0.5743828 1 0.6495581 1 0.6495581 1 0.5743828 1 0.5793592 1 0.6495581 1 0.5793592 1 0.6637642 1 0.5793592 1 0.5819352 0.7109264 0.5832186 0.7285277 0.5649427 0 0.5828842 0.2753682 0.5803886 0.322714 0.5803886 0.322714 0.5819987 0.38206 0.5743828 1 0.5819987 0.38206 0.5806856 0.6446334 0.5743828 1 0.5806856 0.6446334 0.5819352 0.7109264 0.5743828 1 0.5743828 1 0.5819352 0.7109264 0.5793592 1 0.5819987 0.38206 0.5830181 0.6037498 0.5806856 0.6446334 0.5830181 0.6037498 0.5819987 0.38206 0.5832199 0.3985404 0.5793592 1 0.5832186 0.7285277 0.5807754 0.6899027 0.5807754 0.6899027 0.580577 0.6419604 0.5744112 0 0.5830181 0.6037498 0.580733 0.3583841 0.580577 0.6419604 0.580577 0.6419604 0.580733 0.3583841 0.5744112 0 0.5744112 0 0.580733 0.3583841 0.5818594 0.2911417 0.5830181 0.6037498 0.5832199 0.3985404 0.580733 0.3583841 0.5744112 0 0.5818594 0.2911417 0.583 0 0.583 0 0.5818594 0.2911417 0.5828842 0.2753682 0.583 0 0.5828842 0.2753682 0.5649427 0 0.4408426 1 0.4652591 0.7038888 0.5153644 1 0.5153644 1 0.4652591 0.7038888 0.4663579 0.6306307 0.5153644 1 0.4663579 0.6306307 0.4652308 0.3739599 0.4375764 0.7296649 0.4652591 0.7038888 0.4408426 1 0.4137972 0.6868506 0.4375764 0.7296649 0.4408426 1 0.4196452 0.291883 0.4138052 0.3568543 0.4102084 0 0.4138052 0.3568543 0.4154541 0.6309939 0.4137972 0.6868506 0.4138052 0.3568543 0.4137972 0.6868506 0.3820201 1 0.3820201 1 0.4137972 0.6868506 0.4408426 1 0.4375354 0.3996285 0.4377809 0.6008084 0.4138052 0.3568543 0.4138052 0.3568543 0.4377809 0.6008084 0.4154541 0.6309939 0.4663579 0.6306307 0.4377809 0.6008084 0.4652308 0.3739599 0.4652308 0.3739599 0.4377809 0.6008084 0.4375354 0.3996285 0.4408417 0 0.470118 0.3311901 0.5159214 0 0.470118 0.3311901 0.4701181 0.6611874 0.5186222 1 0.5186222 1 0.4701181 0.6611874 0.442879 1 0.442879 1 0.4701181 0.6611874 0.4489707 0.7272436 0.4490287 0.3971946 0.4500709 0.601378 0.4701181 0.6611874 0.4490287 0.3971946 0.4701181 0.6611874 0.470118 0.3311901 0.4500709 0.601378 0.4490287 0.3971946 0.4224863 0.6177656 0.4169877 0.3659447 0.4224863 0.6177656 0.4490287 0.3971946 0.442879 1 0.416954 0.695875 0.376206 1 0.376206 1 0.416954 0.695875 0.4169877 0.3659447 0.416954 0.695875 0.4224863 0.6177656 0.4169877 0.3659447 0.3818178 0 0.4169877 0.3659447 0.4224358 0.2878367 0.4224358 0.2878367 0.4408417 0 0.3818178 0 0.4489707 0.7272436 0.416954 0.695875 0.442879 1 0.4489549 0.2727274 0.4196452 0.291883 0.4102084 0 0.4709379 0.3139247 0.4489549 0.2727274 0.4829868 0 0.4829868 0 0.4489549 0.2727274 0.4102084 0 0.4408417 0 0.4500385 0.2714098 0.470118 0.3311901 0.4408417 0 0.4224358 0.2878367 0.4500385 0.2714098 0.376206 1 0.4169877 0.3659447 0.3818178 0 0.376206 1 0.3818178 0 0.3279731 0 0.376206 1 0.3279731 0 0.3178117 1 0.3178117 1 0.3279731 0 0.3019414 0 0.3178117 1 0.3019414 0 0.3019414 1 0.3019414 1 0.3019414 0 0.3178117 0 0.3019414 1 0.3178117 0 0.327973 1 0.327973 1 0.3178117 0 0.3587352 0 0.327973 1 0.3587352 0 0.3820201 1 0.3820201 1 0.3587352 0 0.4102084 0 0.3820201 1 0.4102084 0 0.4138052 0.3568543 0.4652308 0.3739599 0.4709379 0.3139247 0.5153644 1 0.5153644 1 0.4709379 0.3139247 0.4829868 0 0.5153644 1 0.4829868 0 0.5649427 0 0.5153644 1 0.5649427 0 0.5743828 1 0.5743828 1 0.5649427 0 0.5803886 0.322714 0.5793592 1 0.5807754 0.6899027 0.5744112 0 0.5793592 1 0.5744112 0 0.5186222 1 0.5186222 1 0.5744112 0 0.5159214 0 0.5186222 1 0.5159214 0 0.470118 0.3311901 0.9292773 0.3463972 0.9319249 0.3969204 0.9313811 0.6104196 0.9318372 0 0.9313826 0.2804178 0.9140079 0 0.9140079 0 0.9313826 0.2804178 0.9292773 0.3463972 0.9292773 0.3463972 0.9313811 0.6104196 0.9140079 0 0.9140079 0 0.9313811 0.6104196 0.9292775 0.6763942 0.9292775 0.6763942 0.9319232 0.7269026 0.917631 1 0.917631 1 0.9319232 0.7269026 0.9318372 1 0.9313811 0.6104196 0.9319249 0.3969204 0.9300759 0.3654726 0.9313811 0.6104196 0.9300759 0.3654726 0.9304686 0.6228815 0.9318372 1 0.9319232 0.7269026 0.9300717 0.695342 0.9318372 1 0.9300717 0.695342 0.9139761 1 0.9304686 0.6228815 0.9300759 0.3654726 0.9300717 0.695342 0.9300717 0.695342 0.9300759 0.3654726 0.9139761 1 0.9300759 0.3654726 0.9304683 0.2928942 0.9176307 0 0.6501603 0.6107875 0.6518422 0.3429319 0.6492558 0.399419 0.6495581 0 0.6495373 0.2738126 0.6673875 0 0.6673875 0 0.6495373 0.2738126 0.6518422 0.3429319 0.6518422 0.3429319 0.6501603 0.6107875 0.6518385 0.6729723 0.6518422 0.3429319 0.6518385 0.6729723 0.6673875 0 0.6637642 1 0.6518385 0.6729723 0.6492599 0.7293747 0.6637642 1 0.6492599 0.7293747 0.6495581 1 0.6494666 0.6030104 0.6492558 0.399419 0.6512303 0.3675167 0.6501603 0.6107875 0.6492558 0.399419 0.6494666 0.6030104 0.6512303 0.3675167 0.6521271 0.6511668 0.6494666 0.6030104 0.6495581 1 0.6492599 0.7293747 0.6508067 0.7089107 0.6495581 1 0.6508067 0.7089107 0.6674192 1 0.6674192 1 0.6508067 0.7089107 0.6521271 0.6511668 0.6521271 0.6511668 0.6512303 0.3675167 0.6674192 1 0.6512303 0.3675167 0.6509283 0.2931668 0.6637646 0 0.9176307 0 0.9304683 0.2928942 0.9318372 0 0.9318372 0 0.9304683 0.2928942 0.9313826 0.2804178 0.6637646 0 0.6509283 0.2931668 0.6495581 0 0.6495581 0 0.6509283 0.2931668 0.6495373 0.2738126 0.7896804 1 0.8192821 0.6834706 0.8562857 1 0.8562857 1 0.8192821 0.6834706 0.814068 0.3716099 0.814068 0.3716099 0.8192821 0.6834706 0.8123391 0.6216374 0.7896804 1 0.7989189 0.7307291 0.8192821 0.6834706 0.7896804 1 0.7736341 0.7202563 0.7989189 0.7307291 0.7684823 0.2895331 0.7626424 0.3545044 0.7668489 0 0.7626424 0.3545044 0.762035 0.6560011 0.7308555 1 0.7308555 1 0.762035 0.6560011 0.7736341 0.7202563 0.7308555 1 0.7736341 0.7202563 0.7896804 1 0.7863727 0.3972785 0.7865712 0.6029868 0.7626424 0.3545044 0.7626424 0.3545044 0.7865712 0.6029868 0.762035 0.6560011 0.8123391 0.6216374 0.7865712 0.6029868 0.814068 0.3716099 0.814068 0.3716099 0.7865712 0.6029868 0.7863727 0.3972785 0.8189552 0.3288401 0.8189672 0.6633579 0.8386061 1 0.8386061 1 0.8189672 0.6633579 0.7995109 0.7290001 0.7978658 0.3948446 0.7989665 0.6035876 0.8189672 0.6633579 0.7978658 0.3948446 0.8189672 0.6633579 0.8189552 0.3288401 0.7989665 0.6035876 0.7978658 0.3948446 0.7713295 0.6199303 0.7658249 0.3635949 0.7713295 0.6199303 0.7978658 0.3948446 0.7763226 1 0.7670513 0.7009013 0.7250386 1 0.7250386 1 0.7670513 0.7009013 0.7658249 0.3635949 0.7670513 0.7009013 0.7713295 0.6199303 0.7658249 0.3635949 0.7495738 0 0.7658249 0.3635949 0.771284 0.2854424 0.8386061 1 0.7995109 0.7290001 0.7763226 1 0.7763226 1 0.7995109 0.7290001 0.7670513 0.7009013 0.7977917 0.2703773 0.7684823 0.2895331 0.7668489 0 0.8197751 0.3115748 0.7977917 0.2703773 0.8385152 0 0.8385152 0 0.7977917 0.2703773 0.7668489 0 0.8441796 0 0.7988759 0.2690599 0.8189552 0.3288401 0.7495738 0 0.771284 0.2854424 0.7988759 0.2690599 0.7495738 0 0.7988759 0.2690599 0.8441796 0 0.7250386 1 0.7658249 0.3635949 0.7495738 0 0.7250386 1 0.7495738 0 0.6673875 0 0.7250386 1 0.6673875 0 0.6637642 1 0.6637642 1 0.6673875 0 0.6518385 0.6729723 0.6674192 1 0.6512303 0.3675167 0.6637646 0 0.6674192 1 0.6637646 0 0.7075725 0 0.6674192 1 0.7075725 0 0.7308555 1 0.7308555 1 0.7075725 0 0.7668489 0 0.7308555 1 0.7668489 0 0.7626424 0.3545044 0.814068 0.3716099 0.8197751 0.3115748 0.8562857 1 0.8562857 1 0.8197751 0.3115748 0.8385152 0 0.8562857 1 0.8385152 0 0.9140079 0 0.8562857 1 0.9140079 0 0.917631 1 0.917631 1 0.9140079 0 0.9292775 0.6763942 0.9139761 1 0.9300759 0.3654726 0.9176307 0 0.9139761 1 0.9176307 0 0.8441796 0 0.9139761 1 0.8441796 0 0.8386061 1 0.8386061 1 0.8441796 0 0.8189552 0.3288401 0.2490502 0 0.3587352 0 0.3178117 0 0.3587352 0 0.2490502 0 0.2244918 0.001976311 0.2490502 0 0.3019414 0 0.2232471 0.002558469 0.2232471 0.002558469 0.3019414 0 0.3279731 0 0.3019414 0 0.2490502 0 0.3178117 0 0.3587352 0 0.2244918 0.001976311 0.2298302 0.001533865 1 0 0.4829868 0 0.2298302 0.001533865 0.2298302 0.001533865 0.4829868 0 0.4102084 0 0.2298302 0.001533865 0.4102084 0 0.3587352 0 1 0 0.8385152 0 0.7668489 0 1 0 0.7668489 0 0.4829868 0 0.4829868 0 0.7668489 0 0.5649427 0 1 0 0.9140079 0 0.8385152 0 0.5159214 0 0.7495738 0 1 0 0.7495738 0 0.8441796 0 1 0 0.5649427 0 0.7668489 0 0.7075725 0 1 0 0.9176307 0 0.9318372 0 1 0 0.9318372 0 1 0 1 0 0.9318372 0 0.9140079 0 0.3818178 0 0.4408417 0 0.2190574 0.008619666 0.2190574 0.008619666 0.4408417 0 1 0 1 0 0.4408417 0 0.5159214 0 1 0 0.8441796 0 0.9176307 0 0.7495738 0 0.5159214 0 0.5744112 0 0.7495738 0 0.5744112 0 0.6673875 0 0.7075725 0 0.6637646 0 0.5649427 0 0.3818178 0 0.2190574 0.008619666 0.2232471 0.002558469 0.6673875 0 0.5744112 0 0.6495581 0 0.6495581 0 0.5744112 0 0.583 0 0.6495581 0 0.583 0 0.6637646 0 0.6637646 0 0.583 0 0.5649427 0 0.3818178 0 0.2232471 0.002558469 0.3279731 0 0 0.9413922 0 0.7991628 0 0.7499808 1.33153e-4 0.887211 0 0.9413922 0 0.7499808 0 0.7991628 -3.84749e-5 0.9293467 0 0.7723904 0 0.7991628 0 0.9413922 -3.84749e-5 0.9293467 0 0.05894291 0 0.2008368 0 0.250788 0 0.7499808 0.001389384 0.7839545 1.33153e-4 0.887211 0 0.5009714 0 0.453856 -2.58868e-5 0.652204 0 0.5009714 -2.58868e-5 0.652204 0 0.6032668 0 0.2008368 0.001945793 0.0710147 0 0.2279009 1.3319e-4 0.1127867 0 0.05894291 0 0.250788 0 0.3642487 0 0.453856 0 0.5009714 0 0.3642487 1.33164e-4 0.2758169 0 0.453856 0.001393914 0.1511034 0 0.2279009 0.001945793 0.0710147 0 0.2008368 0 0.05894291 0.001945793 0.0710147 0 0.7723904 -3.84749e-5 0.9293467 0.001394331 0.8488966 0 0.6032668 -2.58868e-5 0.652204 0.001389384 0.7839545 0 0.6032668 0.001389384 0.7839545 0 0.7499808 0 0.2279009 0.001393914 0.1511034 0 0.3642487 0 0.250788 0.001389265 0.2160448 1.3319e-4 0.1127867 0.001389265 0.2160448 0 0.250788 0 0.4417676 0.001389265 0.2160448 0 0.4417676 -3.85145e-5 0.3799046 0 0.4417676 0 0.5683891 -3.85145e-5 0.3799046 0 0.6376833 0 0.5683891 0 0.4417676 0 0.7723904 0.001394331 0.8488966 0 0.6376833 0 0.6376833 1.33158e-4 0.7241822 0 0.5683891 0 0.3642487 0.001393914 0.1511034 1.33164e-4 0.2758169 0 0.6376833 0.001394331 0.8488966 1.33158e-4 0.7241822 0.1193373 0.9540455 0.1726328 0.9634184 0.1368771 0.9247222 0.1193373 0.9540455 0.1368771 0.9247222 0.07439768 0.9171399 0.0982024 0.9707174 0.1925606 0.9913198 0.2232475 0.9974425 0.0982024 0.9707174 0.2232475 0.9974425 0.1726328 0.9634184 0.1347914 0.9648613 0.08456033 0.9663667 0.05502581 0.9594022 0.0982024 0.9707174 0.08456033 0.9663667 0.2002494 0.99283 0.2002494 0.99283 0.08456033 0.9663667 0.1347914 0.9648613 0.054273 0.9593086 0.07888096 0.9646164 -3.84749e-5 0.9293467 -3.84749e-5 0.9293467 0.0402435 0.9582366 0.054273 0.9593086 0 0.9413922 0.05502581 0.9594022 0.0402435 0.9582366 0 0.9413922 0.0402435 0.9582366 -3.84749e-5 0.9293467 0.1347914 0.9648613 0.05502581 0.9594022 0 0.9413922 0.136137 0.9261949 0.08310329 0.9154693 0.05663573 0.8552179 0.001389384 0.7839545 0.05663573 0.8552179 1.33153e-4 0.887211 0.08310329 0.9154693 1.33153e-4 0.887211 0.05663573 0.8552179 0.1347914 0.9648613 1.33153e-4 0.887211 0.08310329 0.9154693 0.1347914 0.9648613 0 0.9413922 1.33153e-4 0.887211 0.1726328 0.9634184 0.1193373 0.9540455 0.07888096 0.9646164 0.07888096 0.9646164 0.1193373 0.9540455 -3.84749e-5 0.9293467 0.05663615 0.8599893 0.001394331 0.8488966 0.07439768 0.9171399 -3.84749e-5 0.9293467 0.07439768 0.9171399 0.001394331 0.8488966 0.2309411 0.9991078 0.1726328 0.9634184 0.2232475 0.9974425 0.1726328 0.9634184 0.07888096 0.9646164 0.0982024 0.9707174 0.07439768 0.9171399 -3.84749e-5 0.9293467 0.1193373 0.9540455 0.2002494 0.99283 0.2299833 0.9985337 0.2314838 0.998667 0.2002494 0.99283 0.1347914 0.9648613 0.2299833 0.9985337 0.2299833 0.9985337 0.1347914 0.9648613 0.136137 0.9261949 0.1347914 0.9648613 0.08310329 0.9154693 0.136137 0.9261949 0.1368771 0.9247222 0.05663615 0.8599893 0.07439768 0.9171399 0.1925606 0.9913198 0.0982024 0.9707174 0.2002494 0.99283 0.1347931 0.7218475 0.08454215 0.5546637 0.05236536 0.5526091 0.09820193 0.48618 0.08454215 0.5546637 0.1960195 0.5325213 0.1960195 0.5325213 0.08454215 0.5546637 0.1347931 0.7218475 0.04979526 0.4538616 0.07868051 0.4374423 -3.85145e-5 0.3799046 0.05236536 0.5526091 0.03905308 0.5078573 0 0.5683891 0 0.5683891 0.03905308 0.5078573 -3.85145e-5 0.3799046 -3.85145e-5 0.3799046 0.03905308 0.5078573 0.04979526 0.4538616 0.1347931 0.7218475 0.05236536 0.5526091 0 0.5683891 0.119337 0.2544811 0.1726331 0.1444523 0.1368771 0.07476216 0.119337 0.2544811 0.1368771 0.07476216 0.07439637 0.2167903 0.2309904 0.1489024 0.1726331 0.1444523 0.2281459 0.4388019 0.09820193 0.48618 0.1960195 0.5325213 0.1977654 0.4588968 0.09820193 0.48618 0.1977654 0.4588968 0.1726331 0.1444523 0.1726331 0.1444523 0.1977654 0.4588968 0.2281459 0.4388019 0.1368771 0.9247222 0.08310282 0.8057018 0.05663615 0.8599893 0.001394331 0.8488966 0.05663615 0.8599893 1.33158e-4 0.7241822 0.08310282 0.8057018 1.33158e-4 0.7241822 0.05663615 0.8599893 0.1347931 0.7218475 1.33158e-4 0.7241822 0.08310282 0.8057018 0.1347931 0.7218475 0 0.5683891 1.33158e-4 0.7241822 0.1726331 0.1444523 0.119337 0.2544811 0.07868051 0.4374423 0.07868051 0.4374423 0.119337 0.2544811 -3.85145e-5 0.3799046 0.05663567 0.1447811 0.001389265 0.2160448 0.07439637 0.2167903 -3.85145e-5 0.3799046 0.07439637 0.2167903 0.001389265 0.2160448 0.1726331 0.1444523 0.07868051 0.4374423 0.09820193 0.48618 0.07439637 0.2167903 -3.85145e-5 0.3799046 0.119337 0.2544811 0.1960195 0.5325213 0.2299834 0.851311 0.2240136 0.5648802 0.1960195 0.5325213 0.1347931 0.7218475 0.2299834 0.851311 0.2299834 0.851311 0.1347931 0.7218475 0.1368771 0.9247222 0.1347931 0.7218475 0.08310282 0.8057018 0.1368771 0.9247222 0.1368771 0.07476216 0.05663567 0.1447811 0.07439637 0.2167903 0 0.453856 0.04693806 0.4580549 0.04126131 0.5207886 0.04693806 0.4580549 0 0.453856 0.06942665 0.433639 0.2309862 0.8516184 0.09824109 0.5272281 0.2281641 0.5611836 0.09473401 0.4675251 0.1959135 0.4678884 0.09824109 0.5272281 0.09824109 0.5272281 0.1959135 0.4678884 0.1977736 0.5411315 0.09824109 0.5272281 0.1977736 0.5411315 0.2281641 0.5611836 0.1423469 0.7825565 0.136137 0.9261949 0.0743969 0.7832095 0.1368771 0.07527774 0.07592582 0.1971699 0.05663579 0.1400124 0.001393914 0.1511034 0.05663579 0.1400124 1.33164e-4 0.2758169 0.07592582 0.1971699 1.33164e-4 0.2758169 0.05663579 0.1400124 0.1330907 0.2534251 0 0.453856 1.33164e-4 0.2758169 0 0.453856 0.04126131 0.5207886 0.05788385 0.5613438 0 0.453856 0.05788385 0.5613438 -2.58868e-5 0.652204 -2.58868e-5 0.652204 0.05788385 0.5613438 0.07986086 0.5655341 0.05663573 0.8552179 0.001389384 0.7839545 0.0743969 0.7832095 -2.58868e-5 0.652204 0.0743969 0.7832095 0.001389384 0.7839545 0.0743969 0.7832095 0.07986086 0.5655341 0.1423469 0.7825565 0.0743969 0.7832095 -2.58868e-5 0.652204 0.07986086 0.5655341 0.1423469 0.7825565 0.07986086 0.5655341 0.09824109 0.5272281 0.1423469 0.7825565 0.09824109 0.5272281 0.2309862 0.8516184 0.1423469 0.7825565 0.2309862 0.8516184 0.136137 0.9261949 0.1959135 0.4678884 0.2295648 0.1489238 0.2240116 0.4351174 0.2295648 0.1489238 0.1959135 0.4678884 0.1330907 0.2534251 0.2295648 0.1489238 0.1330907 0.2534251 0.1368771 0.07527774 0.1330907 0.2534251 0.06942665 0.433639 0 0.453856 0.1959135 0.4678884 0.06942665 0.433639 0.1330907 0.2534251 0.1330907 0.2534251 0.07592582 0.1971699 0.1368771 0.07527774 0.07592582 0.1971699 0.1330907 0.2534251 1.33164e-4 0.2758169 0.136137 0.9261949 0.05663573 0.8552179 0.0743969 0.7832095 0.1959135 0.4678884 0.09473401 0.4675251 0.06942665 0.433639 0.09898841 0.02901178 0.1925582 0.008680701 0.08154547 0.03467351 0.08154547 0.03467351 0.1925582 0.008680701 0.2232471 0.002558469 0.2002309 0.007172942 0.1925582 0.008680701 0.09898841 0.02901178 0.1214779 0.0468989 0.2190574 0.008619666 0.1368771 0.07527774 0.1214779 0.0468989 0.1368771 0.07527774 0.07439744 0.08285987 0.05774021 0.04024827 0.08154547 0.03467351 0.001945793 0.0710147 0 0.05894291 0.04128128 0.04172939 0.001945793 0.0710147 0 0.05894291 0.04693752 0.04141074 0.04128128 0.04172939 0.04693752 0.04141074 0 0.05894291 0.0873599 0.0511139 0.0873599 0.0511139 0.07818031 0.0354228 0.04693752 0.04141074 0.09898841 0.02901178 0.07818031 0.0354228 0.0873599 0.0511139 0.1368771 0.07476216 0.07592743 0.08845686 0.05663567 0.1447811 0.001389265 0.2160448 0.05663567 0.1447811 1.3319e-4 0.1127867 0.07592743 0.08845686 1.3319e-4 0.1127867 0.05663567 0.1447811 0.0873599 0.0511139 0 0.05894291 1.3319e-4 0.1127867 0.1214779 0.0468989 0.001945793 0.0710147 0.08154547 0.03467351 0.001945793 0.0710147 0.04128128 0.04172939 0.05774021 0.04024827 0.05663579 0.1400124 0.001393914 0.1511034 0.07439744 0.08285987 0.001945793 0.0710147 0.07439744 0.08285987 0.001393914 0.1511034 0.2190574 0.008619666 0.1214779 0.0468989 0.2232471 0.002558469 0.2232471 0.002558469 0.1214779 0.0468989 0.08154547 0.03467351 0.07439744 0.08285987 0.001945793 0.0710147 0.1214779 0.0468989 0.2002309 0.007172942 0.2298302 0.001533865 0.2244918 0.001976311 0.2298302 0.001533865 0.2002309 0.007172942 0.1638909 0.02937698 0.2298302 0.001533865 0.1638909 0.02937698 0.1368771 0.07476216 0.2002309 0.007172942 0.0873599 0.0511139 0.1638909 0.02937698 0.1638909 0.02937698 0.07592743 0.08845686 0.1368771 0.07476216 0.07592743 0.08845686 0.1638909 0.02937698 0.0873599 0.0511139 0.07592743 0.08845686 0.0873599 0.0511139 1.3319e-4 0.1127867 0.1368771 0.07527774 0.05663579 0.1400124 0.07439744 0.08285987 0.2002309 0.007172942 0.09898841 0.02901178 0.0873599 0.0511139 0.2497217 0.4843738 0.2398049 0.5498059 0.2790698 0.4989194 0.03897613 0.4977283 0.04961866 0.5478152 0 0.4417676 0.05221688 0.7974752 0.07914328 0.7961979 0 0.7499808 0 0.7991628 0.05221688 0.7974752 0 0.7499808 0 0.7499808 0.07914328 0.7961979 0.2133272 0.7963642 0.2790698 0.7719827 0.2133272 0.7963642 0.2452381 0.799677 0.2790698 0.7719827 0.2452381 0.799677 0.2790698 0.7991679 0.2133272 0.7963642 0.07914328 0.7961979 0.09800702 0.8011197 0.2133272 0.7963642 0.09800702 0.8011197 0.1908871 0.8018748 0.1908871 0.8018748 0.09800702 0.8011197 0.1969515 0.7995133 0.2790698 0.7991679 0.2253787 0.7960167 0.2790698 0.7490887 0.1969515 0.7995133 0.09800702 0.8011197 0.06664085 0.7962946 0.1969515 0.7995133 0.06664085 0.7962946 0.2253787 0.7960167 0.2253787 0.7960167 0.06664085 0.7962946 0 0.7723904 0 0.7723904 0.06664085 0.7962946 0 0.7991628 0.2790698 0.7991679 0.2505008 0.8016678 0.2253787 0.7960167 0.2790698 0.7991679 0.2452381 0.799677 0.2505008 0.8016678 0.2790698 0.2008323 0.2263576 0.20384 0.2503783 0.1983892 0 0.250788 0.04671001 0.2005785 0.07953476 0.2037434 0 0.2008368 0.04671001 0.2005785 0 0.250788 0.07953476 0.2037434 0.2263576 0.20384 0.2790698 0.2277176 0.2790698 0.2277176 0.2263576 0.20384 0.2790698 0.2008323 0.09928894 0.1983584 0.1971324 0.2002881 0.1970005 0.2005162 0.09928894 0.1983584 0.1970005 0.2005162 0.07953476 0.2037434 0.07953476 0.2037434 0.1970005 0.2005162 0.2263576 0.20384 0.1971324 0.2002881 0.09928894 0.1983584 0.07569378 0.2038637 0.2790698 0.2008323 0.2297758 0.2039029 0.2790698 0.2501323 0.2790698 0.2501323 0.2297758 0.2039029 0.07569378 0.2038637 0.2297758 0.2039029 0.1971324 0.2002881 0.07569378 0.2038637 0 0.2279009 0.07569378 0.2038637 0.0449807 0.2001504 0 0.2279009 0.0449807 0.2001504 0 0.2008368 0.2790698 0.2008323 0.2503783 0.1983892 0.2297758 0.2039029 0 0.7991628 0.04024654 0.801641 0.05221688 0.7974752 0 0.7991628 0.06664085 0.7962946 0.04024654 0.801641 0 0.2008368 0.0449807 0.2001504 0.04671001 0.2005785 0.2790698 0.4989194 0.2398049 0.5498059 0.2790698 0.6379876 0.2790698 0.6379876 0.2398049 0.5498059 0.2064557 0.5540362 0.2064557 0.5540362 0.08864378 0.5500379 0.05527526 0.553883 0.2064557 0.5540362 0.05527526 0.553883 0 0.6032668 0.05527526 0.553883 0 0.5009714 0 0.6032668 0.08864378 0.5500379 0.2064557 0.5540362 0.1908477 0.4923294 0.08864378 0.5500379 0.1908477 0.4923294 0.09788113 0.4810477 0.2037644 0.4449278 0.06506818 0.4396981 0.09788113 0.4810477 0.2037644 0.4449278 0.09788113 0.4810477 0.1908477 0.4923294 0.2037644 0.4449278 0.2274487 0.4358678 0 0.3642487 0.06506818 0.4396981 0.2037644 0.4449278 0 0.3642487 0 0.5009714 0.03974592 0.4919143 0 0.3642487 0 0.3642487 0.03974592 0.4919143 0.06506818 0.4396981 0.05527526 0.553883 0.03974592 0.4919143 0 0.5009714 0 0.4417676 0.04961866 0.5478152 0 0.6376833 0 0.6376833 0.04961866 0.5478152 0.08313572 0.5547404 0.08313572 0.5547404 0.1986818 0.5409082 0.2274732 0.5641118 0.08313572 0.5547404 0.2274732 0.5641118 0.2790698 0.6043208 0.2497361 0.5156056 0.2790698 0.5009535 0.2790698 0.6043208 0.2497361 0.5156056 0.2790698 0.6043208 0.2274732 0.5641118 0.2398104 0.4502116 0.2139288 0.4359664 0.2790698 0.363619 0.2139288 0.4359664 0.09810745 0.4830376 0.2790698 0.363619 0.2790698 0.363619 0.09810745 0.4830376 0.07533735 0.4355348 0.07533735 0.4355348 0.05003207 0.451021 0 0.4417676 0 0.4417676 0.05003207 0.451021 0.03897613 0.4977283 0.1986818 0.5409082 0.08313572 0.5547404 0.09810745 0.4830376 0.09810745 0.4830376 0.2139288 0.4359664 0.1933144 0.4735946 0.09810745 0.4830376 0.1933144 0.4735946 0.1986818 0.5409082 0.2274487 0.4358678 0.2497217 0.4843738 0.2790698 0.3943021 0.2790698 0.3943021 0.2497217 0.4843738 0.2790698 0.4989194 0.2790698 0.5009535 0.2497361 0.5156056 0.2398104 0.4502116 0.2790698 0.5009535 0.2398104 0.4502116 0.2790698 0.363619 0.2790698 0.2501323 0.07569378 0.2038637 0 0.2279009 0.2790698 0.2501323 0 0.2279009 0 0.3642487 0.2790698 0.2501323 0 0.3642487 0.2790698 0.3943021 0.2790698 0.3943021 0 0.3642487 0.2274487 0.4358678 0.2790698 0.6379876 0.2064557 0.5540362 0 0.6032668 0.2790698 0.6379876 0 0.6032668 0 0.7499808 0.2790698 0.6379876 0 0.7499808 0.2790698 0.7719827 0.2790698 0.7719827 0 0.7499808 0.2133272 0.7963642 0.2790698 0.7490887 0.2253787 0.7960167 0 0.7723904 0.2790698 0.7490887 0 0.7723904 0 0.6376833 0.2790698 0.7490887 0 0.6376833 0.2790698 0.6043208 0.2790698 0.6043208 0 0.6376833 0.08313572 0.5547404 0.2790698 0.363619 0.07533735 0.4355348 0 0.4417676 0.2790698 0.363619 0 0.4417676 0 0.250788 0.2790698 0.363619 0 0.250788 0.2790698 0.2277176 0.2790698 0.2277176 0 0.250788 0.07953476 0.2037434 0.2790698 0.7991679 0.2790698 0.2277176 0.2790698 0.2008323 0.2790698 0.7991679 0.2790698 0.363619 0.2790698 0.2277176 0.2790698 0.7991679 0.2790698 0.5009535 0.2790698 0.363619 0.2790698 0.7490887 0.2790698 0.6043208 0.2790698 0.7991679 0.2790698 0.7991679 0.2790698 0.6043208 0.2790698 0.5009535 0.2790698 0.6379876 0.2790698 0.7719827 0.2790698 0.7991679 0.2790698 0.3943021 0.2790698 0.4989194 0.2790698 0.7991679 0.2790698 0.7991679 0.2790698 0.4989194 0.2790698 0.6379876 0.2790698 0.7991679 0.2790698 0.2501323 0.2790698 0.3943021 0.2790698 0.2008323 0.2790698 0.2501323 0.2790698 0.7991679 0.1925606 0.9913198 0.2002494 0.99283 0.1908871 0.8018748 0.2133272 0.7963642 0.2002494 0.99283 0.2314838 0.998667 0.2002494 0.99283 0.2133272 0.7963642 0.1908871 0.8018748 0.1969515 0.7995133 0.1925606 0.9913198 0.1908871 0.8018748 0.2253787 0.7960167 0.2232475 0.9974425 0.1969515 0.7995133 0.1969515 0.7995133 0.2232475 0.9974425 0.1925606 0.9913198 0.2133272 0.7963642 0.2314838 0.998667 0.2452381 0.799677 0.2508092 1 0.2452381 0.799677 0.2314838 0.998667 0.2452381 0.799677 0.2508092 1 0.2505008 0.8016678 0.2505008 0.8016678 0.2508092 1 0.2232475 0.9974425 0.2505008 0.8016678 0.2232475 0.9974425 0.2253787 0.7960167 0.2232471 0.002558469 0.2503783 0.1983892 0.2490502 0 0.2232471 0.002558469 0.2297758 0.2039029 0.2503783 0.1983892 0.2297758 0.2039029 0.2232471 0.002558469 0.1971324 0.2002881 0.1971324 0.2002881 0.2232471 0.002558469 0.1925582 0.008680701 0.1925582 0.008680701 0.1970005 0.2005162 0.1971324 0.2002881 0.1970005 0.2005162 0.1925582 0.008680701 0.2002309 0.007172942 0.1970005 0.2005162 0.2002309 0.007172942 0.2263576 0.20384 0.2002309 0.007172942 0.2244918 0.001976311 0.2263576 0.20384 0.2263576 0.20384 0.2244918 0.001976311 0.2490502 0 0.2263576 0.20384 0.2490502 0 0.2503783 0.1983892 0.08456033 0.9663667 0.09800702 0.8011197 0.07914328 0.7961979 0.09800702 0.8011197 0.08456033 0.9663667 0.0982024 0.9707174 0.09800702 0.8011197 0.0982024 0.9707174 0.07888096 0.9646164 0.09800702 0.8011197 0.07888096 0.9646164 0.06664085 0.7962946 0.06664085 0.7962946 0.07888096 0.9646164 0.054273 0.9593086 0.06664085 0.7962946 0.054273 0.9593086 0.04024654 0.801641 0.04024654 0.801641 0.054273 0.9593086 0.0402435 0.9582366 0.0402435 0.9582366 0.05221688 0.7974752 0.04024654 0.801641 0.0402435 0.9582366 0.05502581 0.9594022 0.05221688 0.7974752 0.05221688 0.7974752 0.05502581 0.9594022 0.07914328 0.7961979 0.05502581 0.9594022 0.08456033 0.9663667 0.07914328 0.7961979 0.08154547 0.03467351 0.07569378 0.2038637 0.09898841 0.02901178 0.09898841 0.02901178 0.07569378 0.2038637 0.09928894 0.1983584 0.07569378 0.2038637 0.08154547 0.03467351 0.05774021 0.04024827 0.07569378 0.2038637 0.05774021 0.04024827 0.0449807 0.2001504 0.05774021 0.04024827 0.04128128 0.04172939 0.0449807 0.2001504 0.04128128 0.04172939 0.04671001 0.2005785 0.0449807 0.2001504 0.04671001 0.2005785 0.04128128 0.04172939 0.04693752 0.04141074 0.04693752 0.04141074 0.07818031 0.0354228 0.04671001 0.2005785 0.04671001 0.2005785 0.07818031 0.0354228 0.07953476 0.2037434 0.09898841 0.02901178 0.09928894 0.1983584 0.07818031 0.0354228 0.07818031 0.0354228 0.09928894 0.1983584 0.07953476 0.2037434 0.05788385 0.5613438 0.04126131 0.5207886 0.05527526 0.553883 0.05527526 0.553883 0.04126131 0.5207886 0.03974592 0.4919143 0.03974592 0.4919143 0.04126131 0.5207886 0.04693806 0.4580549 0.03974592 0.4919143 0.04693806 0.4580549 0.06506818 0.4396981 0.04693806 0.4580549 0.06942665 0.433639 0.06506818 0.4396981 0.06506818 0.4396981 0.06942665 0.433639 0.09473401 0.4675251 0.06506818 0.4396981 0.09473401 0.4675251 0.09788113 0.4810477 0.09788113 0.4810477 0.09473401 0.4675251 0.09824109 0.5272281 0.07986086 0.5655341 0.08864378 0.5500379 0.09824109 0.5272281 0.09824109 0.5272281 0.08864378 0.5500379 0.09788113 0.4810477 0.08864378 0.5500379 0.07986086 0.5655341 0.05527526 0.553883 0.05527526 0.553883 0.07986086 0.5655341 0.05788385 0.5613438 0.08313572 0.5547404 0.08454215 0.5546637 0.09820193 0.48618 0.08313572 0.5547404 0.09820193 0.48618 0.09810745 0.4830376 0.07868051 0.4374423 0.07533735 0.4355348 0.09810745 0.4830376 0.07868051 0.4374423 0.09810745 0.4830376 0.09820193 0.48618 0.07533735 0.4355348 0.07868051 0.4374423 0.04979526 0.4538616 0.07533735 0.4355348 0.04979526 0.4538616 0.05003207 0.451021 0.05003207 0.451021 0.04979526 0.4538616 0.03897613 0.4977283 0.03897613 0.4977283 0.04979526 0.4538616 0.03905308 0.5078573 0.03897613 0.4977283 0.03905308 0.5078573 0.04961866 0.5478152 0.04961866 0.5478152 0.03905308 0.5078573 0.05236536 0.5526091 0.04961866 0.5478152 0.05236536 0.5526091 0.08313572 0.5547404 0.05236536 0.5526091 0.08454215 0.5546637 0.08313572 0.5547404 0.2064557 0.5540362 0.1977736 0.5411315 0.1908477 0.4923294 0.1908477 0.4923294 0.1977736 0.5411315 0.1959135 0.4678884 0.1959135 0.4678884 0.2037644 0.4449278 0.1908477 0.4923294 0.1959135 0.4678884 0.2240116 0.4351174 0.2037644 0.4449278 0.2037644 0.4449278 0.2240116 0.4351174 0.2274487 0.4358678 0.2274487 0.4358678 0.2240116 0.4351174 0.2489684 0.4908869 0.2274487 0.4358678 0.2489684 0.4908869 0.2497217 0.4843738 0.2281641 0.5611836 0.2398049 0.5498059 0.2489684 0.4908869 0.2489684 0.4908869 0.2398049 0.5498059 0.2497217 0.4843738 0.2398049 0.5498059 0.2281641 0.5611836 0.2064557 0.5540362 0.2064557 0.5540362 0.2281641 0.5611836 0.1977736 0.5411315 0.2274732 0.5641118 0.2240136 0.5648802 0.2489678 0.509114 0.2274732 0.5641118 0.2489678 0.509114 0.2497361 0.5156056 0.2281459 0.4388019 0.2398104 0.4502116 0.2489678 0.509114 0.2489678 0.509114 0.2398104 0.4502116 0.2497361 0.5156056 0.2398104 0.4502116 0.2281459 0.4388019 0.2139288 0.4359664 0.1977654 0.4588968 0.1933144 0.4735946 0.2139288 0.4359664 0.1977654 0.4588968 0.2139288 0.4359664 0.2281459 0.4388019 0.1933144 0.4735946 0.1977654 0.4588968 0.1960195 0.5325213 0.1933144 0.4735946 0.1960195 0.5325213 0.1986818 0.5409082 0.1960195 0.5325213 0.2240136 0.5648802 0.1986818 0.5409082 0.1986818 0.5409082 0.2240136 0.5648802 0.2274732 0.5641118 0.9300717 0.695342 1 0.7211403 1 0.6581748 0.9300717 0.695342 1 0.6581748 0.9304686 0.6228815 0.9304686 0.6228815 1 0.6581748 1 0.6047288 1 0.6047288 0.9313811 0.6104196 0.9304686 0.6228815 0.9313811 0.6104196 1 0.6047288 1 0.6557424 0.9313811 0.6104196 1 0.6557424 0.9292775 0.6763942 0.9292775 0.6763942 1 0.6557424 1 0.7183979 0.9292775 0.6763942 1 0.7183979 0.9319232 0.7269026 1 0.7211403 0.9319232 0.7269026 1 0.7183979 0.9300717 0.695342 0.9319232 0.7269026 1 0.7211403 0.6508067 0.7089107 0.5819352 0.7109264 0.6521271 0.6511668 0.6521271 0.6511668 0.5819352 0.7109264 0.5806856 0.6446334 0.5830181 0.6037498 0.6494666 0.6030104 0.5806856 0.6446334 0.5806856 0.6446334 0.6494666 0.6030104 0.6521271 0.6511668 0.6494666 0.6030104 0.5830181 0.6037498 0.6501603 0.6107875 0.6501603 0.6107875 0.5830181 0.6037498 0.580577 0.6419604 0.6501603 0.6107875 0.580577 0.6419604 0.6518385 0.6729723 0.580577 0.6419604 0.5807754 0.6899027 0.6518385 0.6729723 0.5832186 0.7285277 0.6492599 0.7293747 0.6518385 0.6729723 0.5832186 0.7285277 0.6518385 0.6729723 0.5807754 0.6899027 0.6492599 0.7293747 0.5832186 0.7285277 0.5819352 0.7109264 0.6492599 0.7293747 0.5819352 0.7109264 0.6508067 0.7089107 0.9300759 0.3654726 1 0.3952782 1 0.3442691 0.9300759 0.3654726 1 0.3442691 0.9304683 0.2928942 0.9304683 0.2928942 1 0.3442691 1 0.2816013 1 0.2788631 0.9313826 0.2804178 1 0.2816013 1 0.2816013 0.9313826 0.2804178 0.9304683 0.2928942 0.9313826 0.2804178 1 0.2788631 1 0.3418751 0.9313826 0.2804178 1 0.3418751 0.9292773 0.3463972 0.9292773 0.3463972 1 0.3418751 1 0.3952782 0.9292773 0.3463972 1 0.3952782 0.9319249 0.3969204 0.9300759 0.3654726 0.9319249 0.3969204 1 0.3952782 0.6512303 0.3675167 0.5819987 0.38206 0.5803886 0.322714 0.6512303 0.3675167 0.5803886 0.322714 0.6509283 0.2931668 0.5828842 0.2753682 0.6509283 0.2931668 0.5803886 0.322714 0.6509283 0.2931668 0.5828842 0.2753682 0.6495373 0.2738126 0.6495373 0.2738126 0.5828842 0.2753682 0.5818594 0.2911417 0.6495373 0.2738126 0.5818594 0.2911417 0.6518422 0.3429319 0.6518422 0.3429319 0.5818594 0.2911417 0.580733 0.3583841 0.5832199 0.3985404 0.6492558 0.399419 0.6518422 0.3429319 0.5832199 0.3985404 0.6518422 0.3429319 0.580733 0.3583841 0.6492558 0.399419 0.5832199 0.3985404 0.5819987 0.38206 0.6492558 0.399419 0.5819987 0.38206 0.6512303 0.3675167 1 0 0.9302326 0.15 0.2190574 0.008619666 0.2190574 0.008619666 0.9302326 0.15 0.2295648 0.1489238 0.2190574 0.008619666 0.2295648 0.1489238 0.1368771 0.07527774 1 1 0.9302326 0.85 1 0 1 0 0.9302326 0.85 0.9302326 0.15 0.9302326 0.85 1 1 0.2309862 0.8516184 0.2309862 0.8516184 1 1 0.2299833 0.9985337 0.2309862 0.8516184 0.2299833 0.9985337 0.136137 0.9261949 0.9302326 0.15 1 0 0.2309904 0.1489024 0.2309904 0.1489024 1 0 0.2298302 0.001533865 0.2309904 0.1489024 0.1368771 0.07476216 0.1726331 0.1444523 0.2309904 0.1489024 0.2298302 0.001533865 0.1368771 0.07476216 0.9302326 0.85 1 1 0.9302326 0.15 0.9302326 0.15 1 1 1 0 1 1 0.9302326 0.85 0.2309411 0.9991078 0.2309411 0.9991078 0.9302326 0.85 0.2299834 0.851311 0.2309411 0.9991078 0.1368771 0.9247222 0.1726328 0.9634184 0.2309411 0.9991078 0.2299834 0.851311 0.1368771 0.9247222 0.4125188 0.3346598 0.3686745 0.3099154 0.3805326 0.4244453 0.4125188 0.3346598 0.3805326 0.4244453 0.4300853 0.3945869 0.4300853 0.3945869 0.3805326 0.4244453 0.4438048 0.4876887 0.4300853 0.3945869 0.4438048 0.4876887 0.4573391 0.3918398 0.4573391 0.3918398 0.4438048 0.4876887 0.5098903 0.3784902 0.4573391 0.3918398 0.5098903 0.3784902 0.4712095 0.3346874 0.4712095 0.3346874 0.5098903 0.3784902 0.5035364 0.2432218 0.4712095 0.3346874 0.5035364 0.2432218 0.4536342 0.2754024 0.4536342 0.2754024 0.5035364 0.2432218 0.458128 0.1827251 0.4536342 0.2754024 0.458128 0.1827251 0.4263709 0.2781744 0.4263709 0.2781744 0.458128 0.1827251 0.3965005 0.2089672 0.4263709 0.2781744 0.3965005 0.2089672 0.4125188 0.3346598 0.4125188 0.3346598 0.3965005 0.2089672 0.3686745 0.3099154 0.5098903 0.3784902 0.5098902 0.2915096 0.5035364 0.2432218 0.5035364 0.2432218 0.5098902 0.2915096 0.458128 0.1827251 0.458128 0.1827251 0.5098902 0.2915096 0.4438046 0.1823112 0.458128 0.1827251 0.4438046 0.1823112 0.3965005 0.2089672 0.3965005 0.2089672 0.4438046 0.1823112 0.3805325 0.2455547 0.3965005 0.2089672 0.3805325 0.2455547 0.3686745 0.3099154 0.3686745 0.3099154 0.3805325 0.2455547 0.3767737 0.3962225 0.3686745 0.3099154 0.3767737 0.3962225 0.3805326 0.4244453 0.3805326 0.4244453 0.3767737 0.3962225 0.4438048 0.4876887 0.4438048 0.4876887 0.3767737 0.3962225 0.432047 0.4980842 0.4438048 0.4876887 0.432047 0.4980842 0.4902653 0.4514898 0.4438048 0.4876887 0.4902653 0.4514898 0.5098903 0.3784902 0.5098903 0.3784902 0.4902653 0.4514898 0.5098902 0.2915096 0.4125187 0.6646597 0.3686745 0.6399155 0.3805326 0.7544453 0.4125187 0.6646597 0.3805326 0.7544453 0.4300853 0.724587 0.4300853 0.724587 0.3805326 0.7544453 0.4438046 0.8176887 0.4300853 0.724587 0.4438046 0.8176887 0.4573392 0.7218396 0.4573392 0.7218396 0.4438046 0.8176887 0.5098902 0.7084905 0.4573392 0.7218396 0.5098902 0.7084905 0.4712095 0.6646874 0.4712095 0.6646874 0.5098902 0.7084905 0.5035362 0.5732215 0.4712095 0.6646874 0.5035362 0.5732215 0.4536341 0.6054025 0.4536341 0.6054025 0.5035362 0.5732215 0.4581282 0.5127253 0.4536341 0.6054025 0.4581282 0.5127253 0.4263711 0.6081742 0.4263711 0.6081742 0.4581282 0.5127253 0.3965005 0.5389671 0.4263711 0.6081742 0.3965005 0.5389671 0.4125187 0.6646597 0.4125187 0.6646597 0.3965005 0.5389671 0.3686745 0.6399155 0.5098902 0.7084905 0.5135484 0.6395806 0.5035362 0.5732215 0.5035362 0.5732215 0.5135484 0.6395806 0.4793178 0.5279392 0.5035362 0.5732215 0.4793178 0.5279392 0.4581282 0.5127253 0.4581282 0.5127253 0.4793178 0.5279392 0.432047 0.4980842 0.4581282 0.5127253 0.432047 0.4980842 0.3965005 0.5389671 0.3965005 0.5389671 0.432047 0.4980842 0.3805326 0.5755547 0.3965005 0.5389671 0.3805326 0.5755547 0.3686745 0.6399155 0.3686745 0.6399155 0.3805326 0.5755547 0.3686745 0.6900842 0.3686745 0.6399155 0.3686745 0.6900842 0.3805326 0.7544453 0.3805326 0.7544453 0.3686745 0.6900842 0.3965005 0.7910329 0.3805326 0.7544453 0.3965005 0.7910329 0.4438046 0.8176887 0.4438046 0.8176887 0.3965005 0.7910329 0.4581282 0.8172749 0.4438046 0.8176887 0.4581282 0.8172749 0.5098902 0.7084905 0.5098902 0.7084905 0.4581282 0.8172749 0.5035365 0.756778 0.5098902 0.7084905 0.5035365 0.756778 0.5135484 0.6395806 0.7453383 0.2066162 0.7175118 0.3075649 0.7613559 0.3323098 0.7613559 0.3323098 0.7175118 0.3075649 0.7293696 0.422095 0.7613559 0.3323098 0.7293696 0.422095 0.7789224 0.3922368 0.7789224 0.3922368 0.7293696 0.422095 0.7926419 0.4853387 0.7789224 0.3922368 0.7926419 0.4853387 0.8061763 0.3894898 0.8061763 0.3894898 0.7926419 0.4853387 0.8587276 0.3761402 0.8061763 0.3894898 0.8587276 0.3761402 0.8200468 0.332337 0.8200468 0.332337 0.8587276 0.3761402 0.8523735 0.2408715 0.8200468 0.332337 0.8523735 0.2408715 0.8024716 0.2730525 0.8024716 0.2730525 0.8523735 0.2408715 0.8069652 0.1803749 0.8024716 0.2730525 0.8069652 0.1803749 0.7752079 0.2758247 0.7752079 0.2758247 0.8069652 0.1803749 0.7453383 0.2066162 0.7752079 0.2758247 0.7453383 0.2066162 0.7613559 0.3323098 0.8587276 0.3761402 0.8571922 0.2696869 0.8523735 0.2408715 0.8523735 0.2408715 0.8571922 0.2696869 0.8069652 0.1803749 0.8069652 0.1803749 0.8571922 0.2696869 0.7926416 0.1799616 0.8069652 0.1803749 0.7926416 0.1799616 0.7453383 0.2066162 0.7453383 0.2066162 0.7926416 0.1799616 0.7293695 0.2432053 0.7453383 0.2066162 0.7293695 0.2432053 0.7175118 0.3075649 0.7175118 0.3075649 0.7293695 0.2432053 0.7175117 0.3577343 0.7175118 0.3075649 0.7175117 0.3577343 0.7293696 0.422095 0.7293696 0.422095 0.7175117 0.3577343 0.7540704 0.4675948 0.7293696 0.422095 0.7540704 0.4675948 0.7926419 0.4853387 0.7926419 0.4853387 0.7540704 0.4675948 0.799913 0.5038102 0.7926419 0.4853387 0.799913 0.5038102 0.8510497 0.4196427 0.7926419 0.4853387 0.8510497 0.4196427 0.8587276 0.3761402 0.8587276 0.3761402 0.8510497 0.4196427 0.8571922 0.2696869 0.7540886 0.5322216 0.717512 0.6420753 0.7613456 0.6674892 0.7613456 0.6674892 0.717512 0.6420753 0.7359011 0.7701265 0.7613456 0.6674892 0.7359011 0.7701265 0.778898 0.7267342 0.778898 0.7267342 0.7359011 0.7701265 0.80158 0.8216153 0.778898 0.7267342 0.80158 0.8216153 0.8112312 0.7120265 0.8112312 0.7120265 0.80158 0.8216153 0.8503487 0.7649177 0.8112312 0.7120265 0.8503487 0.7649177 0.8630785 0.6534242 0.8112312 0.7120265 0.8630785 0.6534242 0.8188471 0.6441133 0.8188471 0.6441133 0.8630785 0.6534242 0.8240917 0.528421 0.8188471 0.6441133 0.8240917 0.528421 0.7870108 0.6070111 0.7870108 0.6070111 0.8240917 0.528421 0.7540886 0.5322216 0.7870108 0.6070111 0.7540886 0.5322216 0.7613456 0.6674892 0.8630785 0.6534242 0.8585532 0.6228135 0.8240917 0.528421 0.8240917 0.528421 0.8585532 0.6228135 0.799913 0.5038102 0.8240917 0.528421 0.799913 0.5038102 0.7540886 0.5322216 0.7540886 0.5322216 0.799913 0.5038102 0.7358955 0.5645959 0.7540886 0.5322216 0.7358955 0.5645959 0.717512 0.6420753 0.717512 0.6420753 0.7358955 0.5645959 0.717512 0.6922743 0.717512 0.6420753 0.717512 0.6922743 0.7359011 0.7701265 0.7359011 0.7701265 0.717512 0.6922743 0.7627771 0.8076224 0.7359011 0.7701265 0.7627771 0.8076224 0.80158 0.8216153 0.80158 0.8216153 0.7627771 0.8076224 0.8391028 0.7836399 0.80158 0.8216153 0.8391028 0.7836399 0.8503487 0.7649177 0.8503487 0.7649177 0.8391028 0.7836399 0.8630785 0.6534242 0.8630785 0.6534242 0.8391028 0.7836399 0.8585532 0.6228135 0.4712085 0.3353115 0.5156156 0.3493088 0.4830644 0.463702 0.4712085 0.3353115 0.4830644 0.463702 0.4536377 0.3945848 0.4536377 0.3945848 0.4830644 0.463702 0.4212722 0.4880813 0.4536377 0.3945848 0.4212722 0.4880813 0.4213502 0.3799464 0.4213502 0.3799464 0.4212722 0.4880813 0.3738306 0.3784902 0.4213502 0.3799464 0.3738306 0.3784902 0.413726 0.3118869 0.413726 0.3118869 0.3738306 0.3784902 0.3801845 0.2432218 0.413726 0.3118869 0.3801845 0.2432218 0.4455765 0.2748689 0.4455765 0.2748689 0.3801845 0.2432218 0.4255928 0.1827251 0.4455765 0.2748689 0.4255928 0.1827251 0.4926816 0.2234827 0.4455765 0.2748689 0.4926816 0.2234827 0.4712085 0.3353115 0.4712085 0.3353115 0.4926816 0.2234827 0.5156156 0.3493088 0.3738306 0.3784902 0.3679592 0.3295448 0.3801845 0.2432218 0.3801845 0.2432218 0.3679592 0.3295448 0.3897081 0.2223008 0.3801845 0.2432218 0.3897081 0.2223008 0.4255928 0.1827251 0.4255928 0.1827251 0.3897081 0.2223008 0.4295533 0.1759098 0.4255928 0.1827251 0.4295533 0.1759098 0.4755806 0.1930745 0.4255928 0.1827251 0.4755806 0.1930745 0.4926816 0.2234827 0.4926816 0.2234827 0.4755806 0.1930745 0.5129919 0.302174 0.4926816 0.2234827 0.5129919 0.302174 0.5156156 0.3493088 0.5156156 0.3493088 0.5129919 0.302174 0.5001617 0.4327613 0.5156156 0.3493088 0.5001617 0.4327613 0.4830644 0.463702 0.4830644 0.463702 0.5001617 0.4327613 0.45307 0.5106966 0.4830644 0.463702 0.45307 0.5106966 0.4212722 0.4880813 0.4212722 0.4880813 0.45307 0.5106966 0.3934556 0.4514898 0.4212722 0.4880813 0.3934556 0.4514898 0.3738306 0.3784902 0.3738306 0.3784902 0.3934556 0.4514898 0.3679592 0.3295448 0.4712085 0.6653115 0.5156155 0.6793088 0.4830642 0.7937022 0.4712085 0.6653115 0.4830642 0.7937022 0.4536377 0.7245848 0.4536377 0.7245848 0.4830642 0.7937022 0.4212722 0.8180814 0.4536377 0.7245848 0.4212722 0.8180814 0.4213503 0.7099462 0.4213503 0.7099462 0.4212722 0.8180814 0.3738307 0.7084905 0.4213503 0.7099462 0.3738307 0.7084905 0.4137259 0.6418872 0.4137259 0.6418872 0.3738307 0.7084905 0.3801847 0.5732215 0.4137259 0.6418872 0.3801847 0.5732215 0.4455766 0.6048688 0.4455766 0.6048688 0.3801847 0.5732215 0.4255927 0.5127254 0.4455766 0.6048688 0.4255927 0.5127254 0.4926816 0.5534824 0.4455766 0.6048688 0.4926816 0.5534824 0.4712085 0.6653115 0.4712085 0.6653115 0.4926816 0.5534824 0.5156155 0.6793088 0.3738307 0.7084905 0.3725721 0.6962339 0.3801847 0.5732215 0.3801847 0.5732215 0.3725721 0.6962339 0.3976665 0.5410168 0.3801847 0.5732215 0.3976665 0.5410168 0.4255927 0.5127254 0.4255927 0.5127254 0.3976665 0.5410168 0.45307 0.5106966 0.4255927 0.5127254 0.45307 0.5106966 0.4926816 0.5534824 0.4926816 0.5534824 0.45307 0.5106966 0.4976708 0.5572811 0.4926816 0.5534824 0.4976708 0.5572811 0.5156155 0.6506909 0.4926816 0.5534824 0.5156155 0.6506909 0.5156155 0.6793088 0.5156155 0.6793088 0.5156155 0.6506909 0.4926817 0.7765173 0.5156155 0.6793088 0.4926817 0.7765173 0.4830642 0.7937022 0.4830642 0.7937022 0.4926817 0.7765173 0.4255928 0.8172749 0.4830642 0.7937022 0.4255928 0.8172749 0.4212722 0.8180814 0.4212722 0.8180814 0.4255928 0.8172749 0.3738307 0.7084905 0.3738307 0.7084905 0.4255928 0.8172749 0.3725721 0.6962339 0.8200457 0.3329614 0.8644527 0.3469589 0.8319015 0.461352 0.8200457 0.3329614 0.8319015 0.461352 0.8024749 0.3922348 0.8024749 0.3922348 0.8319015 0.461352 0.7701094 0.4857313 0.8024749 0.3922348 0.7701094 0.4857313 0.7701874 0.3775964 0.7701874 0.3775964 0.7701094 0.4857313 0.7226678 0.3761402 0.7701874 0.3775964 0.7226678 0.3761402 0.7625632 0.3095369 0.7625632 0.3095369 0.7226678 0.3761402 0.7290219 0.2408715 0.7625632 0.3095369 0.7290219 0.2408715 0.7944096 0.2725245 0.7944096 0.2725245 0.7290219 0.2408715 0.77443 0.1803749 0.7944096 0.2725245 0.77443 0.1803749 0.8415185 0.221132 0.7944096 0.2725245 0.8415185 0.221132 0.8200457 0.3329614 0.8200457 0.3329614 0.8415185 0.221132 0.8644527 0.3469589 0.7226678 0.3761402 0.722668 0.2891593 0.7290219 0.2408715 0.7290219 0.2408715 0.722668 0.2891593 0.77443 0.1803749 0.77443 0.1803749 0.722668 0.2891593 0.7701099 0.1795686 0.77443 0.1803749 0.7701099 0.1795686 0.8319014 0.2039473 0.77443 0.1803749 0.8319014 0.2039473 0.8415185 0.221132 0.8415185 0.221132 0.8319014 0.2039473 0.8644527 0.3183403 0.8415185 0.221132 0.8644527 0.3183403 0.8644527 0.3469589 0.8644527 0.3469589 0.8644527 0.3183403 0.841519 0.4441671 0.8644527 0.3469589 0.841519 0.4441671 0.8319015 0.461352 0.8319015 0.461352 0.841519 0.4441671 0.7833309 0.5021706 0.8319015 0.461352 0.7833309 0.5021706 0.7701094 0.4857313 0.7701094 0.4857313 0.7833309 0.5021706 0.7422928 0.4491397 0.7701094 0.4857313 0.7422928 0.4491397 0.7226678 0.3761402 0.7226678 0.3761402 0.7422928 0.4491397 0.722668 0.2891593 0.8200461 0.6674796 0.8644519 0.681495 0.8397501 0.7861267 0.8200461 0.6674796 0.8397501 0.7861267 0.8024992 0.7267321 0.8024992 0.7267321 0.8397501 0.7861267 0.7798154 0.8216153 0.8024992 0.7267321 0.7798154 0.8216153 0.7701702 0.7120541 0.7701702 0.7120541 0.7798154 0.8216153 0.7310467 0.7649177 0.7701702 0.7120541 0.7310467 0.7649177 0.7183169 0.6534245 0.7701702 0.7120541 0.7183169 0.6534245 0.7625524 0.6440559 0.7625524 0.6440559 0.7183169 0.6534245 0.7415426 0.5453492 0.7625524 0.6440559 0.7415426 0.5453492 0.7943884 0.6070098 0.7943884 0.6070098 0.7415426 0.5453492 0.7925099 0.5110077 0.7943884 0.6070098 0.7925099 0.5110077 0.8489777 0.569334 0.7943884 0.6070098 0.8489777 0.569334 0.8200461 0.6674796 0.8200461 0.6674796 0.8489777 0.569334 0.8644519 0.681495 0.7183169 0.6534245 0.7221916 0.7191964 0.7269307 0.5859688 0.7183169 0.6534245 0.7269307 0.5859688 0.7415426 0.5453492 0.7415426 0.5453492 0.7269307 0.5859688 0.7833309 0.5021706 0.7415426 0.5453492 0.7833309 0.5021706 0.7925099 0.5110077 0.7925099 0.5110077 0.7833309 0.5021706 0.8454999 0.5645959 0.7925099 0.5110077 0.8454999 0.5645959 0.8489777 0.569334 0.8489777 0.569334 0.8454999 0.5645959 0.8644519 0.681495 0.8644519 0.681495 0.8454999 0.5645959 0.8640285 0.6910793 0.8644519 0.681495 0.8640285 0.6910793 0.8397501 0.7861267 0.8397501 0.7861267 0.8640285 0.6910793 0.8360971 0.7931186 0.8397501 0.7861267 0.8360971 0.7931186 0.7798154 0.8216153 0.7798154 0.8216153 0.8360971 0.7931186 0.7744538 0.819417 0.7798154 0.8216153 0.7744538 0.819417 0.7310467 0.7649177 0.7310467 0.7649177 0.7744538 0.819417 0.7221916 0.7191964 0.7310467 0.7649177 0.7221916 0.7191964 0.7183169 0.6534245 0.7670513 0.7009016 0.7701703 0.7120543 0.7625524 0.644056 0.7670513 0.7009016 0.7625524 0.644056 0.7713293 0.6199305 0.7713293 0.6199305 0.7625524 0.644056 0.7943885 0.6070103 0.7713293 0.6199305 0.7943885 0.6070103 0.7989665 0.6035876 0.7989665 0.6035876 0.7943885 0.6070103 0.8189672 0.6633577 0.8189672 0.6633577 0.7943885 0.6070103 0.8200461 0.6674796 0.8189672 0.6633577 0.8200461 0.6674796 0.802499 0.7267323 0.8189672 0.6633577 0.802499 0.7267323 0.7995108 0.7290002 0.7701703 0.7120543 0.7670513 0.7009016 0.7995108 0.7290002 0.7701703 0.7120543 0.7995108 0.7290002 0.802499 0.7267323 0.7658249 0.3635948 0.7701876 0.3775964 0.7625632 0.3095372 0.7658249 0.3635948 0.7625632 0.3095372 0.7712839 0.2854425 0.7712839 0.2854425 0.7625632 0.3095372 0.7944098 0.2725245 0.7712839 0.2854425 0.7944098 0.2725245 0.7988756 0.2690597 0.7988756 0.2690597 0.7944098 0.2725245 0.8189553 0.32884 0.8189553 0.32884 0.7944098 0.2725245 0.8200457 0.3329614 0.8189553 0.32884 0.8200457 0.3329614 0.8024747 0.3922349 0.8189553 0.32884 0.8024747 0.3922349 0.7978658 0.3948447 0.7658249 0.3635948 0.7978658 0.3948447 0.7701876 0.3775964 0.7701876 0.3775964 0.7978658 0.3948447 0.8024747 0.3922349 0.4169543 0.6958755 0.4213504 0.7099469 0.413726 0.641887 0.4169543 0.6958755 0.413726 0.641887 0.422486 0.617766 0.422486 0.617766 0.413726 0.641887 0.4455765 0.6048687 0.422486 0.617766 0.4455765 0.6048687 0.4500708 0.6013777 0.4500708 0.6013777 0.4455765 0.6048687 0.470118 0.6611873 0.470118 0.6611873 0.4455765 0.6048687 0.4712085 0.6653118 0.470118 0.6611873 0.4712085 0.6653118 0.4536379 0.7245849 0.470118 0.6611873 0.4536379 0.7245849 0.4489712 0.7272434 0.4169543 0.6958755 0.4489712 0.7272434 0.4213504 0.7099469 0.4213504 0.7099469 0.4489712 0.7272434 0.4536379 0.7245849 0.4169879 0.3659452 0.4213504 0.3799468 0.413726 0.3118869 0.4169879 0.3659452 0.413726 0.3118869 0.4224357 0.2878375 0.4224357 0.2878375 0.413726 0.3118869 0.4455764 0.2748687 0.4224357 0.2878375 0.4455764 0.2748687 0.4500383 0.2714098 0.4500383 0.2714098 0.4455764 0.2748687 0.470118 0.3311901 0.470118 0.3311901 0.4455764 0.2748687 0.4712085 0.3353118 0.470118 0.3311901 0.4712085 0.3353118 0.4536378 0.3945848 0.470118 0.3311901 0.4536378 0.3945848 0.4490291 0.3971945 0.4169879 0.3659452 0.4490291 0.3971945 0.4213504 0.3799468 0.4213504 0.3799468 0.4490291 0.3971945 0.4536378 0.3945848 0.8192821 0.6834709 0.8188471 0.6441137 0.8123391 0.621637 0.8123391 0.621637 0.8188471 0.6441137 0.7870107 0.6070116 0.7870107 0.6070116 0.786571 0.6029868 0.8123391 0.621637 0.786571 0.6029868 0.7870107 0.6070116 0.762035 0.6560015 0.762035 0.6560015 0.7870107 0.6070116 0.7613455 0.6674892 0.762035 0.6560015 0.7613455 0.6674892 0.7736338 0.720256 0.7736338 0.720256 0.7613455 0.6674892 0.7788981 0.7267343 0.811231 0.7120268 0.7989187 0.730729 0.7788981 0.7267343 0.7788981 0.7267343 0.7989187 0.730729 0.7736338 0.720256 0.811231 0.7120268 0.8192821 0.6834709 0.7989187 0.730729 0.8188471 0.6441137 0.8192821 0.6834709 0.811231 0.7120268 0.8197752 0.3115751 0.8200467 0.3323373 0.8024715 0.2730525 0.8197752 0.3115751 0.8024715 0.2730525 0.797792 0.2703774 0.797792 0.2703774 0.8024715 0.2730525 0.7752081 0.2758244 0.797792 0.2703774 0.7752081 0.2758244 0.7684825 0.2895333 0.7684825 0.2895333 0.7752081 0.2758244 0.7613559 0.3323101 0.7684825 0.2895333 0.7613559 0.3323101 0.7626424 0.3545047 0.7626424 0.3545047 0.7613559 0.3323101 0.7789226 0.392237 0.7626424 0.3545047 0.7789226 0.392237 0.7863728 0.3972786 0.8061763 0.3894897 0.7863728 0.3972786 0.7789226 0.392237 0.8061763 0.3894897 0.814068 0.37161 0.7863728 0.3972786 0.8200467 0.3323373 0.814068 0.37161 0.8061763 0.3894897 0.8200467 0.3323373 0.8197752 0.3115751 0.814068 0.37161 0.466358 0.6306309 0.4712095 0.6646876 0.453634 0.6054025 0.453634 0.6054025 0.4377812 0.6008083 0.466358 0.6306309 0.4377812 0.6008083 0.453634 0.6054025 0.426371 0.6081745 0.4377812 0.6008083 0.426371 0.6081745 0.4154541 0.6309939 0.4154541 0.6309939 0.426371 0.6081745 0.4125188 0.6646602 0.4154541 0.6309939 0.4125188 0.6646602 0.4137972 0.6868505 0.4137972 0.6868505 0.4125188 0.6646602 0.4300851 0.724587 0.4137972 0.6868505 0.4300851 0.724587 0.4375759 0.7296648 0.4573392 0.7218398 0.4375759 0.7296648 0.4300851 0.724587 0.4573392 0.7218398 0.4652588 0.7038893 0.4375759 0.7296648 0.4712095 0.6646876 0.4652588 0.7038893 0.4573392 0.7218398 0.4712095 0.6646876 0.466358 0.6306309 0.4652588 0.7038893 0.4709379 0.3139247 0.4712095 0.3346877 0.453634 0.2754026 0.4709379 0.3139247 0.453634 0.2754026 0.4489544 0.2727276 0.4489544 0.2727276 0.453634 0.2754026 0.4263709 0.2781746 0.4489544 0.2727276 0.4263709 0.2781746 0.4196447 0.2918839 0.4196447 0.2918839 0.4263709 0.2781746 0.4125188 0.3346601 0.4196447 0.2918839 0.4125188 0.3346601 0.4138051 0.3568543 0.4138051 0.3568543 0.4125188 0.3346601 0.4300851 0.3945869 0.4138051 0.3568543 0.4300851 0.3945869 0.4375351 0.3996284 0.457339 0.3918399 0.4375351 0.3996284 0.4300851 0.3945869 0.457339 0.3918399 0.4652305 0.3739603 0.4375351 0.3996284 0.4712095 0.3346877 0.4652305 0.3739603 0.457339 0.3918399 0.4712095 0.3346877 0.4709379 0.3139247 0.4652305 0.3739603 0.2489684 0.4908872 0.4530701 0.5106967 0.3976666 0.5410169 0.2489684 0.4908872 0.3897078 0.2223015 0.3679592 0.3295451 0.2295649 0.1489238 0.4295531 0.1759099 0.3897078 0.2223015 0.2489684 0.4908872 0.3679592 0.3295451 0.3934556 0.4514901 0.2489684 0.4908872 0.3976666 0.5410169 0.2281641 0.5611838 0.2281641 0.5611838 0.3976666 0.5410169 0.3725722 0.6962339 0.3934556 0.4514901 0.4530701 0.5106967 0.2489684 0.4908872 0.4255928 0.8172748 0.9302326 0.85 0.2309862 0.851619 0.2489684 0.4908872 0.2240114 0.4351175 0.3897078 0.2223015 0.2240114 0.4351175 0.2295649 0.1489238 0.3897078 0.2223015 0.4295531 0.1759099 0.2295649 0.1489238 0.9302326 0.15 0.4295531 0.1759099 0.9302326 0.15 0.475581 0.1930748 0.7744539 0.819417 0.4255928 0.8172748 0.7221916 0.7191965 0.7221916 0.7191965 0.4255928 0.8172748 0.4926816 0.7765175 0.8415188 0.4441676 0.8454999 0.5645961 0.783331 0.5021706 0.7422929 0.4491401 0.783331 0.5021706 0.7269307 0.5859687 0.4255928 0.8172748 0.7744539 0.819417 0.9302326 0.85 0.9302326 0.85 0.7744539 0.819417 0.8360974 0.7931184 0.7701093 0.1795688 0.7226679 0.2891596 0.5129919 0.3021743 0.7701093 0.1795688 0.5129919 0.3021743 0.475581 0.1930748 0.7701093 0.1795688 0.475581 0.1930748 0.9302326 0.15 0.2281641 0.5611838 0.3725722 0.6962339 0.4255928 0.8172748 0.2281641 0.5611838 0.4255928 0.8172748 0.2309862 0.851619 0.7422929 0.4491401 0.5156156 0.6506912 0.5001615 0.4327617 0.5001615 0.4327617 0.5156156 0.6506912 0.4976708 0.5572811 0.5001615 0.4327617 0.4976708 0.5572811 0.4530701 0.5106967 0.9302326 0.15 0.8319012 0.2039472 0.7701093 0.1795688 0.9302326 0.85 0.8360974 0.7931184 0.8640286 0.6910794 0.9302326 0.85 0.8454999 0.5645961 0.8415188 0.4441676 0.7422929 0.4491401 0.5001615 0.4327617 0.7226679 0.2891596 0.7226679 0.2891596 0.5001615 0.4327617 0.5129919 0.3021743 0.7422929 0.4491401 0.7269307 0.5859687 0.5156156 0.6506912 0.5156156 0.6506912 0.7269307 0.5859687 0.7221916 0.7191965 0.5156156 0.6506912 0.7221916 0.7191965 0.4926816 0.7765175 0.9302326 0.15 0.8644527 0.3183407 0.8319012 0.2039472 0.9302326 0.85 0.8640286 0.6910794 0.8454999 0.5645961 0.9302326 0.85 0.8415188 0.4441676 0.9302326 0.15 0.9302326 0.15 0.8415188 0.4441676 0.8644527 0.3183407 1 0.6047286 1 0.3442691 1 0.3952783 1 0.6047286 1 0.3952783 1 0.6557421 1 0 1 0.2816021 1 0.3442691 1 0 1 0.3418754 1 0.278863 1 0 1 0.278863 1 0 1 0 1 0.278863 1 0.2816021 1 0.7183987 1 0.6557421 1 1 1 0.6581751 1 0.7211401 1 1 1 1 1 0.3418754 1 0 1 0 1 0.6581751 1 1 1 0.3442691 1 0.6047286 1 0 1 0 1 0.6047286 1 0.6581751 1 1 1 0.7211401 1 1 1 1 1 0.7211401 1 0.7183987 1 0.6557421 1 0.3952783 1 1 1 1 1 0.3952783 1 0.3418754 0.2489678 0.509114 0.3767738 0.3962228 0.2281458 0.4388019 0.2281458 0.4388019 0.3767738 0.3962228 0.3805326 0.2455547 0.3805326 0.5755547 0.4320468 0.4980842 0.2489678 0.509114 0.2240138 0.5648803 0.3965005 0.7910329 0.2489678 0.509114 0.2489678 0.509114 0.3965005 0.7910329 0.3686745 0.6900846 0.4793175 0.5279389 0.4902653 0.4514901 0.4320468 0.4980842 0.2489678 0.509114 0.3686745 0.6900846 0.3805326 0.5755547 0.5035364 0.7567782 0.7627769 0.8076223 0.5135484 0.6395805 0.9302326 0.85 0.8391028 0.7836399 0.7627769 0.8076223 0.4320468 0.4980842 0.3767738 0.3962228 0.2489678 0.509114 0.7540705 0.4675951 0.7358955 0.564596 0.7999132 0.5038101 0.4581281 0.8172748 0.2299833 0.8513109 0.9302326 0.85 0.4581281 0.8172748 0.9302326 0.85 0.7627769 0.8076223 0.4581281 0.8172748 0.7627769 0.8076223 0.5035364 0.7567782 0.3965005 0.7910329 0.2240138 0.5648803 0.2299833 0.8513109 0.4581281 0.8172748 0.3965005 0.7910329 0.2299833 0.8513109 0.7926415 0.1799616 0.9302326 0.15 0.2309904 0.1489027 0.7926415 0.1799616 0.2309904 0.1489027 0.4438046 0.1823113 0.7999132 0.5038101 0.8544647 0.5859687 0.8510496 0.4196429 0.8510496 0.4196429 0.8544647 0.5859687 0.9302326 0.85 0.9302326 0.85 0.8544647 0.5859687 0.8653082 0.683687 0.9302326 0.15 0.7926415 0.1799616 0.8571923 0.2696872 0.9302326 0.85 0.8653082 0.683687 0.8391028 0.7836399 0.2309904 0.1489027 0.3805326 0.2455547 0.4438046 0.1823113 0.9302326 0.15 0.8571923 0.2696872 0.9302326 0.85 0.9302326 0.85 0.8571923 0.2696872 0.8510496 0.4196429 0.7358955 0.564596 0.7540705 0.4675951 0.4902653 0.4514901 0.4902653 0.4514901 0.7540705 0.4675951 0.7175118 0.3577347 0.7175118 0.3577347 0.5098903 0.2915095 0.4902653 0.4514901 0.5098903 0.2915095 0.7175118 0.3577347 0.7293695 0.2432055 0.7926415 0.1799616 0.4438046 0.1823113 0.5098903 0.2915095 0.7926415 0.1799616 0.5098903 0.2915095 0.7293695 0.2432055 0.7358955 0.564596 0.4902653 0.4514901 0.717512 0.6922743 0.2281458 0.4388019 0.3805326 0.2455547 0.2309904 0.1489027 0.7627769 0.8076223 0.717512 0.6922743 0.5135484 0.6395805 0.5135484 0.6395805 0.717512 0.6922743 0.4902653 0.4514901 0.5135484 0.6395805 0.4902653 0.4514901 0.4793175 0.5279389 0.3178117 1 0.2314824 0.9986669 0.376206 1 0.3019414 1 0.2508092 1 0.2314824 0.9986669 0.3019414 1 0.2314824 0.9986669 0.3178117 1 0.327973 1 0.2232394 0.9974405 0.3019414 1 0.3019414 1 0.2232394 0.9974405 0.2508092 1 0.376206 1 0.2314824 0.9986669 0.2301124 0.9986072 0.442879 1 0.376206 1 0.2301124 0.9986072 1 1 0.9139761 1 0.8504697 1 0.3820201 1 0.2310266 0.9991551 0.2232394 0.9974405 0.555748 1 0.5016303 1 0.7364856 1 0.7364856 1 0.5016303 1 0.442879 1 0.8504697 1 0.8050629 1 1 1 1 1 0.8050629 1 0.2301124 0.9986072 0.2301124 0.9986072 0.8050629 1 0.7364856 1 0.2301124 0.9986072 0.7364856 1 0.442879 1 1 1 0.9178999 1 0.9318372 1 1 1 0.9318372 1 1 1 1 1 0.9318372 1 0.9139761 1 0.3820201 1 0.2232394 0.9974405 0.327973 1 0.7308555 1 0.7896805 1 0.2310266 0.9991551 0.2310266 0.9991551 0.7896805 1 1 1 1 1 0.7896805 1 0.8562857 1 1 1 0.8562857 1 0.9178999 1 0.7308555 1 0.5074436 1 0.5690256 1 0.3820201 1 0.4409345 1 0.2310266 0.9991551 0.2310266 0.9991551 0.4409345 1 0.7308555 1 0.7308555 1 0.4409345 1 0.5074436 1 0.7364856 1 0.6637642 1 0.555748 1 0.5690256 1 0.6674192 1 0.7308555 1 0.6674192 1 0.5690256 1 0.6495581 1 0.6495581 1 0.5690256 1 0.583 1 0.6495581 1 0.583 1 0.6637642 1 0.6637642 1 0.583 1 0.578186 1 0.6637642 1 0.578186 1 0.555748 1 0.583 1 0.5819352 0.7109264 0.5832186 0.7285274 0.5793551 0 0.5828842 0.2753679 0.5807268 0.3432919 0.5807268 0.3432919 0.5806763 0.6447842 0.5690256 1 0.5806763 0.6447842 0.5819352 0.7109264 0.5690256 1 0.5831907 0.3982468 0.5806763 0.6447842 0.5807268 0.3432919 0.5690256 1 0.5819352 0.7109264 0.583 1 0.5831907 0.3982468 0.5830181 0.6037496 0.5806763 0.6447842 0.583 1 0.5832186 0.7285274 0.578186 1 0.578186 1 0.5832186 0.7285274 0.5806912 0.6695432 0.5830181 0.6037496 0.5807331 0.358384 0.5806912 0.6695432 0.5806912 0.6695432 0.5807331 0.358384 0.5744112 0 0.5744112 0 0.5807331 0.358384 0.5818592 0.291136 0.5830181 0.6037496 0.5831907 0.3982468 0.5807331 0.358384 0.5744112 0 0.5818592 0.291136 0.5793551 0 0.5793551 0 0.5818592 0.291136 0.5828842 0.2753679 0.4409345 1 0.4652588 0.7038893 0.5074436 1 0.5074436 1 0.4652588 0.7038893 0.466358 0.6306309 0.5074436 1 0.466358 0.6306309 0.4652305 0.3739603 0.4375759 0.7296648 0.4652588 0.7038893 0.4409345 1 0.4137972 0.6868505 0.4375759 0.7296648 0.4409345 1 0.4196447 0.2918839 0.4138051 0.3568543 0.4102084 0 0.4138051 0.3568543 0.4154541 0.6309939 0.4137972 0.6868505 0.4138051 0.3568543 0.4137972 0.6868505 0.3820201 1 0.3820201 1 0.4137972 0.6868505 0.4409345 1 0.4375351 0.3996284 0.4377812 0.6008083 0.4138051 0.3568543 0.4138051 0.3568543 0.4377812 0.6008083 0.4154541 0.6309939 0.466358 0.6306309 0.4377812 0.6008083 0.4652305 0.3739603 0.4652305 0.3739603 0.4377812 0.6008083 0.4375351 0.3996284 0.470118 0.3311901 0.470118 0.6611873 0.5016303 1 0.5016303 1 0.470118 0.6611873 0.442879 1 0.442879 1 0.470118 0.6611873 0.4489712 0.7272434 0.4490291 0.3971945 0.4500708 0.6013777 0.470118 0.6611873 0.4490291 0.3971945 0.470118 0.6611873 0.470118 0.3311901 0.4500708 0.6013777 0.4490291 0.3971945 0.422486 0.617766 0.4169879 0.3659452 0.422486 0.617766 0.4490291 0.3971945 0.442879 1 0.4169543 0.6958755 0.376206 1 0.376206 1 0.4169543 0.6958755 0.4169879 0.3659452 0.4169543 0.6958755 0.422486 0.617766 0.4169879 0.3659452 0.3818178 0 0.4169879 0.3659452 0.4224357 0.2878375 0.4224357 0.2878375 0.4274944 0 0.3818178 0 0.4489712 0.7272434 0.4169543 0.6958755 0.442879 1 0.4489544 0.2727276 0.4196447 0.2918839 0.4102084 0 0.4709379 0.3139247 0.4489544 0.2727276 0.4829868 0 0.4829868 0 0.4489544 0.2727276 0.4102084 0 0.4735112 0 0.4500383 0.2714098 0.470118 0.3311901 0.4274944 0 0.4224357 0.2878375 0.4500383 0.2714098 0.4274944 0 0.4500383 0.2714098 0.4735112 0 0.376206 1 0.4169879 0.3659452 0.3818178 0 0.376206 1 0.3818178 0 0.3279731 0 0.376206 1 0.3279731 0 0.3178117 1 0.3178117 1 0.3279731 0 0.3019414 0 0.3178117 1 0.3019414 0 0.3019414 1 0.3019414 1 0.3019414 0 0.3178117 0 0.3019414 1 0.3178117 0 0.327973 1 0.327973 1 0.3178117 0 0.3587352 0 0.327973 1 0.3587352 0 0.3820201 1 0.3820201 1 0.3587352 0 0.4102084 0 0.3820201 1 0.4102084 0 0.4138051 0.3568543 0.4652305 0.3739603 0.4709379 0.3139247 0.5074436 1 0.5074436 1 0.4709379 0.3139247 0.4829868 0 0.5074436 1 0.4829868 0 0.5477773 0 0.5074436 1 0.5477773 0 0.5690256 1 0.5690256 1 0.5477773 0 0.5793551 0 0.5690256 1 0.5793551 0 0.5807268 0.3432919 0.578186 1 0.5806912 0.6695432 0.5744112 0 0.578186 1 0.5744112 0 0.555748 1 0.555748 1 0.5744112 0 0.5336591 0 0.555748 1 0.5336591 0 0.5016303 1 0.5016303 1 0.5336591 0 0.4735112 0 0.5016303 1 0.4735112 0 0.470118 0.3311901 0.9280747 0 0.9313825 0.2804183 0.9292801 0.3464176 0.9292775 0.6763982 0.9319232 0.7269027 0.9178999 1 0.9178999 1 0.9319232 0.7269027 0.9318372 1 0.9313868 0.6103577 0.9292775 0.6763982 0.9316135 0.3934586 0.9316135 0.3934586 0.9292775 0.6763982 0.9292801 0.3464176 0.9292801 0.3464176 0.9292775 0.6763982 0.9178999 1 0.9313868 0.6103577 0.931706 0.3944277 0.9304686 0.6228824 0.9313868 0.6103577 0.9316135 0.3934586 0.931706 0.3944277 0.9318372 1 0.9319232 0.7269027 0.9300717 0.6953428 0.9318372 1 0.9300717 0.6953428 0.9139761 1 0.9304686 0.6228824 0.931706 0.3944277 0.9300717 0.6953428 0.9300717 0.6953428 0.931706 0.3944277 0.9292368 0.3480255 0.9300717 0.6953428 0.9292368 0.3480255 0.9139761 1 0.9292368 0.3480255 0.9304683 0.292895 0.9176307 0 0.6518741 0.3303732 0.6494842 0.3967746 0.6495479 0.6039357 0.654437 0 0.6492863 0.2708826 0.6673875 0 0.6673875 0 0.6492863 0.2708826 0.6518741 0.3303732 0.6518741 0.3303732 0.6495479 0.6039357 0.6518386 0.6729723 0.6518741 0.3303732 0.6518386 0.6729723 0.6673875 0 0.6637642 1 0.6518386 0.6729723 0.6492599 0.7293747 0.6637642 1 0.6492599 0.7293747 0.6495581 1 0.6495479 0.6039357 0.6494842 0.3967746 0.6513528 0.3617666 0.6495479 0.6039357 0.6513528 0.3617666 0.6509279 0.6231537 0.6495581 1 0.6492599 0.7293747 0.6512358 0.6973827 0.6495581 1 0.6512358 0.6973827 0.6674192 1 0.6509279 0.6231537 0.6513528 0.3617666 0.6512358 0.6973827 0.6512358 0.6973827 0.6513528 0.3617666 0.6674192 1 0.654437 0 0.6513528 0.3617666 0.6506786 0.2885737 0.9176307 0 0.9304683 0.292895 0.9280747 0 0.9280747 0 0.9304683 0.292895 0.9313825 0.2804183 0.654437 0 0.6506786 0.2885737 0.6492863 0.2708826 0.7896805 1 0.8192821 0.6834709 0.8562857 1 0.8562857 1 0.8192821 0.6834709 0.814068 0.37161 0.814068 0.37161 0.8192821 0.6834709 0.8123391 0.621637 0.8197752 0.3115751 0.7917184 0 0.8683379 0 0.7896805 1 0.7989187 0.730729 0.8192821 0.6834709 0.7896805 1 0.7736338 0.720256 0.7989187 0.730729 0.7684825 0.2895333 0.7626424 0.3545047 0.7166319 0 0.7917184 0 0.7684825 0.2895333 0.7166319 0 0.7626424 0.3545047 0.762035 0.6560015 0.7308555 1 0.7308555 1 0.762035 0.6560015 0.7736338 0.720256 0.7308555 1 0.7736338 0.720256 0.7896805 1 0.7863728 0.3972786 0.786571 0.6029868 0.7626424 0.3545047 0.7626424 0.3545047 0.786571 0.6029868 0.762035 0.6560015 0.8123391 0.621637 0.786571 0.6029868 0.814068 0.37161 0.814068 0.37161 0.786571 0.6029868 0.7863728 0.3972786 0.8189553 0.32884 0.8189672 0.6633577 0.8504697 1 0.8504697 1 0.8189672 0.6633577 0.8050629 1 0.8050629 1 0.8189672 0.6633577 0.7995108 0.7290002 0.7978658 0.3948447 0.7989665 0.6035876 0.8189672 0.6633577 0.7978658 0.3948447 0.8189672 0.6633577 0.8189553 0.32884 0.7989665 0.6035876 0.7978658 0.3948447 0.7713293 0.6199305 0.7658249 0.3635948 0.7713293 0.6199305 0.7978658 0.3948447 0.7364856 1 0.7670513 0.7009016 0.7658249 0.3635948 0.7670513 0.7009016 0.7713293 0.6199305 0.7658249 0.3635948 0.7428821 0 0.7658249 0.3635948 0.7712839 0.2854425 0.8050629 1 0.7995108 0.7290002 0.7364856 1 0.7364856 1 0.7995108 0.7290002 0.7670513 0.7009016 0.797792 0.2703774 0.7684825 0.2895333 0.7917184 0 0.8197752 0.3115751 0.797792 0.2703774 0.7917184 0 0.8145472 0 0.7988756 0.2690597 0.8189553 0.32884 0.7428821 0 0.7712839 0.2854425 0.8145472 0 0.8145472 0 0.7712839 0.2854425 0.7988756 0.2690597 0.7364856 1 0.7658249 0.3635948 0.7428821 0 0.7364856 1 0.7428821 0 0.6673875 0 0.7364856 1 0.6673875 0 0.6637642 1 0.6637642 1 0.6673875 0 0.6518386 0.6729723 0.6674192 1 0.6513528 0.3617666 0.654437 0 0.6674192 1 0.654437 0 0.7166319 0 0.6674192 1 0.7166319 0 0.7308555 1 0.7308555 1 0.7166319 0 0.7626424 0.3545047 0.814068 0.37161 0.8197752 0.3115751 0.8562857 1 0.8562857 1 0.8197752 0.3115751 0.8683379 0 0.8562857 1 0.8683379 0 0.9178999 1 0.9178999 1 0.8683379 0 0.9280747 0 0.9178999 1 0.9280747 0 0.9292801 0.3464176 0.9139761 1 0.9292368 0.3480255 0.9176307 0 0.9139761 1 0.9176307 0 0.8738229 0 0.9139761 1 0.8738229 0 0.8504697 1 0.8504697 1 0.8738229 0 0.8145472 0 0.8504697 1 0.8145472 0 0.8189553 0.32884 0.2490502 0 0.3587352 0 0.3178117 0 0.2490502 0 0.3019414 0 0.3279731 0 0.2490502 0 0.3279731 0 0.2232309 0.002562642 0.3019414 0 0.2490502 0 0.3178117 0 0.3587352 0 0.2490502 0 0.2244918 0.001976251 0.8683379 0 0.7917184 0 1 0 1 0 0.7917184 0 0.2305178 0.001146793 0.2305178 0.001146793 0.7917184 0 0.7166319 0 1 0 0.9280747 0 0.8683379 0 0.3587352 0 0.2244918 0.001976251 0.2305178 0.001146793 0.3587352 0 0.2305178 0.001146793 0.4102084 0 0.8145472 0 0.8738229 0 1 0 0.9280747 0 1 0 1 0 0.9280747 0 1 0 0.9176307 0 0.4274944 0 0.4735112 0 0.7428821 0 0.7428821 0 0.4735112 0 0.5336591 0 0.8738229 0 0.9176307 0 1 0 0.7166319 0 0.5477773 0 0.4829868 0 0.2202262 0.007863938 0.3818178 0 0.4274944 0 0.4274944 0 0.7428821 0 0.2202262 0.007863938 0.2202262 0.007863938 0.7428821 0 0.8145472 0 0.2202262 0.007863938 0.8145472 0 1 0 0.5477773 0 0.7166319 0 0.654437 0 0.5477773 0 0.654437 0 0.5793551 0 0.7166319 0 0.4829868 0 0.2305178 0.001146793 0.2305178 0.001146793 0.4829868 0 0.4102084 0 0.7428821 0 0.5336591 0 0.5744112 0 0.7428821 0 0.5744112 0 0.6673875 0 0.6673875 0 0.5744112 0 0.654437 0 0.654437 0 0.5744112 0 0.5793551 0 0.3818178 0 0.2202262 0.007863938 0.2232309 0.002562642 0.3818178 0 0.2232309 0.002562642 0.3279731 0 0 0.941391 0 0.7991628 0 0.7499804 1.33211e-4 0.8872131 0 0.941391 0 0.7499804 0 0.7991628 -3.84623e-5 0.9293469 0 0.7723897 0 0.7991628 0 0.941391 -3.84623e-5 0.9293469 0 0.05894231 0 0.2008368 0 0.2507874 0 0.7499804 0.001389324 0.783955 1.33211e-4 0.8872131 0 0.5009717 0 0.4538561 -2.58849e-5 0.6522043 0 0.5009717 -2.58849e-5 0.6522043 0 0.6032671 0 0.2008368 0.001946151 0.0710147 0 0.2278999 1.33151e-4 0.1127889 0 0.05894231 0 0.2507874 0.001393914 0.8488965 0 0.7723897 -3.84623e-5 0.9293469 0 0.3642487 0 0.4538561 0 0.5009717 0 0.3642487 1.33156e-4 0.2758178 0 0.4538561 0.001394391 0.1511033 0 0.2278999 0.001946151 0.0710147 0 0.2008368 0 0.05894231 0.001946151 0.0710147 0 0.7723897 0.001393914 0.8488965 0 0.6376832 0 0.6032671 -2.58849e-5 0.6522043 0.001389324 0.783955 0 0.6032671 0.001389324 0.783955 0 0.7499804 0 0.2278999 0.001394391 0.1511033 0 0.3642487 0 0.2507874 0.001389384 0.2160452 1.33151e-4 0.1127889 0.001389384 0.2160452 0 0.2507874 0 0.4417679 0.001389384 0.2160452 0 0.4417679 -3.85132e-5 0.3799049 0 0.4417679 0 0.5683887 -3.85132e-5 0.3799049 0 0.6376832 0 0.5683887 0 0.4417679 0 0.6376832 1.33166e-4 0.724183 0 0.5683887 0 0.6376832 0.001393914 0.8488965 1.33166e-4 0.724183 0 0.3642487 0.001394391 0.1511033 1.33156e-4 0.2758178 0.1177281 0.9533053 0.1730369 0.9635367 0.1368771 0.9247223 0.1177281 0.9533053 0.1368771 0.9247223 0.07439744 0.9171401 0.0982024 0.9707173 0.1925606 0.9913198 0.2232394 0.9974405 0.0982024 0.9707173 0.2232394 0.9974405 0.1730369 0.9635367 0.1347913 0.9648616 0.08456027 0.9663667 0.05502581 0.9594023 0.0982024 0.9707173 0.08456027 0.9663667 0.2002494 0.99283 0.2002494 0.99283 0.08456027 0.9663667 0.1347913 0.9648616 0.054273 0.9593087 0.07888096 0.9646164 -3.84623e-5 0.9293469 -3.84623e-5 0.9293469 0.0402435 0.9582366 0.054273 0.9593087 0 0.941391 0.05502581 0.9594023 0.0402435 0.9582366 0 0.941391 0.0402435 0.9582366 -3.84623e-5 0.9293469 0.1347913 0.9648616 0.05502581 0.9594023 0 0.941391 0.136137 0.9261949 0.08310365 0.9154697 0.05663561 0.8552184 0.001389324 0.783955 0.05663561 0.8552184 1.33211e-4 0.8872131 0.08310365 0.9154697 1.33211e-4 0.8872131 0.05663561 0.8552184 0.1347913 0.9648616 1.33211e-4 0.8872131 0.08310365 0.9154697 0.1347913 0.9648616 0 0.941391 1.33211e-4 0.8872131 0.1730369 0.9635367 0.1177281 0.9533053 0.07888096 0.9646164 0.07888096 0.9646164 0.1177281 0.9533053 -3.84623e-5 0.9293469 0.05663579 0.8599877 0.001393914 0.8488965 0.07439744 0.9171401 -3.84623e-5 0.9293469 0.07439744 0.9171401 0.001393914 0.8488965 0.2310266 0.9991551 0.1730369 0.9635367 0.2232394 0.9974405 0.1730369 0.9635367 0.07888096 0.9646164 0.0982024 0.9707173 0.07439744 0.9171401 -3.84623e-5 0.9293469 0.1177281 0.9533053 0.2002494 0.99283 0.2301124 0.9986072 0.2314824 0.9986669 0.2002494 0.99283 0.1347913 0.9648616 0.2301124 0.9986072 0.2301124 0.9986072 0.1347913 0.9648616 0.136137 0.9261949 0.1347913 0.9648616 0.08310365 0.9154697 0.136137 0.9261949 0.1368771 0.9247223 0.05663579 0.8599877 0.07439744 0.9171401 0.1925606 0.9913198 0.0982024 0.9707173 0.2002494 0.99283 0.1347929 0.7218472 0.08454179 0.5546641 0.05236703 0.5526124 0.09820199 0.4861801 0.08454179 0.5546641 0.1960197 0.5325213 0.1960197 0.5325213 0.08454179 0.5546641 0.1347929 0.7218472 0.04979526 0.4538617 0.07868021 0.4374423 -3.85132e-5 0.3799049 0.05236703 0.5526124 0.03905308 0.5078578 0 0.5683887 0 0.5683887 0.03905308 0.5078578 -3.85132e-5 0.3799049 -3.85132e-5 0.3799049 0.03905308 0.5078578 0.04979526 0.4538617 0.1347929 0.7218472 0.05236703 0.5526124 0 0.5683887 0.119337 0.2544813 0.1726332 0.1444526 0.136877 0.07476222 0.119337 0.2544813 0.136877 0.07476222 0.07439666 0.2167906 0.2309904 0.1489027 0.1726332 0.1444526 0.2281458 0.4388019 0.09820199 0.4861801 0.1960197 0.5325213 0.197766 0.4588946 0.09820199 0.4861801 0.197766 0.4588946 0.1726332 0.1444526 0.1726332 0.1444526 0.197766 0.4588946 0.2281458 0.4388019 0.1368771 0.9247223 0.08310294 0.8057024 0.05663579 0.8599877 0.001393914 0.8488965 0.05663579 0.8599877 1.33166e-4 0.724183 0.08310294 0.8057024 1.33166e-4 0.724183 0.05663579 0.8599877 0.1347929 0.7218472 1.33166e-4 0.724183 0.08310294 0.8057024 0.1347929 0.7218472 0 0.5683887 1.33166e-4 0.724183 0.1726332 0.1444526 0.119337 0.2544813 0.07868021 0.4374423 0.07868021 0.4374423 0.119337 0.2544813 -3.85132e-5 0.3799049 0.05663573 0.1447816 0.001389384 0.2160452 0.07439666 0.2167906 -3.85132e-5 0.3799049 0.07439666 0.2167906 0.001389384 0.2160452 0.1726332 0.1444526 0.07868021 0.4374423 0.09820199 0.4861801 0.07439666 0.2167906 -3.85132e-5 0.3799049 0.119337 0.2544813 0.1960197 0.5325213 0.2299833 0.8513109 0.2240138 0.5648803 0.1960197 0.5325213 0.1347929 0.7218472 0.2299833 0.8513109 0.2299833 0.8513109 0.1347929 0.7218472 0.1368771 0.9247223 0.1347929 0.7218472 0.08310294 0.8057024 0.1368771 0.9247223 0.136877 0.07476222 0.05663573 0.1447816 0.07439666 0.2167906 0 0.4538561 0.04693794 0.458055 0.04126137 0.5207888 0.04693794 0.458055 0 0.4538561 0.06942677 0.4336391 0.2309862 0.851619 0.0982412 0.5272282 0.2281641 0.5611838 0.09473407 0.4675252 0.1959135 0.4678887 0.0982412 0.5272282 0.0982412 0.5272282 0.1959135 0.4678887 0.1977728 0.5411291 0.0982412 0.5272282 0.1977728 0.5411291 0.2281641 0.5611838 0.1423465 0.7825563 0.136137 0.9261949 0.07439643 0.7832096 0.136877 0.07527786 0.07592582 0.1971701 0.05663615 0.140011 0.001394391 0.1511033 0.05663615 0.140011 1.33156e-4 0.2758178 0.07592582 0.1971701 1.33156e-4 0.2758178 0.05663615 0.140011 0.1330904 0.2534248 0 0.4538561 1.33156e-4 0.2758178 0 0.4538561 0.04126137 0.5207888 0.05788373 0.5613438 0 0.4538561 0.05788373 0.5613438 -2.58849e-5 0.6522043 -2.58849e-5 0.6522043 0.05788373 0.5613438 0.07986074 0.5655342 0.05663561 0.8552184 0.001389324 0.783955 0.07439643 0.7832096 -2.58849e-5 0.6522043 0.07439643 0.7832096 0.001389324 0.783955 0.07439643 0.7832096 0.07986074 0.5655342 0.1423465 0.7825563 0.07439643 0.7832096 -2.58849e-5 0.6522043 0.07986074 0.5655342 0.1423465 0.7825563 0.07986074 0.5655342 0.0982412 0.5272282 0.1423465 0.7825563 0.0982412 0.5272282 0.2309862 0.851619 0.1423465 0.7825563 0.2309862 0.851619 0.136137 0.9261949 0.1959135 0.4678887 0.2295649 0.1489238 0.2240114 0.4351175 0.2295649 0.1489238 0.1959135 0.4678887 0.1330904 0.2534248 0.2295649 0.1489238 0.1330904 0.2534248 0.136877 0.07527786 0.1330904 0.2534248 0.06942677 0.4336391 0 0.4538561 0.1959135 0.4678887 0.06942677 0.4336391 0.1330904 0.2534248 0.1330904 0.2534248 0.07592582 0.1971701 0.136877 0.07527786 0.07592582 0.1971701 0.1330904 0.2534248 1.33156e-4 0.2758178 0.136137 0.9261949 0.05663561 0.8552184 0.07439643 0.7832096 0.1959135 0.4678887 0.09473407 0.4675252 0.06942677 0.4336391 0.09898847 0.02901172 0.1925582 0.008680701 0.08154553 0.03467351 0.08154553 0.03467351 0.1925582 0.008680701 0.2232309 0.002562642 0.2002308 0.007172942 0.1925582 0.008680701 0.09898847 0.02901172 0.1212298 0.04700076 0.2202262 0.007863938 0.136877 0.07527786 0.1212298 0.04700076 0.136877 0.07527786 0.07439768 0.08286005 0.05774021 0.04024827 0.08154553 0.03467351 0.001946151 0.0710147 0 0.05894231 0.04128128 0.04172939 0.001946151 0.0710147 0 0.05894231 0.04693752 0.04141074 0.04128128 0.04172939 0.04693752 0.04141074 0 0.05894231 0.08736014 0.05111426 0.08736014 0.05111426 0.07818025 0.0354228 0.04693752 0.04141074 0.09898847 0.02901172 0.07818025 0.0354228 0.08736014 0.05111426 0.136877 0.07476222 0.07592648 0.08845728 0.05663573 0.1447816 0.001389384 0.2160452 0.05663573 0.1447816 1.33151e-4 0.1127889 0.07592648 0.08845728 1.33151e-4 0.1127889 0.05663573 0.1447816 0.08736014 0.05111426 0 0.05894231 1.33151e-4 0.1127889 0.1212298 0.04700076 0.001946151 0.0710147 0.08154553 0.03467351 0.001946151 0.0710147 0.04128128 0.04172939 0.05774021 0.04024827 0.05663615 0.140011 0.001394391 0.1511033 0.07439768 0.08286005 0.001946151 0.0710147 0.07439768 0.08286005 0.001394391 0.1511033 0.2202262 0.007863938 0.1212298 0.04700076 0.2232309 0.002562642 0.2232309 0.002562642 0.1212298 0.04700076 0.08154553 0.03467351 0.07439768 0.08286005 0.001946151 0.0710147 0.1212298 0.04700076 0.2002308 0.007172942 0.2305178 0.001146793 0.2244918 0.001976251 0.2305178 0.001146793 0.2002308 0.007172942 0.1638903 0.02937757 0.2305178 0.001146793 0.1638903 0.02937757 0.136877 0.07476222 0.2002308 0.007172942 0.08736014 0.05111426 0.1638903 0.02937757 0.1638903 0.02937757 0.07592648 0.08845728 0.136877 0.07476222 0.07592648 0.08845728 0.1638903 0.02937757 0.08736014 0.05111426 0.07592648 0.08845728 0.08736014 0.05111426 1.33151e-4 0.1127889 0.136877 0.07527786 0.05663615 0.140011 0.07439768 0.08286005 0.2002308 0.007172942 0.09898847 0.02901172 0.08736014 0.05111426 0.2497217 0.4843743 0.239805 0.5498058 0.2790698 0.4989194 0.03897613 0.4977284 0.04961872 0.5478147 0 0.4417679 0.05221682 0.7974752 0.07914328 0.7961979 0 0.7499804 0 0.7991628 0.05221682 0.7974752 0 0.7499804 0 0.7499804 0.07914328 0.7961979 0.2133272 0.7963642 0.2790698 0.7719818 0.2133272 0.7963642 0.2452381 0.799677 0.2790698 0.7719818 0.2452381 0.799677 0.2790698 0.7991679 0.2133272 0.7963642 0.07914328 0.7961979 0.09800702 0.8011196 0.2133272 0.7963642 0.09800702 0.8011196 0.1908871 0.8018748 0.1908871 0.8018748 0.09800702 0.8011196 0.1969514 0.7995134 0.2790698 0.7991679 0.2253788 0.7960167 0.2790698 0.7490882 0.1969514 0.7995134 0.09800702 0.8011196 0.06664085 0.7962946 0.1969514 0.7995134 0.06664085 0.7962946 0.2253788 0.7960167 0.2253788 0.7960167 0.06664085 0.7962946 0 0.7723897 0 0.7723897 0.06664085 0.7962946 0 0.7991628 0.2790698 0.7991679 0.2505008 0.8016678 0.2253788 0.7960167 0.2790698 0.7991679 0.2452381 0.799677 0.2505008 0.8016678 0.2790698 0.2008323 0.2263576 0.20384 0.2503784 0.1983892 0 0.2507874 0.04671001 0.2005785 0.07953476 0.2037434 0 0.2008368 0.04671001 0.2005785 0 0.2507874 0.07953476 0.2037434 0.2263576 0.20384 0.2790698 0.2277169 0.2790698 0.2277169 0.2263576 0.20384 0.2790698 0.2008323 0.09928894 0.1983584 0.1971323 0.2002881 0.1970005 0.2005162 0.09928894 0.1983584 0.1970005 0.2005162 0.07953476 0.2037434 0.07953476 0.2037434 0.1970005 0.2005162 0.2263576 0.20384 0.1971323 0.2002881 0.09928894 0.1983584 0.07569378 0.2038637 0.2790698 0.2008323 0.2297758 0.2039029 0.2790698 0.250132 0.2790698 0.250132 0.2297758 0.2039029 0.07569378 0.2038637 0.2297758 0.2039029 0.1971323 0.2002881 0.07569378 0.2038637 0 0.2278999 0.07569378 0.2038637 0.0449807 0.2001504 0 0.2278999 0.0449807 0.2001504 0 0.2008368 0.2790698 0.2008323 0.2503784 0.1983892 0.2297758 0.2039029 0 0.7991628 0.04024654 0.801641 0.05221682 0.7974752 0 0.7991628 0.06664085 0.7962946 0.04024654 0.801641 0 0.2008368 0.0449807 0.2001504 0.04671001 0.2005785 0.2790698 0.4989194 0.239805 0.5498058 0.2790698 0.6379875 0.2790698 0.6379875 0.239805 0.5498058 0.2064557 0.5540359 0.2064557 0.5540359 0.08864384 0.5500379 0.05527526 0.5538832 0.2064557 0.5540359 0.05527526 0.5538832 0 0.6032671 0.05527526 0.5538832 0 0.5009717 0 0.6032671 0.08864384 0.5500379 0.2064557 0.5540359 0.1908478 0.4923284 0.08864384 0.5500379 0.1908478 0.4923284 0.09788107 0.4810479 0.203764 0.4449284 0.065068 0.4396983 0.09788107 0.4810479 0.203764 0.4449284 0.09788107 0.4810479 0.1908478 0.4923284 0.203764 0.4449284 0.2274487 0.4358679 0 0.3642487 0.065068 0.4396983 0.203764 0.4449284 0 0.3642487 0 0.5009717 0.03974598 0.4919141 0 0.3642487 0 0.3642487 0.03974598 0.4919141 0.065068 0.4396983 0.05527526 0.5538832 0.03974598 0.4919141 0 0.5009717 0 0.4417679 0.04961872 0.5478147 0 0.6376832 0 0.6376832 0.04961872 0.5478147 0.08313566 0.5547405 0.08313566 0.5547405 0.1986818 0.5409079 0.2274733 0.5641119 0.08313566 0.5547405 0.2274733 0.5641119 0.2790698 0.6043215 0.2497361 0.5156061 0.2790698 0.5009535 0.2790698 0.6043215 0.2497361 0.5156061 0.2790698 0.6043215 0.2274733 0.5641119 0.2398104 0.4502114 0.2139286 0.4359664 0.2790698 0.3636187 0.2139286 0.4359664 0.09810739 0.4830378 0.2790698 0.3636187 0.2790698 0.3636187 0.09810739 0.4830378 0.07533711 0.4355346 0.07533711 0.4355346 0.05003231 0.4510207 0 0.4417679 0 0.4417679 0.05003231 0.4510207 0.03897613 0.4977284 0.1986818 0.5409079 0.08313566 0.5547405 0.09810739 0.4830378 0.09810739 0.4830378 0.2139286 0.4359664 0.1933144 0.4735947 0.09810739 0.4830378 0.1933144 0.4735947 0.1986818 0.5409079 0.2274487 0.4358679 0.2497217 0.4843743 0.2790698 0.3943028 0.2790698 0.3943028 0.2497217 0.4843743 0.2790698 0.4989194 0.2790698 0.5009535 0.2497361 0.5156061 0.2398104 0.4502114 0.2790698 0.5009535 0.2398104 0.4502114 0.2790698 0.3636187 0.2790698 0.250132 0.07569378 0.2038637 0 0.2278999 0.2790698 0.250132 0 0.2278999 0 0.3642487 0.2790698 0.250132 0 0.3642487 0.2790698 0.3943028 0.2790698 0.3943028 0 0.3642487 0.2274487 0.4358679 0.2790698 0.6379875 0.2064557 0.5540359 0 0.6032671 0.2790698 0.6379875 0 0.6032671 0 0.7499804 0.2790698 0.6379875 0 0.7499804 0.2790698 0.7719818 0.2790698 0.7719818 0 0.7499804 0.2133272 0.7963642 0.2790698 0.7490882 0.2253788 0.7960167 0 0.7723897 0.2790698 0.7490882 0 0.7723897 0 0.6376832 0.2790698 0.7490882 0 0.6376832 0.2790698 0.6043215 0.2790698 0.6043215 0 0.6376832 0.08313566 0.5547405 0.2790698 0.3636187 0.07533711 0.4355346 0 0.4417679 0.2790698 0.3636187 0 0.4417679 0 0.2507874 0.2790698 0.3636187 0 0.2507874 0.2790698 0.2277169 0.2790698 0.2277169 0 0.2507874 0.07953476 0.2037434 0.2790698 0.2008323 0.2790698 0.3636187 0.2790698 0.2277169 0.2790698 0.2008323 0.2790698 0.5009535 0.2790698 0.3636187 0.2790698 0.7490882 0.2790698 0.6043215 0.2790698 0.2008323 0.2790698 0.2008323 0.2790698 0.6043215 0.2790698 0.5009535 0.2790698 0.2008323 0.2790698 0.7991679 0.2790698 0.7490882 0.2790698 0.6379875 0.2790698 0.7719818 0.2790698 0.2008323 0.2790698 0.2008323 0.2790698 0.7719818 0.2790698 0.7991679 0.2790698 0.3943028 0.2790698 0.4989194 0.2790698 0.2008323 0.2790698 0.2008323 0.2790698 0.4989194 0.2790698 0.6379875 0.2790698 0.2008323 0.2790698 0.250132 0.2790698 0.3943028 0.1925606 0.9913198 0.2002494 0.99283 0.1908871 0.8018748 0.2133272 0.7963642 0.2002494 0.99283 0.2314824 0.9986669 0.2002494 0.99283 0.2133272 0.7963642 0.1908871 0.8018748 0.1969514 0.7995134 0.1925606 0.9913198 0.1908871 0.8018748 0.2253788 0.7960167 0.2232394 0.9974405 0.1969514 0.7995134 0.1969514 0.7995134 0.2232394 0.9974405 0.1925606 0.9913198 0.2133272 0.7963642 0.2314824 0.9986669 0.2452381 0.799677 0.2508092 1 0.2452381 0.799677 0.2314824 0.9986669 0.2452381 0.799677 0.2508092 1 0.2505008 0.8016678 0.2505008 0.8016678 0.2508092 1 0.2232394 0.9974405 0.2505008 0.8016678 0.2232394 0.9974405 0.2253788 0.7960167 0.2232309 0.002562642 0.2503784 0.1983892 0.2490502 0 0.2232309 0.002562642 0.2297758 0.2039029 0.2503784 0.1983892 0.2297758 0.2039029 0.2232309 0.002562642 0.1971323 0.2002881 0.1971323 0.2002881 0.2232309 0.002562642 0.1925582 0.008680701 0.1925582 0.008680701 0.1970005 0.2005162 0.1971323 0.2002881 0.1970005 0.2005162 0.1925582 0.008680701 0.2002308 0.007172942 0.1970005 0.2005162 0.2002308 0.007172942 0.2263576 0.20384 0.2002308 0.007172942 0.2244918 0.001976251 0.2263576 0.20384 0.2263576 0.20384 0.2244918 0.001976251 0.2490502 0 0.2263576 0.20384 0.2490502 0 0.2503784 0.1983892 0.08456027 0.9663667 0.09800702 0.8011196 0.07914328 0.7961979 0.09800702 0.8011196 0.08456027 0.9663667 0.0982024 0.9707173 0.09800702 0.8011196 0.0982024 0.9707173 0.07888096 0.9646164 0.09800702 0.8011196 0.07888096 0.9646164 0.06664085 0.7962946 0.06664085 0.7962946 0.07888096 0.9646164 0.054273 0.9593087 0.06664085 0.7962946 0.054273 0.9593087 0.04024654 0.801641 0.04024654 0.801641 0.054273 0.9593087 0.0402435 0.9582366 0.0402435 0.9582366 0.05221682 0.7974752 0.04024654 0.801641 0.0402435 0.9582366 0.05502581 0.9594023 0.05221682 0.7974752 0.05221682 0.7974752 0.05502581 0.9594023 0.07914328 0.7961979 0.05502581 0.9594023 0.08456027 0.9663667 0.07914328 0.7961979 0.08154553 0.03467351 0.07569378 0.2038637 0.09898847 0.02901172 0.09898847 0.02901172 0.07569378 0.2038637 0.09928894 0.1983584 0.07569378 0.2038637 0.08154553 0.03467351 0.05774021 0.04024827 0.07569378 0.2038637 0.05774021 0.04024827 0.0449807 0.2001504 0.05774021 0.04024827 0.04128128 0.04172939 0.0449807 0.2001504 0.04128128 0.04172939 0.04671001 0.2005785 0.0449807 0.2001504 0.04671001 0.2005785 0.04128128 0.04172939 0.04693752 0.04141074 0.04693752 0.04141074 0.07818025 0.0354228 0.04671001 0.2005785 0.04671001 0.2005785 0.07818025 0.0354228 0.07953476 0.2037434 0.09898847 0.02901172 0.09928894 0.1983584 0.07818025 0.0354228 0.07818025 0.0354228 0.09928894 0.1983584 0.07953476 0.2037434 0.05788373 0.5613438 0.04126137 0.5207888 0.05527526 0.5538832 0.05527526 0.5538832 0.04126137 0.5207888 0.03974598 0.4919141 0.03974598 0.4919141 0.04126137 0.5207888 0.04693794 0.458055 0.03974598 0.4919141 0.04693794 0.458055 0.065068 0.4396983 0.04693794 0.458055 0.06942677 0.4336391 0.065068 0.4396983 0.065068 0.4396983 0.06942677 0.4336391 0.09473407 0.4675252 0.065068 0.4396983 0.09473407 0.4675252 0.09788107 0.4810479 0.09788107 0.4810479 0.09473407 0.4675252 0.0982412 0.5272282 0.07986074 0.5655342 0.08864384 0.5500379 0.0982412 0.5272282 0.0982412 0.5272282 0.08864384 0.5500379 0.09788107 0.4810479 0.08864384 0.5500379 0.07986074 0.5655342 0.05527526 0.5538832 0.05527526 0.5538832 0.07986074 0.5655342 0.05788373 0.5613438 0.08313566 0.5547405 0.08454179 0.5546641 0.09820199 0.4861801 0.08313566 0.5547405 0.09820199 0.4861801 0.09810739 0.4830378 0.07868021 0.4374423 0.07533711 0.4355346 0.09810739 0.4830378 0.07868021 0.4374423 0.09810739 0.4830378 0.09820199 0.4861801 0.07533711 0.4355346 0.07868021 0.4374423 0.04979526 0.4538617 0.07533711 0.4355346 0.04979526 0.4538617 0.05003231 0.4510207 0.05003231 0.4510207 0.04979526 0.4538617 0.03897613 0.4977284 0.03897613 0.4977284 0.04979526 0.4538617 0.03905308 0.5078578 0.03897613 0.4977284 0.03905308 0.5078578 0.04961872 0.5478147 0.04961872 0.5478147 0.03905308 0.5078578 0.05236703 0.5526124 0.04961872 0.5478147 0.05236703 0.5526124 0.08313566 0.5547405 0.05236703 0.5526124 0.08454179 0.5546641 0.08313566 0.5547405 0.2064557 0.5540359 0.1977728 0.5411291 0.1908478 0.4923284 0.1908478 0.4923284 0.1977728 0.5411291 0.1959135 0.4678887 0.1959135 0.4678887 0.203764 0.4449284 0.1908478 0.4923284 0.1959135 0.4678887 0.2240114 0.4351175 0.203764 0.4449284 0.203764 0.4449284 0.2240114 0.4351175 0.2274487 0.4358679 0.2274487 0.4358679 0.2240114 0.4351175 0.2489684 0.4908872 0.2274487 0.4358679 0.2489684 0.4908872 0.2497217 0.4843743 0.2281641 0.5611838 0.239805 0.5498058 0.2489684 0.4908872 0.2489684 0.4908872 0.239805 0.5498058 0.2497217 0.4843743 0.239805 0.5498058 0.2281641 0.5611838 0.2064557 0.5540359 0.2064557 0.5540359 0.2281641 0.5611838 0.1977728 0.5411291 0.2274733 0.5641119 0.2240138 0.5648803 0.2489678 0.509114 0.2274733 0.5641119 0.2489678 0.509114 0.2497361 0.5156061 0.2281458 0.4388019 0.2398104 0.4502114 0.2489678 0.509114 0.2489678 0.509114 0.2398104 0.4502114 0.2497361 0.5156061 0.2398104 0.4502114 0.2281458 0.4388019 0.2139286 0.4359664 0.197766 0.4588946 0.1933144 0.4735947 0.2139286 0.4359664 0.197766 0.4588946 0.2139286 0.4359664 0.2281458 0.4388019 0.1933144 0.4735947 0.197766 0.4588946 0.1960197 0.5325213 0.1933144 0.4735947 0.1960197 0.5325213 0.1986818 0.5409079 0.1960197 0.5325213 0.2240138 0.5648803 0.1986818 0.5409079 0.1986818 0.5409079 0.2240138 0.5648803 0.2274733 0.5641119 0.9300717 0.6953428 1 0.7211401 1 0.6581751 0.9300717 0.6953428 1 0.6581751 0.9304686 0.6228824 0.9304686 0.6228824 1 0.6581751 1 0.6047286 1 0.6047286 0.9313868 0.6103577 0.9304686 0.6228824 0.9313868 0.6103577 1 0.6047286 1 0.6557421 0.9313868 0.6103577 1 0.6557421 0.9292775 0.6763982 0.9292775 0.6763982 1 0.6557421 1 0.7183987 0.9292775 0.6763982 1 0.7183987 0.9319232 0.7269027 1 0.7211401 0.9319232 0.7269027 1 0.7183987 0.9300717 0.6953428 0.9319232 0.7269027 1 0.7211401 0.6512358 0.6973827 0.5819352 0.7109264 0.5806763 0.6447842 0.6512358 0.6973827 0.5806763 0.6447842 0.6509279 0.6231537 0.5830181 0.6037496 0.6509279 0.6231537 0.5806763 0.6447842 0.6509279 0.6231537 0.5830181 0.6037496 0.6495479 0.6039357 0.6495479 0.6039357 0.5830181 0.6037496 0.5806912 0.6695432 0.6495479 0.6039357 0.5806912 0.6695432 0.6518386 0.6729723 0.5832186 0.7285274 0.6492599 0.7293747 0.6518386 0.6729723 0.5832186 0.7285274 0.6518386 0.6729723 0.5806912 0.6695432 0.6492599 0.7293747 0.5832186 0.7285274 0.5819352 0.7109264 0.6492599 0.7293747 0.5819352 0.7109264 0.6512358 0.6973827 0.931706 0.3944277 1 0.3952783 1 0.3442691 0.931706 0.3944277 1 0.3442691 0.9292368 0.3480255 0.9292368 0.3480255 1 0.3442691 0.9304683 0.292895 0.9304683 0.292895 1 0.3442691 1 0.2816021 1 0.278863 0.9313825 0.2804183 1 0.2816021 1 0.2816021 0.9313825 0.2804183 0.9304683 0.292895 0.9313825 0.2804183 1 0.278863 1 0.3418754 0.9313825 0.2804183 1 0.3418754 0.9292801 0.3464176 0.9292801 0.3464176 1 0.3418754 1 0.3952783 0.9292801 0.3464176 1 0.3952783 0.9316135 0.3934586 1 0.3952783 0.931706 0.3944277 0.9316135 0.3934586 0.6513528 0.3617666 0.5831907 0.3982468 0.5807268 0.3432919 0.5828842 0.2753679 0.6506786 0.2885737 0.5807268 0.3432919 0.5807268 0.3432919 0.6506786 0.2885737 0.6513528 0.3617666 0.6506786 0.2885737 0.5828842 0.2753679 0.6492863 0.2708826 0.6492863 0.2708826 0.5828842 0.2753679 0.5818592 0.291136 0.6492863 0.2708826 0.5818592 0.291136 0.6518741 0.3303732 0.6518741 0.3303732 0.5818592 0.291136 0.5807331 0.358384 0.5831907 0.3982468 0.6494842 0.3967746 0.5807331 0.358384 0.5807331 0.358384 0.6494842 0.3967746 0.6518741 0.3303732 0.6494842 0.3967746 0.5831907 0.3982468 0.6513528 0.3617666 1 0 0.9302326 0.15 0.2202262 0.007863938 0.2202262 0.007863938 0.9302326 0.15 0.2295649 0.1489238 0.2202262 0.007863938 0.2295649 0.1489238 0.136877 0.07527786 1 1 0.9302326 0.85 1 0 1 0 0.9302326 0.85 0.9302326 0.15 0.9302326 0.85 1 1 0.2309862 0.851619 0.2309862 0.851619 1 1 0.2301124 0.9986072 0.2309862 0.851619 0.2301124 0.9986072 0.136137 0.9261949 0.9302326 0.15 1 0 0.2309904 0.1489027 0.2309904 0.1489027 1 0 0.2305178 0.001146793 0.2309904 0.1489027 0.136877 0.07476222 0.1726332 0.1444526 0.2309904 0.1489027 0.2305178 0.001146793 0.136877 0.07476222 0.9302326 0.85 1 1 0.9302326 0.15 0.9302326 0.15 1 1 1 0 1 1 0.9302326 0.85 0.2310266 0.9991551 0.2310266 0.9991551 0.9302326 0.85 0.2299833 0.8513109 0.2310266 0.9991551 0.1368771 0.9247223 0.1730369 0.9635367 0.2310266 0.9991551 0.2299833 0.8513109 0.1368771 0.9247223 0.4125188 0.3346601 0.3686745 0.3099159 0.3805326 0.4244453 0.4125188 0.3346601 0.3805326 0.4244453 0.4300851 0.3945869 0.4300851 0.3945869 0.3805326 0.4244453 0.4438046 0.4876886 0.4300851 0.3945869 0.4438046 0.4876886 0.457339 0.3918399 0.457339 0.3918399 0.4438046 0.4876886 0.5098902 0.3784904 0.457339 0.3918399 0.5098902 0.3784904 0.4712095 0.3346877 0.4712095 0.3346877 0.5098902 0.3784904 0.5035366 0.2432223 0.4712095 0.3346877 0.5035366 0.2432223 0.453634 0.2754026 0.453634 0.2754026 0.5035366 0.2432223 0.458128 0.1827251 0.453634 0.2754026 0.458128 0.1827251 0.4263709 0.2781746 0.4263709 0.2781746 0.458128 0.1827251 0.3965004 0.2089673 0.4263709 0.2781746 0.3965004 0.2089673 0.4125188 0.3346601 0.4125188 0.3346601 0.3965004 0.2089673 0.3686745 0.3099159 0.5098902 0.3784904 0.5098903 0.2915095 0.5035366 0.2432223 0.5035366 0.2432223 0.5098903 0.2915095 0.458128 0.1827251 0.458128 0.1827251 0.5098903 0.2915095 0.4438046 0.1823113 0.458128 0.1827251 0.4438046 0.1823113 0.3965004 0.2089673 0.3965004 0.2089673 0.4438046 0.1823113 0.3805326 0.2455547 0.3965004 0.2089673 0.3805326 0.2455547 0.3686745 0.3099159 0.3686745 0.3099159 0.3805326 0.2455547 0.3767738 0.3962228 0.3686745 0.3099159 0.3767738 0.3962228 0.3805326 0.4244453 0.3805326 0.4244453 0.3767738 0.3962228 0.4438046 0.4876886 0.4438046 0.4876886 0.3767738 0.3962228 0.4320468 0.4980842 0.4438046 0.4876886 0.4320468 0.4980842 0.4902653 0.4514901 0.4438046 0.4876886 0.4902653 0.4514901 0.5098902 0.3784904 0.5098902 0.3784904 0.4902653 0.4514901 0.5098903 0.2915095 0.4125188 0.6646602 0.3686745 0.6399158 0.3805327 0.7544456 0.4125188 0.6646602 0.3805327 0.7544456 0.4300851 0.724587 0.4300851 0.724587 0.3805327 0.7544456 0.4438045 0.8176887 0.4300851 0.724587 0.4438045 0.8176887 0.4573392 0.7218398 0.4573392 0.7218398 0.4438045 0.8176887 0.5098902 0.7084904 0.4573392 0.7218398 0.5098902 0.7084904 0.4712095 0.6646876 0.4712095 0.6646876 0.5098902 0.7084904 0.5035366 0.5732223 0.4712095 0.6646876 0.5035366 0.5732223 0.453634 0.6054025 0.453634 0.6054025 0.5035366 0.5732223 0.4581282 0.5127252 0.453634 0.6054025 0.4581282 0.5127252 0.426371 0.6081745 0.426371 0.6081745 0.4581282 0.5127252 0.3965004 0.5389673 0.426371 0.6081745 0.3965004 0.5389673 0.4125188 0.6646602 0.4125188 0.6646602 0.3965004 0.5389673 0.3686745 0.6399158 0.5098902 0.7084904 0.5135484 0.6395805 0.5035366 0.5732223 0.5035366 0.5732223 0.5135484 0.6395805 0.4793175 0.5279389 0.5035366 0.5732223 0.4793175 0.5279389 0.4581282 0.5127252 0.4581282 0.5127252 0.4793175 0.5279389 0.4320468 0.4980842 0.4581282 0.5127252 0.4320468 0.4980842 0.3965004 0.5389673 0.3965004 0.5389673 0.4320468 0.4980842 0.3805326 0.5755547 0.3965004 0.5389673 0.3805326 0.5755547 0.3686745 0.6399158 0.3686745 0.6399158 0.3805326 0.5755547 0.3686745 0.6900846 0.3686745 0.6399158 0.3686745 0.6900846 0.3805327 0.7544456 0.3805327 0.7544456 0.3686745 0.6900846 0.3965005 0.7910329 0.3805327 0.7544456 0.3965005 0.7910329 0.4438045 0.8176887 0.4438045 0.8176887 0.3965005 0.7910329 0.4581281 0.8172748 0.4438045 0.8176887 0.4581281 0.8172748 0.5098902 0.7084904 0.5098902 0.7084904 0.4581281 0.8172748 0.5035364 0.7567782 0.5098902 0.7084904 0.5035364 0.7567782 0.5135484 0.6395805 0.7453381 0.2066164 0.7175118 0.3075653 0.7613559 0.3323101 0.7613559 0.3323101 0.7175118 0.3075653 0.7293698 0.4220952 0.7613559 0.3323101 0.7293698 0.4220952 0.7789226 0.392237 0.7789226 0.392237 0.7293698 0.4220952 0.7926419 0.4853386 0.7789226 0.392237 0.7926419 0.4853386 0.8061763 0.3894897 0.8061763 0.3894897 0.7926419 0.4853386 0.8587275 0.3761405 0.8061763 0.3894897 0.8587275 0.3761405 0.8200467 0.3323373 0.8200467 0.3323373 0.8587275 0.3761405 0.8523736 0.2408717 0.8200467 0.3323373 0.8523736 0.2408717 0.8024715 0.2730525 0.8024715 0.2730525 0.8523736 0.2408717 0.8069656 0.1803752 0.8024715 0.2730525 0.8069656 0.1803752 0.7752081 0.2758244 0.7752081 0.2758244 0.8069656 0.1803752 0.7453381 0.2066164 0.7752081 0.2758244 0.7453381 0.2066164 0.7613559 0.3323101 0.8587275 0.3761405 0.8571923 0.2696872 0.8523736 0.2408717 0.8523736 0.2408717 0.8571923 0.2696872 0.8069656 0.1803752 0.8069656 0.1803752 0.8571923 0.2696872 0.7926415 0.1799616 0.8069656 0.1803752 0.7926415 0.1799616 0.7453381 0.2066164 0.7453381 0.2066164 0.7926415 0.1799616 0.7293695 0.2432055 0.7453381 0.2066164 0.7293695 0.2432055 0.7175118 0.3075653 0.7175118 0.3075653 0.7293695 0.2432055 0.7175118 0.3577347 0.7175118 0.3075653 0.7175118 0.3577347 0.7293698 0.4220952 0.7293698 0.4220952 0.7175118 0.3577347 0.7540705 0.4675951 0.7293698 0.4220952 0.7540705 0.4675951 0.7926419 0.4853386 0.7926419 0.4853386 0.7540705 0.4675951 0.7999132 0.5038101 0.7926419 0.4853386 0.7999132 0.5038101 0.8510496 0.4196429 0.7926419 0.4853386 0.8510496 0.4196429 0.8587275 0.3761405 0.8587275 0.3761405 0.8510496 0.4196429 0.8571923 0.2696872 0.7613455 0.6674892 0.717512 0.6420753 0.7359012 0.7701268 0.7613455 0.6674892 0.7359012 0.7701268 0.7788981 0.7267343 0.7788981 0.7267343 0.7359012 0.7701268 0.8015798 0.8216153 0.7788981 0.7267343 0.8015798 0.8216153 0.811231 0.7120268 0.811231 0.7120268 0.8015798 0.8216153 0.8503486 0.764918 0.811231 0.7120268 0.8503486 0.764918 0.8630785 0.6534247 0.811231 0.7120268 0.8630785 0.6534247 0.8188471 0.6441137 0.8188471 0.6441137 0.8630785 0.6534247 0.8240917 0.5284211 0.8188471 0.6441137 0.8240917 0.5284211 0.7870107 0.6070116 0.7870107 0.6070116 0.8240917 0.5284211 0.7540886 0.5322214 0.7870107 0.6070116 0.7540886 0.5322214 0.7613455 0.6674892 0.7613455 0.6674892 0.7540886 0.5322214 0.717512 0.6420753 0.8630785 0.6534247 0.8653082 0.683687 0.8544647 0.5859687 0.8630785 0.6534247 0.8544647 0.5859687 0.8240917 0.5284211 0.8240917 0.5284211 0.8544647 0.5859687 0.7999132 0.5038101 0.8240917 0.5284211 0.7999132 0.5038101 0.7540886 0.5322214 0.7540886 0.5322214 0.7999132 0.5038101 0.7358955 0.564596 0.7540886 0.5322214 0.7358955 0.564596 0.717512 0.6420753 0.717512 0.6420753 0.7358955 0.564596 0.717512 0.6922743 0.717512 0.6420753 0.717512 0.6922743 0.7359012 0.7701268 0.7359012 0.7701268 0.717512 0.6922743 0.7627769 0.8076223 0.7359012 0.7701268 0.7627769 0.8076223 0.8015798 0.8216153 0.8015798 0.8216153 0.7627769 0.8076223 0.8391028 0.7836399 0.8015798 0.8216153 0.8391028 0.7836399 0.8503486 0.764918 0.8503486 0.764918 0.8391028 0.7836399 0.8630785 0.6534247 0.8630785 0.6534247 0.8391028 0.7836399 0.8653082 0.683687 0.4712085 0.3353118 0.5156156 0.3493092 0.4830641 0.4637023 0.4712085 0.3353118 0.4830641 0.4637023 0.4536378 0.3945848 0.4536378 0.3945848 0.4830641 0.4637023 0.4212721 0.4880812 0.4536378 0.3945848 0.4212721 0.4880812 0.4213504 0.3799468 0.4213504 0.3799468 0.4212721 0.4880812 0.3738307 0.3784904 0.4213504 0.3799468 0.3738307 0.3784904 0.413726 0.3118869 0.413726 0.3118869 0.3738307 0.3784904 0.3801844 0.2432223 0.413726 0.3118869 0.3801844 0.2432223 0.4455764 0.2748687 0.4455764 0.2748687 0.3801844 0.2432223 0.4255928 0.1827251 0.4455764 0.2748687 0.4255928 0.1827251 0.4926818 0.2234826 0.4455764 0.2748687 0.4926818 0.2234826 0.4712085 0.3353118 0.4712085 0.3353118 0.4926818 0.2234826 0.5156156 0.3493092 0.3738307 0.3784904 0.3679592 0.3295451 0.3801844 0.2432223 0.3801844 0.2432223 0.3679592 0.3295451 0.3897078 0.2223015 0.3801844 0.2432223 0.3897078 0.2223015 0.4255928 0.1827251 0.4255928 0.1827251 0.3897078 0.2223015 0.4295531 0.1759099 0.4255928 0.1827251 0.4295531 0.1759099 0.475581 0.1930748 0.4255928 0.1827251 0.475581 0.1930748 0.4926818 0.2234826 0.4926818 0.2234826 0.475581 0.1930748 0.5129919 0.3021743 0.4926818 0.2234826 0.5129919 0.3021743 0.5156156 0.3493092 0.5156156 0.3493092 0.5129919 0.3021743 0.5001615 0.4327617 0.5156156 0.3493092 0.5001615 0.4327617 0.4830641 0.4637023 0.4830641 0.4637023 0.5001615 0.4327617 0.4530701 0.5106967 0.4830641 0.4637023 0.4530701 0.5106967 0.4212721 0.4880812 0.4212721 0.4880812 0.4530701 0.5106967 0.3934556 0.4514901 0.4212721 0.4880812 0.3934556 0.4514901 0.3738307 0.3784904 0.3738307 0.3784904 0.3934556 0.4514901 0.3679592 0.3295451 0.4712085 0.6653118 0.5156156 0.6793091 0.4830641 0.7937023 0.4712085 0.6653118 0.4830641 0.7937023 0.4536379 0.7245849 0.4536379 0.7245849 0.4830641 0.7937023 0.4212723 0.8180813 0.4536379 0.7245849 0.4212723 0.8180813 0.4213504 0.7099469 0.4213504 0.7099469 0.4212723 0.8180813 0.3738307 0.7084904 0.4213504 0.7099469 0.3738307 0.7084904 0.413726 0.641887 0.413726 0.641887 0.3738307 0.7084904 0.3801844 0.5732224 0.413726 0.641887 0.3801844 0.5732224 0.4455765 0.6048687 0.4455765 0.6048687 0.3801844 0.5732224 0.4255927 0.5127252 0.4455765 0.6048687 0.4255927 0.5127252 0.4926817 0.5534826 0.4455765 0.6048687 0.4926817 0.5534826 0.4712085 0.6653118 0.4712085 0.6653118 0.4926817 0.5534826 0.5156156 0.6793091 0.3738307 0.7084904 0.3725722 0.6962339 0.3801844 0.5732224 0.3801844 0.5732224 0.3725722 0.6962339 0.3976666 0.5410169 0.3801844 0.5732224 0.3976666 0.5410169 0.4255927 0.5127252 0.4255927 0.5127252 0.3976666 0.5410169 0.4530701 0.5106967 0.4255927 0.5127252 0.4530701 0.5106967 0.4926817 0.5534826 0.4926817 0.5534826 0.4530701 0.5106967 0.4976708 0.5572811 0.4926817 0.5534826 0.4976708 0.5572811 0.5156156 0.6506912 0.4926817 0.5534826 0.5156156 0.6506912 0.5156156 0.6793091 0.5156156 0.6793091 0.5156156 0.6506912 0.4926816 0.7765175 0.5156156 0.6793091 0.4926816 0.7765175 0.4830641 0.7937023 0.4830641 0.7937023 0.4926816 0.7765175 0.4255928 0.8172748 0.4830641 0.7937023 0.4255928 0.8172748 0.4212723 0.8180813 0.4212723 0.8180813 0.4255928 0.8172748 0.3738307 0.7084904 0.3738307 0.7084904 0.4255928 0.8172748 0.3725722 0.6962339 0.8200457 0.3329614 0.8644527 0.3469592 0.8319014 0.4613522 0.8200457 0.3329614 0.8319014 0.4613522 0.8024747 0.3922349 0.8024747 0.3922349 0.8319014 0.4613522 0.7701095 0.4857313 0.8024747 0.3922349 0.7701095 0.4857313 0.7701876 0.3775964 0.7701876 0.3775964 0.7701095 0.4857313 0.7226679 0.3761405 0.7701876 0.3775964 0.7226679 0.3761405 0.7625632 0.3095372 0.7625632 0.3095372 0.7226679 0.3761405 0.7290218 0.2408717 0.7625632 0.3095372 0.7290218 0.2408717 0.7944098 0.2725245 0.7944098 0.2725245 0.7290218 0.2408717 0.7744298 0.1803752 0.7944098 0.2725245 0.7744298 0.1803752 0.8415186 0.2211322 0.7944098 0.2725245 0.8415186 0.2211322 0.8200457 0.3329614 0.8200457 0.3329614 0.8415186 0.2211322 0.8644527 0.3469592 0.7226679 0.3761405 0.7226679 0.2891596 0.7290218 0.2408717 0.7290218 0.2408717 0.7226679 0.2891596 0.7744298 0.1803752 0.7744298 0.1803752 0.7226679 0.2891596 0.7701093 0.1795688 0.7744298 0.1803752 0.7701093 0.1795688 0.8319012 0.2039472 0.7744298 0.1803752 0.8319012 0.2039472 0.8415186 0.2211322 0.8415186 0.2211322 0.8319012 0.2039472 0.8644527 0.3183407 0.8415186 0.2211322 0.8644527 0.3183407 0.8644527 0.3469592 0.8644527 0.3469592 0.8644527 0.3183407 0.8415188 0.4441676 0.8644527 0.3469592 0.8415188 0.4441676 0.8319014 0.4613522 0.8319014 0.4613522 0.8415188 0.4441676 0.783331 0.5021706 0.8319014 0.4613522 0.783331 0.5021706 0.7701095 0.4857313 0.7701095 0.4857313 0.783331 0.5021706 0.7422929 0.4491401 0.7701095 0.4857313 0.7422929 0.4491401 0.7226679 0.3761405 0.7226679 0.3761405 0.7422929 0.4491401 0.7226679 0.2891596 0.8200461 0.6674796 0.864452 0.681495 0.8397501 0.7861266 0.8200461 0.6674796 0.8397501 0.7861266 0.802499 0.7267323 0.802499 0.7267323 0.8397501 0.7861266 0.7798154 0.8216153 0.802499 0.7267323 0.7798154 0.8216153 0.7701703 0.7120543 0.7701703 0.7120543 0.7798154 0.8216153 0.7310467 0.7649179 0.7701703 0.7120543 0.7310467 0.7649179 0.7183169 0.6534247 0.7701703 0.7120543 0.7183169 0.6534247 0.7625524 0.644056 0.7625524 0.644056 0.7183169 0.6534247 0.7415426 0.5453492 0.7625524 0.644056 0.7415426 0.5453492 0.7943885 0.6070103 0.7943885 0.6070103 0.7415426 0.5453492 0.7925099 0.5110077 0.7943885 0.6070103 0.7925099 0.5110077 0.8489778 0.5693344 0.7943885 0.6070103 0.8489778 0.5693344 0.8200461 0.6674796 0.8200461 0.6674796 0.8489778 0.5693344 0.864452 0.681495 0.7183169 0.6534247 0.7221916 0.7191965 0.7269307 0.5859687 0.7183169 0.6534247 0.7269307 0.5859687 0.7415426 0.5453492 0.7415426 0.5453492 0.7269307 0.5859687 0.783331 0.5021706 0.7415426 0.5453492 0.783331 0.5021706 0.7925099 0.5110077 0.7925099 0.5110077 0.783331 0.5021706 0.8454999 0.5645961 0.7925099 0.5110077 0.8454999 0.5645961 0.8489778 0.5693344 0.8489778 0.5693344 0.8454999 0.5645961 0.864452 0.681495 0.864452 0.681495 0.8454999 0.5645961 0.8640286 0.6910794 0.864452 0.681495 0.8640286 0.6910794 0.8397501 0.7861266 0.8397501 0.7861266 0.8640286 0.6910794 0.8360974 0.7931184 0.8397501 0.7861266 0.8360974 0.7931184 0.7798154 0.8216153 0.7798154 0.8216153 0.8360974 0.7931184 0.7744539 0.819417 0.7798154 0.8216153 0.7744539 0.819417 0.7310467 0.7649179 0.7310467 0.7649179 0.7744539 0.819417 0.7221916 0.7191965 0.7310467 0.7649179 0.7221916 0.7191965 0.7183169 0.6534247 1 0.9756106 0 0.93915 1 0.8730366 1 0.8730366 0 0.93915 0 0.6603578 1 0.8730366 0 0.6603578 1 0.6760498 1 0.6760498 0 0.6603578 1 0.3724677 1 0.3724677 0 0.6603578 0 0.2877638 1 0.3724677 0 0.2877638 1 0.1692551 1 0.1692551 0 0.2877638 0 0.03959006 1 0.1692551 0 0.03959006 1 0.04015296 1 0.04015296 0 0.03959006 1 0.02438956 1 0.02438956 0 0.03959006 0 0.0608502 1 0.02438956 0 0.0608502 1 0.1269633 1 0.1269633 0 0.0608502 0 0.3396421 1 0.1269633 0 0.3396421 1 0.3239506 1 0.3239506 0 0.3396421 1 0.6275306 1 0.6275306 0 0.3396421 0 0.7122378 1 0.6275306 0 0.7122378 1 0.8307405 1 0.8307405 0 0.7122378 0 0.9604098 1 0.8307405 0 0.9604098 1 0.9598468 1 0.9598468 0 0.9604098 1 0.9756106 1 0.9756106 0 0.9604098 0 0.93915 0 0.5994866 0 0.6603578 0 0.8048337 0 0.8048337 0 0.6603578 0 0.93915 0 0.8048337 0 0.93915 0 0.9049041 0 0.9049041 0 0.93915 0 0.9604098 0 0.9049041 0 0.9604098 0 0.7572883 0 0.09533494 0 0.0608502 0 0.03959006 0 0.09533494 0 0.03959006 0 0.1651395 0 0.1651395 0 0.03959006 0 0.2877638 0 0.1651395 0 0.2877638 0 0.3602533 0 0.3602533 0 0.2877638 0 0.5994866 0 0.5994866 0 0.2877638 0 0.6603578 0 0.9604098 0 0.7122378 0 0.7572883 0 0.7572883 0 0.7122378 0 0.4350409 0 0.4350409 0 0.7122378 0 0.3396421 0 0.4350409 0 0.3396421 0 0.1930533 0 0.1930533 0 0.3396421 0 0.0608502 0 0.1930533 0 0.0608502 0 0.09533494 0 0.9049041 1 0.8875455 0 0.8048337 0 0.8048337 1 0.8875455 1 0.738052 0 0.8048337 1 0.738052 0 0.5994866 0 0.5994866 1 0.738052 1 0.5122645 0 0.5994866 1 0.5122645 0 0.3602533 0 0.3602533 1 0.5122645 1 0.3095057 0 0.3602533 1 0.3095057 0 0.1651395 0 0.1651395 1 0.3095057 1 0.1397016 0 0.1651395 1 0.1397016 0 0.09533494 0 0.09533494 1 0.1397016 1 0.09764248 0 0.09533494 1 0.09764248 0 0.1930533 0 0.1930533 1 0.09764248 1 0.205708 0 0.1930533 1 0.205708 0 0.4350409 0 0.4350409 1 0.205708 1 0.3842623 0 0.4350409 1 0.3842623 1 0.5922025 0 0.4350409 1 0.5922025 0 0.7572883 0 0.7572883 1 0.5922025 1 0.799939 0 0.7572883 1 0.799939 0 0.9049041 0 0.9049041 1 0.799939 1 0.907879 0 0.9049041 1 0.907879 1 0.8875455 1 0.799939 1 0.8307405 1 0.9598468 1 0.799939 1 0.9598468 1 0.907879 1 0.907879 1 0.9598468 1 0.9756106 1 0.907879 1 0.9756106 1 0.8875455 1 0.8875455 1 0.9756106 1 0.738052 1 0.738052 1 0.9756106 1 0.8730366 1 0.738052 1 0.8730366 1 0.6760498 1 0.738052 1 0.6760498 1 0.5122645 1 0.5122645 1 0.6760498 1 0.3724677 1 0.5122645 1 0.3724677 1 0.3095057 1 0.3095057 1 0.3724677 1 0.1692551 1 0.3095057 1 0.1692551 1 0.1397016 1 0.1397016 1 0.1692551 1 0.04015296 1 0.1397016 1 0.04015296 1 0.09764248 1 0.04015296 1 0.02438956 1 0.09764248 1 0.09764248 1 0.02438956 1 0.205708 1 0.205708 1 0.02438956 1 0.1269633 1 0.205708 1 0.1269633 1 0.3239506 1 0.205708 1 0.3239506 1 0.3842623 1 0.3842623 1 0.3239506 1 0.5922025 1 0.5922025 1 0.3239506 1 0.6275306 1 0.5922025 1 0.6275306 1 0.799939 1 0.799939 1 0.6275306 1 0.8307405</float_array>
          <technique_common>
            <accessor source="#Shape_IndexedFaceSet_006-mesh-map-0-array" count="15672" stride="2">
              <param name="S" type="float"/>
              <param name="T" type="float"/>
            </accessor>
          </technique_common>
        </source>
        <vertices id="Shape_IndexedFaceSet_006-mesh-vertices">
          <input semantic="POSITION" source="#Shape_IndexedFaceSet_006-mesh-positions"/>
        </vertices>
        <triangles material="Shape_006-material" count="840">
          <input semantic="VERTEX" source="#Shape_IndexedFaceSet_006-mesh-vertices" offset="0"/>
          <input semantic="NORMAL" source="#Shape_IndexedFaceSet_006-mesh-normals" offset="1"/>
          <input semantic="TEXCOORD" source="#Shape_IndexedFaceSet_006-mesh-map-0" offset="2" set="0"/>
          <p>66 0 0 11 0 1 7 0 2 68 1 3 189 1 4 70 1 5 68 2 6 70 2 7 59 2 8 66 3 9 56 3 10 50 3 11 234 4 12 189 4 13 359 4 14 359 5 15 189 5 16 66 5 17 11 6 18 66 6 19 50 6 20 11 7 21 50 7 22 52 7 23 189 8 24 68 8 25 66 8 26 66 7 27 68 7 28 56 7 29 66 9 30 7 9 31 0 9 32 0 7 33 7 7 34 5 7 35 0 7 36 5 7 37 9 7 38 0 7 39 9 7 40 25 7 41 9 10 42 12 10 43 16 10 44 59 11 45 70 11 46 33 11 47 59 12 48 33 12 49 52 12 50 9 13 51 16 13 52 18 13 53 9 14 54 18 14 55 25 14 56 16 15 57 12 15 58 17 15 59 17 16 60 12 16 61 15 16 62 17 17 63 15 17 64 11 17 65 17 18 66 11 18 67 52 18 68 17 19 69 52 19 70 33 19 71 17 20 72 33 21 73 27 22 74 19 23 75 22 24 76 18 25 77 234 26 78 218 27 79 189 28 80 18 29 81 16 30 82 19 31 83 134 32 84 150 33 85 218 34 86 150 35 87 70 36 88 218 37 89 218 38 90 70 39 91 189 40 92 21 41 93 22 42 94 19 43 95 134 44 96 125 45 97 150 46 98 21 47 99 19 48 100 20 49 101 20 50 102 19 51 103 16 52 104 150 53 105 125 54 106 70 55 107 16 56 108 17 57 109 20 58 110 20 59 111 28 60 112 21 61 113 17 62 114 23 63 115 20 64 116 20 65 117 23 66 118 28 67 119 17 68 120 30 69 121 23 70 122 23 71 123 35 72 124 28 73 125 17 74 126 27 75 127 30 76 128 30 77 129 35 78 130 23 79 131 30 80 132 27 81 133 49 82 134 30 83 135 49 84 136 35 85 137 33 86 138 73 87 139 27 88 140 27 89 141 73 90 142 75 91 143 27 92 144 75 93 145 49 94 146 49 95 147 75 96 148 63 97 149 75 98 150 83 99 151 63 100 152 33 101 153 70 102 154 73 103 155 70 104 156 125 105 157 73 106 158 73 107 159 125 108 160 75 109 161 75 110 162 125 111 163 83 112 164 125 113 165 134 114 166 83 115 167 309 116 168 88 116 169 71 116 170 71 116 171 88 116 172 2 116 173 67 117 174 66 117 175 1 117 176 1 117 177 66 117 178 0 117 179 310 118 180 360 118 181 309 118 182 309 119 183 360 119 184 359 119 185 309 120 186 359 120 187 88 120 188 88 121 189 359 121 190 66 121 191 88 122 192 66 122 193 89 122 194 89 123 195 66 123 196 67 123 197 3 124 198 1 124 199 2 124 200 2 125 201 1 125 202 0 125 203 2 126 204 0 126 205 71 126 206 71 127 207 0 127 208 25 127 209 112 128 210 72 128 211 71 128 212 25 129 213 24 129 214 71 129 215 71 130 216 24 130 217 111 130 218 71 126 219 111 126 220 112 126 221 89 131 222 3 131 223 88 131 224 88 131 225 3 131 226 2 131 227 6 132 228 58 132 229 51 132 230 6 133 231 10 133 232 58 133 233 89 134 234 69 134 235 74 134 236 89 135 237 74 135 238 58 135 239 89 136 240 58 136 241 3 136 242 58 137 243 10 137 244 14 137 245 13 138 246 8 138 247 3 138 248 4 139 249 6 139 250 1 139 251 1 140 252 46 140 253 54 140 254 1 141 255 54 141 256 67 141 257 54 142 258 62 142 259 67 142 260 67 143 261 62 143 262 89 143 263 89 144 264 62 144 265 69 144 266 3 145 267 58 145 268 13 145 269 6 146 270 51 146 271 1 146 272 1 147 273 51 147 274 46 147 275 14 148 276 13 148 277 58 148 278 3 149 279 8 149 280 1 149 281 1 150 282 8 150 283 4 150 284 72 151 285 310 151 286 71 151 287 71 151 288 310 151 289 309 151 290 274 152 291 257 152 292 268 152 293 299 153 294 317 153 295 300 153 296 299 154 297 300 154 298 274 154 299 274 155 300 300 155 301 257 155 302 268 156 303 225 156 304 288 156 305 288 157 306 225 157 307 233 157 308 257 158 309 205 158 310 225 158 311 358 159 312 207 159 313 136 159 314 288 160 315 233 160 316 358 160 317 358 161 318 233 161 319 207 161 320 257 162 321 225 162 322 268 162 323 310 163 324 271 163 325 301 163 326 370 164 327 308 164 328 358 164 329 308 165 330 288 165 331 358 165 332 360 166 333 299 166 334 370 166 335 370 167 336 299 167 337 308 167 338 115 168 339 118 168 340 72 168 341 310 116 342 301 116 343 360 116 344 360 116 345 301 116 346 317 116 347 360 169 348 317 169 349 299 169 350 112 170 351 122 170 352 72 170 353 72 171 354 122 171 355 115 171 356 271 116 357 310 116 358 72 116 359 271 116 360 72 116 361 256 116 362 256 172 363 72 172 364 118 172 365 256 116 366 132 116 367 257 116 368 256 173 369 118 173 370 132 173 371 149 174 372 205 174 373 257 174 374 139 175 375 197 175 376 205 175 377 139 176 378 205 176 379 149 176 380 136 177 381 207 177 382 197 177 383 197 178 384 139 178 385 122 178 386 197 179 387 122 179 388 136 179 389 136 180 390 122 180 391 112 180 392 136 181 393 112 181 394 95 181 395 257 182 396 132 182 397 149 182 398 59 183 399 58 184 400 74 185 401 59 186 402 74 187 403 68 188 404 68 189 405 74 190 406 69 191 407 68 192 408 69 193 409 56 194 410 56 195 411 69 196 412 62 197 413 56 198 414 62 199 415 54 200 416 56 201 417 54 202 418 50 203 419 50 204 420 54 205 421 46 206 422 50 207 423 46 208 424 52 209 425 52 210 426 46 211 427 51 212 428 52 213 429 51 214 430 59 215 431 59 216 432 51 217 433 58 218 434 12 219 435 13 220 436 15 221 437 15 222 438 13 223 439 14 224 440 15 225 441 14 226 442 11 227 443 11 228 444 14 229 445 10 230 446 11 231 447 10 232 448 7 233 449 7 234 450 10 235 451 6 236 452 7 237 453 6 238 454 5 239 455 5 240 456 6 241 457 4 242 458 5 243 459 4 244 460 9 245 461 9 246 462 4 247 463 8 248 464 9 249 465 8 250 466 12 251 467 12 252 468 8 253 469 13 254 470 140 255 471 155 255 472 144 255 473 327 256 474 385 256 475 280 256 476 280 7 477 385 7 478 143 7 479 81 257 480 47 257 481 116 257 482 116 258 483 47 258 484 64 258 485 144 259 486 246 259 487 252 259 488 385 260 489 327 260 490 357 260 491 385 261 492 357 261 493 319 261 494 87 262 495 319 262 496 282 262 497 116 263 498 64 263 499 113 263 500 116 7 501 113 7 502 144 7 503 144 264 504 113 264 505 140 264 506 246 265 507 144 265 508 155 265 509 246 266 510 155 266 511 249 266 512 282 267 513 249 267 514 87 267 515 87 268 516 249 268 517 65 268 518 252 269 519 280 269 520 190 269 521 143 7 522 190 7 523 280 7 524 36 270 525 26 270 526 38 270 527 38 271 528 26 271 529 29 271 530 38 272 531 29 272 532 44 272 533 38 273 534 44 273 535 60 273 536 60 274 537 44 274 538 65 274 539 60 275 540 65 275 541 77 275 542 155 276 543 137 276 544 249 276 545 249 277 546 137 277 547 65 277 548 65 278 549 137 278 550 77 278 551 252 279 552 190 279 553 144 279 554 143 280 555 90 280 556 111 280 557 111 281 558 84 281 559 143 281 560 81 282 561 79 282 562 24 282 563 36 283 564 47 283 565 26 283 566 26 284 567 47 284 568 81 284 569 26 285 570 81 285 571 24 285 572 24 286 573 79 286 574 111 286 575 111 287 576 79 287 577 84 287 578 143 288 579 226 288 580 208 288 581 219 289 582 349 289 583 135 289 584 192 290 585 204 290 586 90 290 587 90 291 588 204 291 589 135 291 590 135 292 591 204 292 592 219 292 593 219 293 594 235 293 595 349 293 596 349 294 597 235 294 598 226 294 599 349 295 600 226 295 601 143 295 602 143 296 603 208 296 604 90 296 605 90 297 606 208 297 607 192 297 608 307 298 609 314 298 610 366 298 611 366 299 612 314 299 613 385 299 614 385 300 615 314 300 616 289 300 617 143 301 618 263 301 619 275 301 620 143 302 621 275 302 622 349 302 623 275 303 624 307 303 625 349 303 626 349 304 627 307 304 628 366 304 629 385 305 630 289 305 631 143 305 632 143 306 633 289 306 634 263 306 635 28 307 636 29 308 637 21 309 638 21 310 639 29 311 640 26 312 641 21 313 642 26 314 643 22 315 644 35 316 645 29 317 646 28 318 647 29 319 648 35 320 649 44 321 650 49 322 651 44 323 652 35 324 653 44 325 654 49 326 655 63 327 656 44 328 657 63 329 658 65 330 659 83 331 660 87 332 661 65 333 662 83 334 663 65 335 664 63 336 665 134 337 666 87 338 667 83 339 668 48 340 669 55 341 670 45 342 671 47 343 672 53 344 673 64 345 674 53 346 675 57 347 676 64 348 677 48 349 678 57 350 679 55 351 680 47 352 681 43 353 682 53 354 683 48 355 684 45 356 685 39 357 686 39 358 687 45 359 688 41 360 689 36 361 690 41 362 691 43 363 692 36 364 693 43 365 694 47 366 695 129 367 696 142 368 697 138 369 698 137 370 699 128 371 700 77 372 701 128 373 702 126 374 703 77 375 704 78 376 705 126 377 706 129 378 707 78 379 708 129 380 709 138 381 710 137 382 711 141 383 712 128 384 713 138 385 714 142 386 715 148 387 716 155 388 717 148 389 718 137 390 719 137 391 720 148 392 721 141 393 722 77 394 723 126 395 724 78 396 725 77 397 726 78 398 727 60 399 728 60 400 729 78 401 730 61 402 731 60 403 732 61 404 733 38 405 734 38 406 735 61 407 736 37 408 737 38 409 738 37 410 739 36 411 740 36 412 741 37 413 742 39 414 743 36 415 744 39 416 745 41 417 746 64 418 747 57 419 748 48 420 749 64 421 750 48 422 751 76 423 752 64 424 753 76 425 754 113 426 755 113 427 756 76 428 757 127 429 758 113 430 759 127 431 760 140 432 761 140 433 762 127 434 763 155 435 764 155 436 765 127 437 766 188 438 767 155 439 768 188 440 769 138 441 770 155 442 771 138 443 772 148 444 773 61 445 774 39 445 775 37 445 776 61 446 777 48 446 778 39 446 779 61 447 780 76 447 781 48 447 782 61 448 783 127 448 784 76 448 785 61 449 786 188 449 787 127 449 788 61 450 789 138 450 790 188 450 791 61 451 792 78 451 793 138 451 794 55 452 795 42 453 796 34 454 797 55 455 798 34 456 799 45 457 800 42 458 801 55 459 802 57 460 803 42 461 804 57 462 805 53 463 806 42 464 807 53 465 808 40 466 809 40 467 810 53 468 811 32 469 812 32 470 813 53 471 814 43 472 815 32 473 816 43 474 817 41 475 818 32 476 819 41 477 820 31 478 821 31 479 822 41 480 823 34 481 824 34 482 825 41 483 826 45 484 827 154 485 828 129 486 829 147 487 830 147 488 831 129 489 832 126 490 833 147 491 834 126 492 835 128 493 836 147 494 837 128 495 838 151 496 839 151 497 840 128 498 841 141 499 842 148 500 843 203 501 844 141 502 845 141 503 846 203 504 847 151 505 848 203 506 849 148 507 850 191 508 851 148 509 852 142 510 853 191 511 854 129 512 855 154 513 856 142 514 857 142 515 858 154 516 859 191 517 860 203 518 861 191 519 862 154 520 863 151 521 864 203 522 865 154 523 866 151 524 867 154 525 868 147 526 869 32 527 870 31 528 871 34 529 872 32 530 873 34 531 874 40 532 875 40 533 876 34 534 877 42 535 878 385 536 879 360 536 880 383 536 881 367 537 882 375 537 883 373 537 884 367 538 885 373 538 886 371 538 887 383 539 888 379 539 889 385 539 890 367 540 891 366 540 892 385 540 893 368 541 894 371 541 895 373 541 896 368 542 897 373 542 898 369 542 899 369 543 900 373 543 901 377 543 902 385 544 903 379 544 904 367 544 905 367 545 906 379 545 907 375 545 908 370 546 909 378 546 910 360 546 911 360 547 912 378 547 913 382 547 914 360 548 915 382 548 916 384 548 917 376 549 918 374 549 919 372 549 920 372 550 921 374 550 922 365 550 923 365 551 924 374 551 925 370 551 926 370 552 927 374 552 928 378 552 929 360 553 930 384 553 931 383 553 932 369 554 933 377 554 934 381 554 935 376 555 936 372 555 937 369 555 938 376 556 939 369 556 940 380 556 941 380 557 942 369 557 943 381 557 944 380 558 945 381 558 946 383 558 947 380 559 948 383 559 949 384 559 950 234 560 951 359 560 952 319 560 953 319 561 954 87 561 955 134 561 956 319 562 957 134 562 958 218 562 959 319 563 960 218 563 961 234 563 962 22 564 963 26 564 964 24 564 965 24 565 966 25 565 967 18 565 968 24 566 969 18 566 970 22 566 971 112 567 972 99 567 973 94 567 974 112 568 975 94 568 976 95 568 977 101 569 978 99 569 979 103 569 980 97 570 981 102 570 982 100 570 983 97 571 984 100 571 985 96 571 986 108 572 987 92 572 988 105 572 989 99 573 990 101 573 991 98 573 992 109 574 993 106 574 994 108 574 995 92 575 996 108 575 997 97 575 998 104 576 999 109 576 1000 111 576 1001 109 577 1002 108 577 1003 110 577 1004 109 578 1005 110 578 1006 111 578 1007 111 579 1008 110 579 1009 112 579 1010 110 580 1011 107 580 1012 112 580 1013 101 581 1014 105 581 1015 98 581 1016 98 582 1017 105 582 1018 92 582 1019 98 583 1020 92 583 1021 93 583 1022 112 584 1023 107 584 1024 103 584 1025 112 585 1026 103 585 1027 99 585 1028 90 586 1029 91 586 1030 111 586 1031 108 587 1032 106 587 1033 97 587 1034 97 588 1035 106 588 1036 102 588 1037 91 589 1038 96 589 1039 111 589 1040 100 590 1041 104 590 1042 96 590 1043 96 591 1044 104 591 1045 111 591 1046 349 592 1047 350 592 1048 320 592 1049 349 593 1050 358 593 1051 350 593 1052 350 594 1053 358 594 1054 351 594 1055 350 595 1056 351 595 1057 311 595 1058 135 596 1059 210 596 1060 156 596 1061 291 597 1062 349 597 1063 320 597 1064 291 598 1065 243 598 1066 349 598 1067 349 599 1068 243 599 1069 135 599 1070 135 600 1071 243 600 1072 210 600 1073 184 601 1074 136 601 1075 156 601 1076 156 602 1077 136 602 1078 135 602 1079 260 603 1080 294 603 1081 358 603 1082 358 604 1083 294 604 1084 322 604 1085 358 605 1086 322 605 1087 351 605 1088 350 606 1089 311 606 1090 321 606 1091 321 607 1092 311 607 1093 293 607 1094 321 608 1095 293 608 1096 254 608 1097 259 609 1098 292 609 1099 254 609 1100 254 610 1101 292 611 1102 321 612 1103 184 613 1104 212 613 1105 157 613 1106 213 614 1107 136 614 1108 185 614 1109 213 615 1110 238 615 1111 136 615 1112 136 616 1113 238 616 1114 358 616 1115 358 617 1116 238 617 1117 260 617 1118 184 618 1119 211 618 1120 212 618 1121 212 619 1122 211 619 1123 237 619 1124 237 620 1125 211 620 1126 236 620 1127 237 621 1128 236 621 1129 254 621 1130 254 622 1131 236 622 1132 259 622 1133 184 623 1134 157 623 1135 136 623 1136 136 624 1137 157 624 1138 185 624 1139 302 625 1140 292 626 1141 276 627 1142 273 628 1143 265 629 1144 244 630 1145 259 631 1146 265 632 1147 276 633 1148 259 634 1149 276 635 1150 292 636 1151 305 637 1152 273 638 1153 296 639 1154 296 640 1155 273 641 1156 244 642 1157 292 643 1158 302 644 1159 321 645 1160 302 646 1161 305 647 1162 324 648 1163 324 649 1164 305 650 1165 296 651 1166 304 652 1167 312 653 1168 320 654 1169 320 655 1170 312 656 1171 291 657 1172 291 658 1173 312 659 1174 286 660 1175 295 661 1176 278 662 1177 304 663 1178 295 664 1179 304 665 1180 323 666 1181 291 667 1182 286 668 1183 243 669 1184 243 670 1185 286 671 1186 269 672 1187 261 673 1188 264 674 1189 278 675 1190 261 676 1191 278 677 1192 295 678 1193 236 679 1194 220 680 1195 230 681 1196 240 682 1197 230 683 1198 209 684 1199 240 685 1200 209 686 1201 215 687 1202 201 688 1203 220 689 1204 211 690 1205 211 691 1206 220 692 1207 236 693 1208 184 694 1209 194 695 1210 201 696 1211 184 697 1212 201 698 1213 211 699 1214 215 700 1215 209 701 1216 166 702 1217 166 703 1218 209 704 1219 194 705 1220 198 706 1221 222 707 1222 214 708 1223 214 709 1224 222 710 1225 239 711 1226 239 712 1227 222 713 1228 229 714 1229 193 715 1230 198 716 1231 186 717 1232 186 718 1233 198 719 1234 214 720 1235 193 721 1236 210 722 1237 227 723 1238 210 724 1239 193 725 1240 156 726 1241 250 727 1242 339 728 1243 347 729 1244 323 730 1245 337 731 1246 333 732 1247 333 733 1248 339 734 1249 323 735 1250 323 736 1251 339 737 1252 250 738 1253 337 739 1254 354 740 1255 333 741 1256 354 742 1257 337 743 1258 345 744 1259 354 745 1260 345 746 1261 343 747 1262 250 748 1263 347 749 1264 324 750 1265 324 751 1266 347 752 1267 334 753 1268 321 754 1269 334 755 1270 343 756 1271 343 757 1272 345 758 1273 330 759 1274 343 760 1275 330 761 1276 321 762 1277 321 763 1278 330 764 1279 341 765 1280 321 766 1281 341 767 1282 350 768 1283 156 769 1284 158 770 1285 184 771 1286 162 772 1287 181 773 1288 160 774 1289 158 775 1290 181 776 1291 184 777 1292 183 778 1293 184 779 1294 181 780 1295 183 781 1296 181 782 1297 162 783 1298 166 784 1299 183 785 1300 169 786 1301 173 787 1302 175 788 1303 162 789 1304 173 790 1305 162 791 1306 160 792 1307 164 793 1308 177 794 1309 186 795 1310 169 796 1311 164 797 1312 166 798 1313 166 799 1314 164 800 1315 186 801 1316 179 802 1317 177 803 1318 173 804 1319 173 805 1320 177 806 1321 175 807 1322 177 808 1323 179 809 1324 186 810 1325 156 811 1326 179 812 1327 171 813 1328 156 814 1329 171 815 1330 158 816 1331 341 817 1332 352 818 1333 350 819 1334 350 820 1335 352 821 1336 320 822 1337 320 823 1338 352 824 1339 329 825 1340 186 826 1341 179 827 1342 156 828 1343 186 829 1344 156 830 1345 193 831 1346 229 832 1347 227 833 1348 239 834 1349 239 835 1350 227 836 1351 210 837 1352 239 838 1353 210 839 1354 243 840 1355 239 841 1356 243 842 1357 261 843 1358 261 844 1359 243 845 1360 264 846 1361 264 847 1362 243 848 1363 269 849 1364 323 850 1365 304 851 1366 320 852 1367 323 853 1368 320 854 1369 337 855 1370 337 856 1371 320 857 1372 329 858 1373 324 859 1374 334 860 1375 321 861 1376 324 862 1377 321 863 1378 302 864 1379 244 865 1380 265 866 1381 259 867 1382 244 868 1383 259 869 1384 236 870 1385 244 871 1386 236 872 1387 240 873 1388 240 874 1389 236 875 1390 230 876 1391 166 877 1392 194 878 1393 184 879 1394 166 880 1395 184 881 1396 183 882 1397 250 883 1398 166 883 1399 186 883 1400 240 884 1401 215 884 1402 250 884 1403 250 885 1404 215 885 1405 166 885 1406 250 886 1407 244 886 1408 240 886 1409 324 887 1410 296 887 1411 250 887 1412 250 888 1413 296 888 1414 244 888 1415 295 889 1416 323 889 1417 250 889 1418 239 890 1419 261 890 1420 250 890 1421 250 891 1422 261 891 1423 295 891 1424 214 892 1425 239 892 1426 250 892 1427 250 893 1428 186 893 1429 214 893 1430 303 894 1431 294 895 1432 277 896 1433 260 897 1434 267 898 1435 277 899 1436 260 900 1437 277 901 1438 294 902 1439 298 903 1440 290 904 1441 245 905 1442 245 906 1443 290 907 1444 270 908 1445 294 909 1446 303 910 1447 322 911 1448 322 912 1449 303 913 1450 313 914 1451 326 915 1452 313 916 1453 298 917 1454 298 918 1455 313 919 1456 290 920 1457 311 921 1458 287 922 1459 293 923 1460 311 924 1461 315 925 1462 287 926 1463 297 927 1464 279 928 1465 306 929 1466 297 930 1467 306 931 1468 325 932 1469 325 933 1470 306 934 1471 315 935 1472 293 936 1473 287 937 1474 254 938 1475 254 939 1476 287 940 1477 272 941 1478 272 942 1479 266 943 1480 254 944 1481 262 945 1482 266 946 1483 279 947 1484 262 948 1485 279 949 1486 297 950 1487 221 951 1488 232 952 1489 238 953 1490 232 954 1491 224 955 1492 242 956 1493 242 957 1494 224 958 1495 217 959 1496 199 960 1497 221 961 1498 213 962 1499 213 963 1500 221 964 1501 238 965 1502 196 966 1503 199 967 1504 185 968 1505 185 969 1506 199 970 1507 213 971 1508 224 972 1509 196 973 1510 217 974 1511 217 975 1512 196 976 1513 167 977 1514 231 978 1515 228 979 1516 237 980 1517 237 981 1518 228 982 1519 206 983 1520 237 984 1521 206 985 1522 212 986 1523 202 987 1524 223 988 1525 216 989 1526 216 990 1527 223 991 1528 241 992 1529 241 993 1530 223 994 1531 231 995 1532 187 996 1533 195 997 1534 202 998 1535 187 999 1536 202 1000 1537 216 1001 1538 212 1002 1539 206 1003 1540 157 1004 1541 157 1005 1542 206 1006 1543 195 1007 1544 355 1008 1545 338 1009 1546 346 1010 1547 355 1011 1548 346 1012 1549 344 1013 1550 338 1014 1551 355 1015 1552 335 1016 1553 325 1017 1554 338 1018 1555 335 1019 1556 335 1020 1557 340 1021 1558 325 1022 1559 342 1023 1560 353 1024 1561 351 1025 1562 351 1026 1563 353 1027 1564 311 1028 1565 311 1029 1566 353 1030 1567 331 1031 1568 322 1032 1569 336 1033 1570 344 1034 1571 344 1035 1572 346 1036 1573 332 1037 1574 344 1038 1575 332 1039 1576 322 1040 1577 322 1041 1578 332 1042 1579 342 1043 1580 322 1044 1581 342 1045 1582 351 1046 1583 157 1047 1584 159 1048 1585 185 1049 1586 185 1050 1587 159 1051 1588 182 1052 1589 182 1053 1590 176 1054 1591 167 1055 1592 176 1056 1593 170 1057 1594 167 1058 1595 176 1059 1596 182 1060 1597 161 1061 1598 161 1062 1599 163 1063 1600 176 1064 1601 163 1065 1602 161 1066 1603 168 1067 1604 174 1068 1605 168 1069 1606 161 1070 1607 165 1071 1608 178 1072 1609 187 1073 1610 170 1074 1611 165 1075 1612 167 1076 1613 167 1077 1614 165 1078 1615 187 1079 1616 180 1080 1617 178 1081 1618 174 1082 1619 174 1083 1620 178 1084 1621 168 1085 1622 178 1086 1623 180 1087 1624 187 1088 1625 157 1089 1626 180 1090 1627 172 1091 1628 157 1092 1629 172 1093 1630 159 1094 1631 325 1095 1632 340 1096 1633 251 1097 1634 251 1098 1635 340 1099 1636 348 1100 1637 251 1101 1638 348 1102 1639 326 1103 1640 326 1104 1641 348 1105 1642 336 1106 1643 187 1107 1644 180 1108 1645 157 1109 1646 187 1110 1647 157 1111 1648 195 1112 1649 241 1113 1650 231 1114 1651 237 1115 1652 241 1116 1653 237 1117 1654 254 1118 1655 241 1119 1656 254 1120 1657 262 1121 1658 262 1122 1659 254 1123 1660 266 1124 1661 325 1125 1662 315 1126 1663 311 1127 1664 325 1128 1665 311 1129 1666 338 1130 1667 338 1131 1668 311 1132 1669 331 1133 1670 326 1134 1671 336 1135 1672 322 1136 1673 326 1137 1674 322 1138 1675 313 1139 1676 270 1140 1677 267 1141 1678 245 1142 1679 245 1143 1680 267 1144 1681 260 1145 1682 245 1146 1683 260 1147 1684 238 1148 1685 245 1149 1686 238 1150 1687 242 1151 1688 242 1152 1689 238 1153 1690 232 1154 1691 167 1155 1692 196 1156 1693 185 1157 1694 167 1158 1695 185 1159 1696 182 1160 1697 251 1161 1698 167 1161 1699 187 1161 1700 242 1162 1701 217 1162 1702 251 1162 1703 251 1163 1704 217 1163 1705 167 1163 1706 251 1164 1707 245 1164 1708 242 1164 1709 326 1165 1710 298 1165 1711 251 1165 1712 251 1166 1713 298 1166 1714 245 1166 1715 297 1167 1716 325 1167 1717 251 1167 1718 241 1168 1719 262 1168 1720 251 1168 1721 251 1169 1722 262 1169 1723 297 1169 1724 216 1170 1725 241 1170 1726 251 1170 1727 251 1171 1728 187 1171 1729 216 1171 1730 299 1172 1731 313 1173 1732 308 1174 1733 299 1175 1734 290 1176 1735 313 1177 1736 299 1178 1737 274 1179 1738 290 1180 1739 290 1181 1740 274 1182 1741 270 1183 1742 274 1184 1743 268 1185 1744 270 1186 1745 268 1187 1746 267 1188 1747 270 1189 1748 288 1190 1749 277 1191 1750 268 1192 1751 268 1193 1752 277 1194 1753 267 1195 1754 308 1196 1755 313 1197 1756 303 1198 1757 308 1199 1758 303 1200 1759 288 1201 1760 288 1202 1761 303 1203 1762 277 1204 1763 265 1205 1764 273 1206 1765 266 1207 1766 302 1208 1767 315 1209 1768 305 1210 1769 305 1211 1770 315 1212 1771 306 1213 1772 305 1214 1773 306 1215 1774 279 1216 1775 305 1217 1776 279 1218 1777 273 1219 1778 273 1220 1779 279 1221 1780 266 1222 1781 265 1223 1782 266 1224 1783 272 1225 1784 272 1226 1785 276 1227 1786 265 1228 1787 276 1229 1788 272 1230 1789 287 1231 1790 315 1232 1791 302 1233 1792 287 1234 1793 287 1235 1794 302 1236 1795 276 1237 1796 199 1238 1797 197 1239 1798 207 1240 1799 232 1241 1800 233 1242 1801 225 1243 1802 232 1244 1803 225 1245 1804 224 1246 1805 224 1247 1806 225 1248 1807 205 1249 1808 224 1250 1809 205 1251 1810 196 1252 1811 196 1253 1812 205 1254 1813 197 1255 1814 196 1256 1815 197 1257 1816 199 1258 1817 207 1259 1818 221 1260 1819 199 1261 1820 232 1262 1821 221 1263 1822 233 1264 1823 233 1265 1824 221 1266 1825 207 1267 1826 220 1268 1827 228 1269 1828 230 1270 1829 230 1271 1830 228 1272 1831 231 1273 1832 230 1274 1833 231 1275 1834 223 1276 1835 230 1277 1836 223 1278 1837 209 1279 1838 209 1280 1839 223 1281 1840 202 1282 1841 209 1283 1842 202 1284 1843 194 1285 1844 194 1286 1845 202 1287 1846 195 1288 1847 194 1289 1848 195 1290 1849 201 1291 1850 201 1292 1851 195 1293 1852 206 1294 1853 201 1295 1854 206 1296 1855 220 1297 1856 220 1298 1857 206 1299 1858 228 1300 1859 286 1301 1860 275 1302 1861 269 1303 1862 263 1304 1863 269 1305 1864 275 1306 1865 263 1307 1866 264 1308 1867 269 1309 1868 289 1310 1869 278 1311 1870 263 1312 1871 263 1313 1872 278 1314 1873 264 1315 1874 289 1316 1875 304 1317 1876 278 1318 1877 314 1319 1878 304 1320 1879 289 1321 1880 307 1322 1881 312 1323 1882 314 1324 1883 314 1325 1884 312 1326 1885 304 1327 1886 275 1328 1887 286 1329 1888 307 1330 1889 307 1331 1890 286 1332 1891 312 1333 1892 198 1334 1893 192 1335 1894 208 1336 1895 227 1337 1896 219 1338 1897 193 1339 1898 193 1340 1899 219 1341 1900 204 1342 1901 193 1343 1902 204 1344 1903 192 1345 1904 193 1346 1905 192 1347 1906 198 1348 1907 226 1349 1908 222 1350 1909 208 1351 1910 208 1352 1911 222 1353 1912 198 1354 1913 222 1355 1914 226 1356 1915 229 1357 1916 235 1358 1917 229 1359 1918 226 1360 1919 235 1361 1920 227 1362 1921 229 1363 1922 219 1364 1923 227 1365 1924 235 1366 1925 369 1367 1926 331 1368 1927 364 1369 1928 364 1370 1929 331 1371 1930 353 1372 1931 364 1373 1932 353 1374 1933 362 1375 1934 362 1376 1935 353 1377 1936 342 1378 1937 342 1379 1938 365 1380 1939 362 1381 1940 365 1382 1941 342 1383 1942 332 1384 1943 365 1385 1944 346 1386 1945 372 1387 1946 365 1388 1947 332 1389 1948 346 1390 1949 331 1391 1950 369 1392 1951 338 1393 1952 372 1394 1953 338 1395 1954 369 1396 1955 372 1397 1956 346 1398 1957 338 1399 1958 174 1400 1959 98 1401 1960 93 1402 1961 174 1403 1962 93 1404 1963 180 1405 1964 120 1406 1965 180 1407 1966 93 1408 1967 180 1409 1968 120 1410 1969 172 1411 1970 121 1412 1971 159 1413 1972 120 1414 1973 120 1415 1974 159 1416 1975 172 1417 1976 159 1418 1977 121 1419 1978 182 1420 1979 182 1421 1980 121 1422 1981 94 1423 1982 182 1424 1983 94 1425 1984 99 1426 1985 182 1427 1986 99 1428 1987 161 1429 1988 174 1430 1989 161 1431 1990 98 1432 1991 98 1433 1992 161 1434 1993 99 1435 1994 382 1436 1995 348 1437 1996 384 1438 1997 348 1439 1998 382 1440 1999 336 1441 2000 336 1442 2001 382 1443 2002 378 1444 2003 336 1445 2004 378 1446 2005 344 1447 2006 344 1448 2007 378 1449 2008 374 1450 2009 344 1451 2010 374 1452 2011 355 1453 2012 355 1454 2013 374 1455 2014 376 1456 2015 355 1457 2016 376 1458 2017 335 1459 2018 335 1460 2019 376 1461 2020 380 1462 2021 335 1463 2022 380 1464 2023 340 1465 2024 340 1466 2025 380 1467 2026 384 1468 2027 384 1469 2028 348 1470 2029 340 1471 2030 110 1472 2031 108 1473 2032 165 1474 2033 165 1475 2034 108 1476 2035 178 1477 2036 178 1478 2037 108 1479 2038 105 1480 2039 178 1481 2040 105 1482 2041 168 1483 2042 168 1484 2043 105 1485 2044 101 1486 2045 168 1487 2046 101 1488 2047 163 1489 2048 163 1490 2049 101 1491 2050 103 1492 2051 163 1493 2052 103 1494 2053 176 1495 2054 176 1496 2055 103 1497 2056 107 1498 2057 176 1499 2058 107 1500 2059 170 1501 2060 170 1502 2061 107 1503 2062 110 1504 2063 110 1505 2064 165 1506 2065 170 1507 2066 381 1508 2067 347 1509 2068 383 1510 2069 347 1511 2070 381 1512 2071 334 1513 2072 334 1514 2073 381 1515 2074 377 1516 2075 334 1517 2076 377 1518 2077 343 1519 2078 343 1520 2079 377 1521 2080 373 1522 2081 343 1523 2082 373 1524 2083 354 1525 2084 354 1526 2085 373 1527 2086 375 1528 2087 354 1529 2088 375 1530 2089 333 1531 2090 333 1532 2091 375 1533 2092 379 1534 2093 333 1535 2094 379 1536 2095 339 1537 2096 339 1538 2097 379 1539 2098 383 1540 2099 383 1541 2100 347 1542 2101 339 1543 2102 164 1544 2103 109 1545 2104 177 1546 2105 177 1547 2106 109 1548 2107 104 1549 2108 177 1550 2109 104 1551 2110 175 1552 2111 175 1553 2112 104 1554 2113 100 1555 2114 175 1556 2115 100 1557 2116 162 1558 2117 162 1559 2118 100 1560 2119 102 1561 2120 162 1562 2121 102 1563 2122 183 1564 2123 183 1565 2124 102 1566 2125 106 1567 2126 183 1568 2127 106 1569 2128 169 1570 2129 109 1571 2130 169 1572 2131 106 1573 2132 109 1574 2133 164 1575 2134 169 1576 2135 367 1577 2136 329 1578 2137 363 1579 2138 363 1580 2139 329 1581 2140 352 1582 2141 363 1583 2142 352 1584 2143 361 1585 2144 361 1586 2145 352 1587 2146 341 1588 2147 361 1589 2148 341 1590 2149 368 1591 2150 368 1592 2151 341 1593 2152 330 1594 2153 368 1595 2154 345 1596 2155 371 1597 2156 368 1598 2157 330 1599 2158 345 1600 2159 329 1601 2160 367 1602 2161 337 1603 2162 371 1604 2163 337 1605 2164 367 1606 2165 371 1607 2166 345 1608 2167 337 1609 2168 173 1610 2169 96 1611 2170 91 1612 2171 173 1613 2172 91 1614 2173 179 1615 2174 179 1616 2175 91 1617 2176 171 1618 2177 171 1619 2178 91 1620 2179 124 1621 2180 119 1622 2181 158 1623 2182 124 1624 2183 124 1625 2184 158 1626 2185 171 1627 2186 158 1628 2187 119 1629 2188 181 1630 2189 181 1631 2190 119 1632 2191 92 1633 2192 181 1634 2193 92 1635 2194 97 1636 2195 181 1637 2196 97 1638 2197 160 1639 2198 173 1640 2199 160 1641 2200 96 1642 2201 96 1643 2202 160 1644 2203 97 1645 2204 365 1646 2205 370 1646 2206 358 1646 2207 349 1647 2208 366 1647 2209 367 1647 2210 361 1648 2211 368 1649 2212 369 1650 2213 367 1651 2214 363 1652 2215 349 1653 2216 361 1654 2217 358 1654 2218 349 1654 2219 364 1655 2220 362 1656 2221 361 1657 2222 361 1658 2223 362 1658 2224 358 1658 2225 349 1659 2226 363 1660 2227 361 1661 2228 358 1662 2229 362 1662 2230 365 1662 2231 369 1663 2232 364 1664 2233 361 1665 2234 136 1666 2235 95 1666 2236 94 1666 2237 94 1667 2238 121 1667 2239 136 1667 2240 120 1668 2241 135 1668 2242 136 1668 2243 136 1669 2244 121 1669 2245 120 1669 2246 91 1670 2247 90 1670 2248 135 1670 2249 93 1671 2250 92 1671 2251 120 1671 2252 120 1672 2253 92 1672 2254 119 1672 2255 120 1673 2256 124 1673 2257 135 1673 2258 120 1674 2259 119 1674 2260 124 1674 2261 135 1675 2262 124 1675 2263 91 1675 2264 359 1676 2265 360 1676 2266 385 1676 2267 359 1677 2268 385 1677 2269 319 1677 2270 145 1678 2271 139 1679 2272 149 1680 2273 145 1681 2274 149 1682 2275 146 1683 2276 146 1684 2277 149 1685 2278 132 1686 2279 146 1687 2280 132 1688 2281 131 1689 2282 131 1690 2283 132 1691 2284 117 1692 2285 117 1693 2286 132 1694 2287 118 1695 2288 117 1696 2289 118 1697 2290 114 1698 2291 114 1699 2292 118 1700 2293 115 1701 2294 114 1702 2295 115 1703 2296 122 1704 2297 114 1705 2298 122 1706 2299 123 1707 2300 123 1708 2301 122 1709 2302 139 1710 2303 123 1711 2304 139 1712 2305 145 1713 2306 316 1714 2307 300 1715 2308 317 1716 2309 316 1717 2310 317 1718 2311 285 1719 2312 285 1720 2313 317 1721 2314 301 1722 2315 285 1723 2316 301 1724 2317 271 1725 2318 285 1726 2319 271 1727 2320 258 1728 2321 258 1729 2322 271 1730 2323 256 1731 2324 258 1732 2325 256 1733 2326 255 1734 2327 255 1735 2328 256 1736 2329 257 1737 2330 255 1738 2331 257 1739 2332 284 1740 2333 284 1741 2334 257 1742 2335 300 1743 2336 284 1744 2337 300 1745 2338 316 1746 2339 258 7 2340 253 7 2341 285 7 2342 285 7 2343 253 7 2344 283 7 2345 285 7 2346 283 7 2347 328 7 2348 285 7 2349 328 7 2350 316 7 2351 316 7 2352 328 7 2353 356 7 2354 316 1747 2355 356 1747 2356 318 1747 2357 316 1748 2358 318 1748 2359 284 1748 2360 284 7 2361 318 7 2362 281 7 2363 284 1749 2364 281 1749 2365 255 1749 2366 255 7 2367 281 7 2368 248 7 2369 255 7 2370 248 7 2371 247 7 2372 255 1750 2373 247 1750 2374 258 1750 2375 258 7 2376 247 7 2377 253 7 2378 253 1751 2379 249 1752 2380 283 1753 2381 283 1754 2382 249 1755 2383 282 1756 2384 283 1757 2385 282 1758 2386 319 1759 2387 283 1760 2388 319 1761 2389 328 1762 2390 328 1763 2391 319 1764 2392 357 1765 2393 328 1766 2394 357 1767 2395 356 1768 2396 356 1769 2397 357 1770 2398 327 1771 2399 356 1772 2400 327 1773 2401 318 1774 2402 318 1775 2403 327 1776 2404 280 1777 2405 318 1778 2406 280 1779 2407 281 1780 2408 281 1781 2409 280 1782 2410 248 1783 2411 248 1784 2412 280 1785 2413 252 1786 2414 248 1787 2415 252 1788 2416 246 1789 2417 248 1790 2418 246 1791 2419 247 1792 2420 247 1793 2421 246 1794 2422 249 1795 2423 247 1796 2424 249 1797 2425 253 1798 2426 123 7 2427 85 7 2428 114 7 2429 114 7 2430 85 7 2431 80 7 2432 114 7 2433 80 7 2434 117 7 2435 117 7 2436 80 7 2437 82 7 2438 117 7 2439 82 7 2440 86 7 2441 117 7 2442 86 7 2443 131 7 2444 131 7 2445 86 7 2446 133 7 2447 131 7 2448 133 7 2449 153 7 2450 131 7 2451 153 7 2452 146 7 2453 146 7 2454 153 7 2455 200 7 2456 146 7 2457 200 7 2458 145 7 2459 145 7 2460 200 7 2461 152 7 2462 145 1799 2463 152 1799 2464 123 1799 2465 123 7 2466 152 7 2467 130 7 2468 123 7 2469 130 7 2470 85 7 2471 86 1800 2472 81 1801 2473 116 1802 2474 86 1803 2475 116 1804 2476 133 1805 2477 133 1806 2478 116 1807 2479 144 1808 2480 133 1809 2481 144 1810 2482 153 1811 2483 153 1812 2484 144 1813 2485 190 1814 2486 153 1815 2487 190 1816 2488 200 1817 2489 200 1818 2490 190 1819 2491 152 1820 2492 152 1821 2493 190 1822 2494 143 1823 2495 152 1824 2496 143 1825 2497 130 1826 2498 130 1827 2499 143 1828 2500 84 1829 2501 130 1830 2502 84 1831 2503 85 1832 2504 85 1833 2505 84 1834 2506 80 1835 2507 80 1836 2508 84 1837 2509 79 1838 2510 80 1839 2511 79 1840 2512 82 1841 2513 82 1842 2514 79 1843 2515 81 1844 2516 82 1845 2517 81 1846 2518 86 1847 2519</p>
        </triangles>
        <triangles material="Shape_001-material" count="462">
          <input semantic="VERTEX" source="#Shape_IndexedFaceSet_006-mesh-vertices" offset="0"/>
          <input semantic="NORMAL" source="#Shape_IndexedFaceSet_006-mesh-normals" offset="1"/>
          <input semantic="TEXCOORD" source="#Shape_IndexedFaceSet_006-mesh-map-0" offset="2" set="0"/>
          <p>422 1848 2520 426 1849 2521 428 1850 2522 428 1851 2523 426 1852 2524 427 1853 2525 428 1854 2526 427 1855 2527 425 1856 2528 425 1857 2529 427 1858 2530 421 1859 2531 425 1860 2532 421 1861 2533 416 1862 2534 416 1863 2535 421 1864 2536 410 1865 2537 416 1866 2538 410 1867 2539 408 1868 2540 408 1869 2541 410 1870 2542 404 1871 2543 408 1872 2544 404 1873 2545 400 1874 2546 400 1875 2547 404 1876 2548 397 1877 2549 400 1878 2550 397 1879 2551 390 1880 2552 390 1881 2553 397 1882 2554 386 1883 2555 390 1884 2556 386 1885 2557 387 1886 2558 387 1887 2559 386 1888 2560 388 1889 2561 387 1890 2562 388 1891 2563 389 1892 2564 389 1893 2565 388 1894 2566 391 1895 2567 389 1896 2568 391 1897 2569 398 1898 2570 398 1899 2571 391 1900 2572 402 1901 2573 398 1902 2574 402 1903 2575 407 1904 2576 407 1905 2577 402 1906 2578 411 1907 2579 407 1908 2580 411 1909 2581 414 1910 2582 414 1911 2583 411 1912 2584 419 1913 2585 414 1914 2586 419 1915 2587 422 1916 2588 422 1917 2589 419 1918 2590 426 1919 2591 417 7 2592 421 7 2593 427 7 2594 417 7 2595 427 7 2596 423 7 2597 423 7 2598 427 7 2599 426 7 2600 423 7 2601 426 7 2602 415 7 2603 415 7 2604 426 7 2605 419 7 2606 415 7 2607 419 7 2608 411 7 2609 415 7 2610 411 7 2611 406 7 2612 394 7 2613 386 7 2614 397 7 2615 394 1920 2616 397 1920 2617 405 1920 2618 405 7 2619 397 7 2620 404 7 2621 405 7 2622 404 7 2623 409 7 2624 409 7 2625 404 7 2626 410 7 2627 409 7 2628 410 7 2629 417 7 2630 417 7 2631 410 7 2632 421 7 2633 406 1921 2634 411 1921 2635 402 1921 2636 406 7 2637 402 7 2638 399 7 2639 399 7 2640 402 7 2641 391 7 2642 399 7 2643 391 7 2644 392 7 2645 392 7 2646 391 7 2647 388 7 2648 392 7 2649 388 7 2650 386 7 2651 392 1922 2652 386 1922 2653 394 1922 2654 415 1923 2655 420 1924 2656 423 1925 2657 423 1926 2658 420 1927 2659 424 1928 2660 423 1929 2661 424 1930 2662 417 1931 2663 417 1932 2664 424 1933 2665 418 1934 2666 417 1935 2667 418 1936 2668 409 1937 2669 409 1938 2670 418 1939 2671 413 1940 2672 409 1941 2673 413 1942 2674 403 1943 2675 409 1944 2676 403 1945 2677 405 1946 2678 405 1947 2679 403 1948 2680 394 1949 2681 394 1950 2682 403 1951 2683 395 1952 2684 394 1953 2685 395 1954 2686 392 1955 2687 392 1956 2688 395 1957 2689 393 1958 2690 392 1959 2691 393 1960 2692 396 1961 2693 392 1962 2694 396 1963 2695 399 1964 2696 399 1965 2697 396 1966 2698 401 1967 2699 399 1968 2700 401 1969 2701 406 1970 2702 406 1971 2703 401 1972 2704 412 1973 2705 406 1974 2706 412 1975 2707 415 1976 2708 415 1977 2709 412 1978 2710 420 1979 2711 418 116 2712 425 116 2713 416 116 2714 418 1980 2715 416 1980 2716 413 1980 2717 413 1981 2718 416 1981 2719 408 1981 2720 413 116 2721 408 116 2722 403 116 2723 403 1982 2724 408 1982 2725 400 1982 2726 403 116 2727 400 116 2728 395 116 2729 395 116 2730 400 116 2731 390 116 2732 401 116 2733 407 116 2734 412 116 2735 412 1983 2736 407 1983 2737 414 1983 2738 412 116 2739 414 116 2740 422 116 2741 412 116 2742 422 116 2743 420 116 2744 420 1984 2745 422 1984 2746 428 1984 2747 420 116 2748 428 116 2749 424 116 2750 424 116 2751 428 116 2752 425 116 2753 424 116 2754 425 116 2755 418 116 2756 395 116 2757 390 116 2758 387 116 2759 395 1985 2760 387 1985 2761 393 1985 2762 393 1986 2763 387 1986 2764 389 1986 2765 393 116 2766 389 116 2767 396 116 2768 396 116 2769 389 116 2770 398 116 2771 396 1987 2772 398 1987 2773 401 1987 2774 401 116 2775 398 116 2776 407 116 2777 455 1988 2778 453 1989 2779 446 1990 2780 446 1991 2781 453 1992 2782 445 1993 2783 446 1994 2784 445 1995 2785 433 1996 2786 446 1997 2787 433 1998 2788 434 1999 2789 434 2000 2790 433 2001 2791 431 2002 2792 434 2003 2793 431 2004 2794 432 2005 2795 432 2006 2796 431 2007 2797 429 2008 2798 432 2009 2799 429 2010 2800 430 2011 2801 430 2012 2802 429 2013 2803 439 2014 2804 430 2015 2805 439 2016 2806 440 2017 2807 440 2018 2808 439 2019 2809 447 2020 2810 440 2021 2811 447 2022 2812 448 2023 2813 448 2024 2814 447 2025 2815 454 2026 2816 454 2027 2817 447 2028 2818 456 2029 2819 454 2030 2820 456 2031 2821 462 2032 2822 454 2033 2823 462 2034 2824 463 2035 2825 463 2036 2826 462 2037 2827 465 2038 2828 465 2039 2829 462 2040 2830 464 2041 2831 465 2042 2832 464 2043 2833 459 2044 2834 459 2045 2835 464 2046 2836 453 2047 2837 459 2048 2838 453 2049 2839 455 2050 2840 437 2051 2841 433 2051 2842 443 2051 2843 443 2051 2844 433 2051 2845 445 2051 2846 443 2052 2847 445 2052 2848 451 2052 2849 451 2051 2850 445 2051 2851 453 2051 2852 451 2053 2853 453 2053 2854 460 2053 2855 460 2051 2856 453 2051 2857 464 2051 2858 460 2051 2859 464 2051 2860 462 2051 2861 460 2051 2862 462 2051 2863 457 2051 2864 457 2051 2865 462 2051 2866 456 2051 2867 457 2051 2868 456 2051 2869 449 2051 2870 449 2054 2871 456 2054 2872 447 2054 2873 449 2051 2874 447 2051 2875 441 2051 2876 441 2055 2877 447 2055 2878 439 2055 2879 441 2056 2880 439 2056 2881 435 2056 2882 435 2051 2883 439 2051 2884 429 2051 2885 435 2051 2886 429 2051 2887 437 2051 2888 437 2057 2889 429 2057 2890 431 2057 2891 437 2051 2892 431 2051 2893 433 2051 2894 451 2058 2895 452 2059 2896 443 2060 2897 443 2061 2898 452 2062 2899 444 2063 2900 443 2064 2901 444 2065 2902 437 2066 2903 437 2067 2904 444 2068 2905 438 2069 2906 437 2070 2907 438 2071 2908 435 2072 2909 435 2073 2910 438 2074 2911 436 2075 2912 435 2076 2913 436 2077 2914 441 2078 2915 441 2079 2916 436 2080 2917 442 2081 2918 441 2082 2919 442 2083 2920 449 2084 2921 449 2085 2922 442 2086 2923 450 2087 2924 449 2088 2925 450 2089 2926 457 2090 2927 457 2091 2928 450 2092 2929 458 2093 2930 457 2094 2931 458 2095 2932 460 2096 2933 460 2097 2934 458 2098 2935 461 2099 2936 460 2100 2937 461 2101 2938 451 2102 2939 451 2103 2940 461 2104 2941 452 2105 2942 438 2106 2943 434 2106 2944 432 2106 2945 438 2106 2946 432 2106 2947 436 2106 2948 436 2107 2949 432 2107 2950 430 2107 2951 436 2106 2952 430 2106 2953 442 2106 2954 442 2108 2955 430 2108 2956 440 2108 2957 461 2109 2958 465 2109 2959 459 2109 2960 461 2110 2961 459 2110 2962 452 2110 2963 452 2106 2964 459 2106 2965 455 2106 2966 452 2106 2967 455 2106 2968 446 2106 2969 452 2111 2970 446 2111 2971 444 2111 2972 444 2106 2973 446 2106 2974 438 2106 2975 438 2112 2976 446 2112 2977 434 2112 2978 442 2106 2979 440 2106 2980 448 2106 2981 442 2106 2982 448 2106 2983 450 2106 2984 450 2106 2985 448 2106 2986 454 2106 2987 450 2113 2988 454 2113 2989 458 2113 2990 458 2106 2991 454 2106 2992 463 2106 2993 458 2114 2994 463 2114 2995 461 2114 2996 461 2115 2997 463 2115 2998 465 2115 2999 470 2116 3000 466 2117 3001 467 2118 3002 467 2119 3003 466 2120 3004 468 2121 3005 467 2122 3006 468 2123 3007 469 2124 3008 469 2125 3009 468 2126 3010 471 2127 3011 469 2128 3012 471 2129 3013 477 2130 3014 477 2131 3015 471 2132 3016 483 2133 3017 477 2134 3018 483 2135 3019 485 2136 3020 485 2137 3021 483 2138 3022 487 2139 3023 485 2140 3024 487 2141 3025 493 2142 3026 485 2143 3027 493 2144 3028 494 2145 3029 494 2146 3030 493 2147 3031 501 2148 3032 494 2149 3033 501 2150 3034 502 2151 3035 502 2152 3036 501 2153 3037 498 2154 3038 502 2155 3039 498 2156 3040 499 2157 3041 499 2158 3042 498 2159 3043 489 2160 3044 499 2161 3045 489 2162 3046 492 2163 3047 492 2164 3048 489 2165 3049 482 2166 3050 482 2167 3051 489 2168 3052 481 2169 3053 482 2170 3054 481 2171 3055 475 2172 3056 482 2173 3057 475 2174 3058 470 2175 3059 470 2176 3060 475 2177 3061 466 2178 3062 480 2179 3063 489 2179 3064 490 2179 3065 490 2051 3066 489 2051 3067 498 2051 3068 490 2180 3069 498 2180 3070 497 2180 3071 497 2051 3072 498 2051 3073 501 2051 3074 497 2181 3075 501 2181 3076 496 2181 3077 472 2182 3078 471 2182 3079 468 2182 3080 472 2183 3081 468 2183 3082 466 2183 3083 472 2051 3084 466 2051 3085 474 2051 3086 474 2051 3087 466 2051 3088 475 2051 3089 474 2051 3090 475 2051 3091 480 2051 3092 480 2184 3093 475 2184 3094 481 2184 3095 480 2051 3096 481 2051 3097 489 2051 3098 501 2051 3099 493 2051 3100 496 2051 3101 496 2051 3102 493 2051 3103 488 2051 3104 488 2051 3105 493 2051 3106 487 2051 3107 488 2051 3108 487 2051 3109 479 2051 3110 479 2051 3111 487 2051 3112 483 2051 3113 479 2051 3114 483 2051 3115 471 2051 3116 479 2185 3117 471 2185 3118 472 2185 3119 474 2186 3120 473 2187 3121 472 2188 3122 472 2189 3123 473 2190 3124 476 2191 3125 472 2192 3126 476 2193 3127 479 2194 3128 479 2195 3129 476 2196 3130 484 2197 3131 479 2198 3132 484 2199 3133 488 2200 3134 488 2201 3135 484 2202 3136 491 2203 3137 488 2204 3138 491 2205 3139 496 2206 3140 496 2207 3141 491 2208 3142 500 2209 3143 496 2210 3144 500 2211 3145 497 2212 3146 497 2213 3147 500 2214 3148 495 2215 3149 497 2216 3150 495 2217 3151 490 2218 3152 490 2219 3153 495 2220 3154 486 2221 3155 490 2222 3156 486 2223 3157 480 2224 3158 480 2225 3159 486 2226 3160 478 2227 3161 480 2228 3162 478 2229 3163 474 2230 3164 474 2231 3165 478 2232 3166 473 2233 3167 500 2106 3168 494 2106 3169 502 2106 3170 500 2106 3171 502 2106 3172 495 2106 3173 495 2106 3174 502 2106 3175 499 2106 3176 495 2106 3177 499 2106 3178 486 2106 3179 486 2106 3180 499 2106 3181 492 2106 3182 492 2234 3183 482 2234 3184 486 2234 3185 486 2235 3186 482 2235 3187 478 2235 3188 478 2106 3189 482 2106 3190 470 2106 3191 478 2236 3192 470 2236 3193 473 2236 3194 473 2106 3195 470 2106 3196 467 2106 3197 473 2106 3198 467 2106 3199 476 2106 3200 476 2237 3201 467 2237 3202 469 2237 3203 476 2106 3204 469 2106 3205 477 2106 3206 476 2238 3207 477 2238 3208 484 2238 3209 484 2106 3210 477 2106 3211 485 2106 3212 484 2239 3213 485 2239 3214 491 2239 3215 491 2240 3216 485 2240 3217 494 2240 3218 491 2241 3219 494 2241 3220 500 2241 3221 519 2242 3222 521 2243 3223 528 2244 3224 528 2245 3225 521 2246 3226 530 2247 3227 528 2248 3228 530 2249 3229 531 2250 3230 531 2251 3231 530 2252 3232 539 2253 3233 531 2254 3234 539 2255 3235 540 2256 3236 540 2257 3237 539 2258 3238 538 2259 3239 540 2260 3240 538 2261 3241 537 2262 3242 537 2263 3243 538 2264 3244 534 2265 3245 537 2266 3246 534 2267 3247 529 2268 3248 529 2269 3249 534 2270 3250 525 2271 3251 529 2272 3252 525 2273 3253 522 2274 3254 522 2275 3255 525 2276 3256 520 2277 3257 522 2278 3258 520 2279 3259 516 2280 3260 516 2281 3261 520 2282 3262 511 2283 3263 516 2284 3264 511 2285 3265 507 2286 3266 507 2287 3267 511 2288 3268 503 2289 3269 507 2290 3270 503 2291 3271 504 2292 3272 504 2293 3273 503 2294 3274 505 2295 3275 504 2296 3276 505 2297 3277 506 2298 3278 506 2299 3279 505 2300 3280 513 2301 3281 506 2302 3282 513 2303 3283 519 2304 3284 519 2305 3285 513 2306 3286 521 2307 3287 523 2308 3288 525 2308 3289 534 2308 3290 523 2309 3291 534 2309 3292 532 2309 3293 532 2051 3294 534 2051 3295 538 2051 3296 532 2310 3297 538 2310 3298 535 2310 3299 535 2311 3300 538 2311 3301 539 2311 3302 512 2051 3303 505 2051 3304 508 2051 3305 508 2051 3306 505 2051 3307 503 2051 3308 508 2051 3309 503 2051 3310 511 2051 3311 508 2312 3312 511 2312 3313 514 2312 3314 514 2051 3315 511 2051 3316 520 2051 3317 514 2051 3318 520 2051 3319 523 2051 3320 523 2051 3321 520 2051 3322 525 2051 3323 539 2313 3324 530 2313 3325 535 2313 3326 535 2314 3327 530 2314 3328 527 2314 3329 527 2315 3330 530 2315 3331 521 2315 3332 527 2316 3333 521 2316 3334 517 2316 3335 517 2051 3336 521 2051 3337 513 2051 3338 517 2317 3339 513 2317 3340 512 2317 3341 512 2051 3342 513 2051 3343 505 2051 3344 517 2318 3345 518 2319 3346 524 2320 3347 517 2321 3348 524 2322 3349 527 2323 3350 527 2324 3351 524 2325 3352 535 2326 3353 535 2327 3354 524 2328 3355 536 2329 3356 535 2330 3357 536 2331 3358 533 2332 3359 535 2333 3360 533 2334 3361 532 2335 3362 532 2336 3363 533 2337 3364 523 2338 3365 523 2339 3366 533 2340 3367 526 2341 3368 523 2342 3369 526 2343 3370 515 2344 3371 523 2345 3372 515 2346 3373 514 2347 3374 514 2348 3375 515 2349 3376 508 2350 3377 508 2351 3378 515 2352 3379 510 2353 3380 508 2354 3381 510 2355 3382 509 2356 3383 508 2357 3384 509 2358 3385 512 2359 3386 512 2360 3387 509 2361 3388 517 2362 3389 517 2363 3390 509 2364 3391 518 2365 3392 526 2366 3393 522 2366 3394 515 2366 3395 515 2106 3396 522 2106 3397 516 2106 3398 515 2106 3399 516 2106 3400 507 2106 3401 515 2367 3402 507 2367 3403 510 2367 3404 510 2368 3405 507 2368 3406 504 2368 3407 510 2106 3408 504 2106 3409 509 2106 3410 536 2106 3411 531 2106 3412 540 2106 3413 536 2106 3414 540 2106 3415 533 2106 3416 533 2106 3417 540 2106 3418 537 2106 3419 533 2106 3420 537 2106 3421 526 2106 3422 526 2106 3423 537 2106 3424 529 2106 3425 526 2106 3426 529 2106 3427 522 2106 3428 509 2106 3429 504 2106 3430 506 2106 3431 509 2106 3432 506 2106 3433 518 2106 3434 518 2106 3435 506 2106 3436 519 2106 3437 518 2369 3438 519 2369 3439 524 2369 3440 524 2370 3441 519 2370 3442 528 2370 3443 524 2106 3444 528 2106 3445 531 2106 3446 524 2371 3447 531 2371 3448 536 2371 3449 575 2372 3450 572 2373 3451 574 2374 3452 575 2375 3453 574 2376 3454 576 2377 3455 576 2378 3456 574 2379 3457 568 2380 3458 568 2381 3459 574 2382 3460 567 2383 3461 568 2384 3462 567 2385 3463 556 2386 3464 568 2387 3465 556 2388 3466 557 2389 3467 557 2390 3468 556 2391 3469 544 2392 3470 557 2393 3471 544 2394 3472 552 2395 3473 552 2396 3474 544 2397 3475 543 2398 3476 543 2399 3477 544 2400 3478 541 2401 3479 543 2402 3480 541 2403 3481 542 2404 3482 542 2405 3483 541 2406 3484 545 2407 3485 542 2408 3486 545 2409 3487 546 2410 3488 546 2411 3489 545 2412 3490 554 2413 3491 546 2414 3492 554 2415 3493 555 2416 3494 555 2417 3495 554 2418 3496 562 2419 3497 555 2420 3498 562 2421 3499 563 2422 3500 563 2423 3501 562 2424 3502 569 2425 3503 563 2426 3504 569 2427 3505 572 2428 3506 563 2429 3507 572 2430 3508 575 2431 3509 547 2432 3510 544 2432 3511 553 2432 3512 553 2051 3513 544 2051 3514 556 2051 3515 553 2433 3516 556 2433 3517 560 2433 3518 560 2434 3519 556 2434 3520 567 2434 3521 560 2051 3522 567 2051 3523 570 2051 3524 558 2051 3525 562 2051 3526 554 2051 3527 558 2051 3528 554 2051 3529 549 2051 3530 549 2051 3531 554 2051 3532 545 2051 3533 549 2435 3534 545 2435 3535 547 2435 3536 547 2051 3537 545 2051 3538 541 2051 3539 547 2051 3540 541 2051 3541 544 2051 3542 570 2051 3543 567 2051 3544 574 2051 3545 570 2051 3546 574 2051 3547 571 2051 3548 571 2051 3549 574 2051 3550 572 2051 3551 571 2051 3552 572 2051 3553 564 2051 3554 564 2051 3555 572 2051 3556 569 2051 3557 564 2051 3558 569 2051 3559 558 2051 3560 558 2051 3561 569 2051 3562 562 2051 3563 571 2436 3564 565 2437 3565 573 2438 3566 571 2439 3567 573 2440 3568 570 2441 3569 570 2442 3570 573 2443 3571 566 2444 3572 570 2445 3573 566 2446 3574 560 2447 3575 560 2448 3576 566 2449 3577 561 2450 3578 560 2451 3579 561 2452 3580 553 2453 3581 553 2454 3582 561 2455 3583 551 2456 3584 553 2457 3585 551 2458 3586 547 2459 3587 547 2460 3588 551 2461 3589 548 2462 3590 547 2463 3591 548 2464 3592 549 2465 3593 549 2466 3594 548 2467 3595 550 2468 3596 549 2469 3597 550 2470 3598 558 2471 3599 558 2472 3600 550 2473 3601 559 2474 3602 558 2475 3603 559 2476 3604 564 2477 3605 564 2478 3606 559 2479 3607 565 2480 3608 564 2481 3609 565 2482 3610 571 2483 3611 566 2106 3612 568 2106 3613 561 2106 3614 561 2484 3615 568 2484 3616 557 2484 3617 561 2106 3618 557 2106 3619 551 2106 3620 551 2106 3621 557 2106 3622 552 2106 3623 552 2106 3624 543 2106 3625 551 2106 3626 551 2485 3627 543 2485 3628 548 2485 3629 548 2486 3630 543 2486 3631 542 2486 3632 548 2487 3633 542 2487 3634 550 2487 3635 550 2488 3636 542 2488 3637 546 2488 3638 550 2106 3639 546 2106 3640 555 2106 3641 550 2489 3642 555 2489 3643 559 2489 3644 559 2106 3645 555 2106 3646 563 2106 3647 559 2490 3648 563 2490 3649 565 2490 3650 565 2106 3651 563 2106 3652 575 2106 3653 565 2491 3654 575 2491 3655 573 2491 3656 573 2492 3657 575 2492 3658 576 2492 3659 573 2106 3660 576 2106 3661 566 2106 3662 566 2106 3663 576 2106 3664 568 2106 3665 2397 11362 15432 2390 11363 15433 2391 11364 15434 2391 11365 15435 2390 11366 15436 2379 11367 15437 2391 11368 15438 2379 11369 15439 2383 11370 15440 2383 11371 15441 2379 11372 15442 2375 11373 15443 2375 11374 15444 2379 11375 15445 2367 11376 15446 2375 11377 15447 2367 11378 15448 2368 11379 15449 2368 11380 15450 2367 11381 15451 2358 11382 15452 2368 11383 15453 2358 11384 15454 2360 11385 15455 2360 11386 15456 2358 11387 15457 2359 11388 15458 2359 11389 15459 2358 11390 15460 2361 11391 15461 2359 11392 15462 2361 11393 15463 2364 11394 15464 2364 11395 15465 2361 11396 15466 2371 11397 15467 2364 11398 15468 2371 11399 15469 2372 11400 15470 2372 11401 15471 2371 11402 15472 2380 11403 15473 2380 11404 15474 2371 11405 15475 2384 11406 15476 2380 11407 15477 2384 11408 15478 2389 11409 15479 2389 11410 15480 2384 11411 15481 2395 11412 15482 2389 11413 15483 2395 11414 15484 2396 11415 15485 2396 11416 15486 2395 11417 15487 2397 11418 15488 2397 11419 15489 2395 11420 15490 2390 11421 15491 2382 7 15492 2379 7 15493 2388 7 15494 2388 7 15495 2379 7 15496 2390 7 15497 2388 7 15498 2390 7 15499 2393 7 15500 2393 7 15501 2390 7 15502 2395 7 15503 2393 7 15504 2395 7 15505 2385 7 15506 2362 7 15507 2361 7 15508 2358 7 15509 2362 7 15510 2358 7 15511 2366 7 15512 2366 7 15513 2358 7 15514 2367 7 15515 2366 11422 15516 2367 11422 15517 2373 11422 15518 2373 11423 15519 2367 11423 15520 2382 11423 15521 2382 11424 15522 2367 11424 15523 2379 11424 15524 2395 11425 15525 2384 11425 15526 2385 11425 15527 2385 7 15528 2384 7 15529 2376 7 15530 2376 7 15531 2384 7 15532 2371 7 15533 2376 11426 15534 2371 11426 15535 2369 11426 15536 2369 7 15537 2371 7 15538 2361 7 15539 2369 7 15540 2361 7 15541 2362 7 15542 2393 11427 15543 2392 11428 15544 2388 11429 15545 2388 11430 15546 2392 11431 15547 2386 11432 15548 2388 11433 15549 2386 11434 15550 2382 11435 15551 2382 11436 15552 2386 11437 15553 2378 11438 15554 2382 11439 15555 2378 11440 15556 2373 11441 15557 2373 11442 15558 2378 11443 15559 2374 11444 15560 2373 11445 15561 2374 11446 15562 2366 11447 15563 2366 11448 15564 2374 11449 15565 2365 11450 15566 2366 11451 15567 2365 11452 15568 2362 11453 15569 2362 11454 15570 2365 11455 15571 2363 11456 15572 2362 11457 15573 2363 11458 15574 2369 11459 15575 2369 11460 15576 2363 11461 15577 2370 11462 15578 2369 11463 15579 2370 11464 15580 2376 11465 15581 2376 11466 15582 2370 11467 15583 2377 11468 15584 2376 11469 15585 2377 11470 15586 2381 11471 15587 2376 11472 15588 2381 11473 15589 2385 11474 15590 2385 11475 15591 2381 11476 15592 2387 11477 15593 2385 11478 15594 2387 11479 15595 2393 11480 15596 2393 11481 15597 2387 11482 15598 2394 11483 15599 2393 11484 15600 2394 11485 15601 2392 11486 15602 2387 116 15603 2389 116 15604 2396 116 15605 2387 116 15606 2396 116 15607 2394 116 15608 2394 11487 15609 2396 11487 15610 2397 11487 15611 2394 11488 15612 2397 11488 15613 2392 11488 15614 2392 116 15615 2397 116 15616 2386 116 15617 2386 116 15618 2397 116 15619 2391 116 15620 2386 116 15621 2391 116 15622 2383 116 15623 2386 11489 15624 2383 11489 15625 2378 11489 15626 2378 116 15627 2383 116 15628 2375 116 15629 2378 116 15630 2375 116 15631 2374 116 15632 2374 11490 15633 2375 11490 15634 2368 11490 15635 2374 11491 15636 2368 11491 15637 2365 11491 15638 2365 116 15639 2368 116 15640 2360 116 15641 2365 116 15642 2360 116 15643 2363 116 15644 2360 116 15645 2359 116 15646 2363 116 15647 2363 116 15648 2359 116 15649 2370 116 15650 2370 116 15651 2359 116 15652 2364 116 15653 2370 116 15654 2364 116 15655 2372 116 15656 2370 116 15657 2372 116 15658 2377 116 15659 2377 116 15660 2372 116 15661 2381 116 15662 2381 11492 15663 2372 11492 15664 2380 11492 15665 2381 11493 15666 2380 11493 15667 2387 11493 15668 2387 11494 15669 2380 11494 15670 2389 11494 15671</p>
        </triangles>
        <triangles material="Shape_005-material" count="828">
          <input semantic="VERTEX" source="#Shape_IndexedFaceSet_006-mesh-vertices" offset="0"/>
          <input semantic="NORMAL" source="#Shape_IndexedFaceSet_006-mesh-normals" offset="1"/>
          <input semantic="TEXCOORD" source="#Shape_IndexedFaceSet_006-mesh-map-0" offset="2" set="0"/>
          <p>852 2493 3666 815 2493 3667 916 2493 3668 916 2494 3669 815 2494 3670 719 2494 3671 794 2495 3672 684 2495 3673 719 2495 3674 794 2496 3675 719 2496 3676 815 2496 3677 806 2497 3678 850 2497 3679 778 2497 3680 778 2498 3681 850 2498 3682 916 2498 3683 850 2499 3684 852 2499 3685 916 2499 3686 794 2500 3687 806 2500 3688 684 2500 3689 684 2501 3690 806 2501 3691 778 2501 3692 684 2502 3693 778 2502 3694 678 2502 3695 678 2503 3696 778 2503 3697 734 2503 3698 678 2504 3699 734 2504 3700 716 2504 3701 678 2505 3702 716 2505 3703 669 2505 3704 678 2506 3705 669 2506 3706 659 2506 3707 678 2507 3708 659 2507 3709 603 2507 3710 656 2508 3711 854 2508 3712 873 2508 3713 873 2509 3714 896 2509 3715 656 2509 3716 622 2510 3717 615 2510 3718 602 2510 3719 733 7 3720 776 7 3721 936 7 3722 875 7 3723 843 7 3724 699 7 3725 699 2511 3726 843 2511 3727 657 2511 3728 657 2512 3729 843 2512 3730 706 2512 3731 699 2513 3732 657 2513 3733 640 2513 3734 699 2514 3735 640 2514 3736 661 2514 3737 661 2515 3738 640 2515 3739 622 2515 3740 840 2516 3741 714 2516 3742 735 2516 3743 659 2517 3744 661 2517 3745 603 2517 3746 603 2518 3747 661 2518 3748 602 2518 3749 602 2519 3750 661 2519 3751 622 2519 3752 936 2520 3753 896 2520 3754 928 2520 3755 602 2521 3756 615 2521 3757 613 2521 3758 644 2522 3759 624 2522 3760 631 2522 3761 631 2523 3762 624 2523 3763 607 2523 3764 631 2524 3765 607 2524 3766 613 2524 3767 613 2525 3768 607 2525 3769 602 2525 3770 840 2526 3771 854 2526 3772 714 2526 3773 714 2527 3774 854 2527 3775 656 2527 3776 714 2528 3777 656 2528 3778 704 2528 3779 704 2529 3780 656 2529 3781 644 2529 3782 644 2530 3783 656 2530 3784 624 2530 3785 928 2531 3786 895 2531 3787 936 2531 3788 840 2532 3789 735 2532 3790 738 2532 3791 840 7 3792 738 7 3793 843 7 3794 843 7 3795 738 7 3796 706 7 3797 733 2533 3798 936 2533 3799 895 2533 3800 733 7 3801 895 7 3802 875 7 3803 733 2534 3804 875 2534 3805 699 2534 3806 936 2535 3807 776 2535 3808 778 2535 3809 778 2536 3810 776 2536 3811 734 2536 3812 778 2537 3813 788 2537 3814 805 2537 3815 778 2538 3816 805 2538 3817 936 2538 3818 936 2539 3819 805 2539 3820 846 2539 3821 936 2540 3822 846 2540 3823 955 2540 3824 955 2541 3825 846 2541 3826 849 2541 3827 955 2542 3828 849 2542 3829 916 2542 3830 916 2543 3831 849 2543 3832 810 2543 3833 916 2544 3834 810 2544 3835 778 2544 3836 778 2545 3837 810 2545 3838 788 2545 3839 577 7 3840 582 7 3841 584 7 3842 586 7 3843 582 7 3844 577 7 3845 577 2546 3846 627 2546 3847 646 2546 3848 646 7 3849 627 7 3850 636 7 3851 584 7 3852 627 7 3853 577 7 3854 586 2547 3855 577 2547 3856 604 2547 3857 648 2548 3858 642 2548 3859 727 2548 3860 594 2549 3861 604 2549 3862 596 2549 3863 604 2550 3864 594 2550 3865 586 2550 3866 727 2551 3867 642 2551 3868 652 2551 3869 584 2552 3870 587 2552 3871 627 2552 3872 586 2553 3873 594 2553 3874 590 2553 3875 590 2554 3876 594 2554 3877 593 2554 3878 587 2555 3879 629 2555 3880 627 2555 3881 590 2556 3882 593 2556 3883 591 2556 3884 591 2557 3885 593 2557 3886 597 2557 3887 591 2558 3888 597 2558 3889 587 2558 3890 779 2559 3891 929 2559 3892 727 2559 3893 587 2560 3894 597 2560 3895 629 2560 3896 629 2561 3897 597 2561 3898 611 2561 3899 629 2562 3900 611 2562 3901 642 2562 3902 642 2563 3903 611 2563 3904 652 2563 3905 636 7 3906 648 7 3907 646 7 3908 646 2564 3909 648 2564 3910 727 2564 3911 646 2565 3912 727 2565 3913 929 2565 3914 671 2566 3915 656 2567 3916 717 2568 3917 656 2569 3918 671 2570 3919 643 2571 3920 643 2572 3921 624 2573 3922 656 2574 3923 624 2575 3924 643 2576 3925 619 2577 3926 606 2578 3927 607 2579 3928 619 2580 3929 619 2581 3930 607 2582 3931 624 2583 3932 601 2584 3933 602 2585 3934 607 2586 3935 601 2587 3936 607 2588 3937 606 2589 3938 599 2590 3939 602 2591 3940 601 2592 3941 731 2593 3942 717 2594 3943 779 2595 3944 711 2596 3945 731 2597 3946 779 2598 3947 711 2599 3948 779 2600 3949 727 2601 3950 599 2602 3951 595 2603 3952 596 2604 3953 596 2605 3954 595 2606 3955 594 2607 3956 718 2608 3957 717 2609 3958 731 2610 3959 599 2611 3960 598 2612 3961 595 2613 3962 718 2614 3963 731 2615 3964 711 2616 3965 598 2617 3966 593 2618 3967 595 2619 3968 595 2620 3969 593 2621 3970 594 2622 3971 727 2623 3972 652 2624 3973 711 2625 3974 718 2626 3975 671 2627 3976 717 2628 3977 652 2629 3978 655 2630 3979 711 2631 3980 711 2632 3981 655 2633 3982 654 2634 3983 711 2635 3984 654 2636 3985 718 2637 3986 718 2638 3987 654 2639 3988 671 2640 3989 654 2641 3990 643 2642 3991 671 2643 3992 652 2644 3993 635 2645 3994 655 2646 3995 655 2647 3996 635 2648 3997 654 2649 3998 652 2650 3999 611 2651 4000 635 2652 4001 635 2653 4002 625 2654 4003 654 2655 4004 654 2656 4005 625 2657 4006 643 2658 4007 625 2659 4008 619 2660 4009 643 2661 4010 611 2662 4011 597 2663 4012 635 2664 4013 635 2665 4014 597 2666 4015 625 2667 4016 597 2668 4017 605 2669 4018 625 2670 4019 625 2671 4020 605 2672 4021 606 2673 4022 625 2674 4023 606 2675 4024 619 2676 4025 597 2677 4026 600 2678 4027 605 2679 4028 605 2680 4029 600 2681 4030 606 2682 4031 597 2683 4032 593 2684 4033 600 2685 4034 606 2686 4035 600 2687 4036 601 2688 4037 593 2689 4038 598 2690 4039 600 2691 4040 600 2692 4041 598 2693 4042 601 2694 4043 598 2695 4044 599 2696 4045 601 2697 4046 676 116 4047 883 116 4048 579 116 4049 579 116 4050 883 116 4051 650 116 4052 677 2698 4053 647 2698 4054 676 2698 4055 676 2699 4056 647 2699 4057 646 2699 4058 676 2700 4059 646 2700 4060 883 2700 4061 883 2701 4062 646 2701 4063 929 2701 4064 883 2702 4065 929 2702 4066 884 2702 4067 884 2703 4068 929 2703 4069 930 2703 4070 578 2704 4071 577 2704 4072 647 2704 4073 647 2704 4074 577 2704 4075 646 2704 4076 650 2705 4077 604 2705 4078 579 2705 4079 579 2706 4080 604 2706 4081 577 2706 4082 579 2707 4083 577 2707 4084 580 2707 4085 580 2708 4086 577 2708 4087 578 2708 4088 604 2709 4089 663 2709 4090 603 2709 4091 679 2710 4092 675 2710 4093 651 2710 4094 651 2711 4095 675 2711 4096 664 2711 4097 663 2712 4098 665 2712 4099 603 2712 4100 664 2713 4101 666 2713 4102 650 2713 4103 603 2714 4104 665 2714 4105 678 2714 4106 678 2715 4107 665 2715 4108 672 2715 4109 651 2716 4110 664 2716 4111 650 2716 4112 650 2717 4113 666 2718 4114 674 2719 4115 674 2720 4116 673 2720 4117 650 2720 4118 650 2721 4119 673 2721 4120 663 2721 4121 650 2722 4122 663 2722 4123 604 2722 4124 884 2723 4125 651 2723 4126 883 2723 4127 883 2723 4128 651 2723 4129 650 2723 4130 858 2724 4131 930 2724 4132 956 2724 4133 858 2725 4134 848 2725 4135 930 2725 4136 730 2726 4137 871 2726 4138 870 2726 4139 884 2727 4140 715 2727 4141 703 2727 4142 884 2728 4143 703 2728 4144 651 2728 4145 930 116 4146 885 116 4147 884 116 4148 884 2729 4149 885 2729 4150 879 2729 4151 809 2730 4152 880 2730 4153 848 2730 4154 848 2731 4155 880 2731 4156 885 2731 4157 848 2732 4158 885 2732 4159 930 2732 4160 851 2733 4161 820 2733 4162 853 2733 4163 720 2734 4164 807 2734 4165 931 2734 4166 931 2735 4167 807 2735 4168 853 2735 4169 809 2736 4170 870 2736 4171 880 2736 4172 853 2737 4173 820 2737 4174 956 2737 4175 956 2738 4176 820 2738 4177 858 2738 4178 879 116 4179 871 116 4180 884 116 4181 820 2739 4182 814 2739 4183 793 2739 4184 799 2740 4185 807 2740 4186 720 2740 4187 809 2741 4188 730 2741 4189 870 2741 4190 931 2742 4191 853 2742 4192 956 2742 4193 730 2743 4194 715 2743 4195 871 2743 4196 871 2744 4197 715 2744 4198 884 2744 4199 820 2745 4200 851 2745 4201 814 2745 4202 703 2746 4203 698 2746 4204 651 2746 4205 651 2747 4206 698 2747 4207 679 2747 4208 679 2748 4209 698 2748 4210 707 2748 4211 730 2749 4212 809 2749 4213 721 2749 4214 721 2750 4215 809 2750 4216 793 2750 4217 679 2751 4218 707 2751 4219 720 2751 4220 679 2752 4221 720 2752 4222 697 2752 4223 721 2753 4224 793 2753 4225 814 2753 4226 721 2754 4227 814 2754 4228 707 2754 4229 814 2755 4230 799 2755 4231 707 2755 4232 707 2756 4233 799 2756 4234 720 2756 4235 580 2757 4236 677 2757 4237 579 2757 4238 579 2757 4239 677 2757 4240 676 2757 4241 649 2758 4242 653 2758 4243 677 2758 4244 677 2759 4245 653 2759 4246 647 2759 4247 647 2760 4248 653 2760 4249 638 2760 4250 647 2761 4251 638 2761 4252 634 2761 4253 580 2762 4254 639 2762 4255 649 2762 4256 580 2763 4257 649 2763 4258 677 2763 4259 647 2764 4260 634 2764 4261 626 2764 4262 583 2765 4263 589 2765 4264 580 2765 4265 592 2766 4266 626 2766 4267 589 2766 4268 589 2767 4269 626 2767 4270 628 2767 4271 626 2768 4272 592 2768 4273 647 2768 4274 647 2769 4275 592 2769 4276 588 2769 4277 647 2770 4278 588 2770 4279 585 2770 4280 647 2771 4281 585 2771 4282 581 2771 4283 647 2772 4284 581 2772 4285 578 2772 4286 578 2773 4287 581 2773 4288 583 2773 4289 578 2774 4290 583 2774 4291 580 2774 4292 589 2775 4293 628 2775 4294 580 2775 4295 580 2776 4296 628 2776 4297 639 2776 4298 584 2777 4299 581 2778 4300 585 2779 4301 584 2780 4302 585 2781 4303 587 2782 4304 587 2783 4305 585 2784 4306 588 2785 4307 587 2786 4308 588 2787 4309 591 2788 4310 591 2789 4311 588 2790 4312 592 2791 4313 591 2792 4314 592 2793 4315 590 2794 4316 590 2795 4317 592 2796 4318 589 2797 4319 590 2798 4320 589 2799 4321 586 2800 4322 586 2801 4323 589 2802 4324 583 2803 4325 586 2804 4326 583 2805 4327 582 2806 4328 582 2807 4329 583 2808 4330 581 2809 4331 582 2810 4332 581 2811 4333 584 2812 4334 627 2813 4335 634 2814 4336 636 2815 4337 636 2816 4338 634 2817 4339 638 2818 4340 636 2819 4341 638 2820 4342 648 2821 4343 648 2822 4344 638 2823 4345 653 2824 4346 648 2825 4347 653 2826 4348 649 2827 4349 648 2828 4350 649 2829 4351 642 2830 4352 642 2831 4353 649 2832 4354 639 2833 4355 642 2834 4356 639 2835 4357 629 2836 4358 629 2837 4359 639 2838 4360 628 2839 4361 629 2840 4362 628 2841 4363 627 2842 4364 627 2843 4365 628 2844 4366 626 2845 4367 627 2846 4368 626 2847 4369 634 2848 4370 702 2849 4371 703 2850 4372 712 2851 4373 712 2852 4374 703 2853 4375 715 2854 4376 712 2855 4377 715 2856 4378 726 2857 4379 726 2858 4380 715 2859 4381 730 2860 4382 726 2861 4383 730 2862 4384 723 2863 4385 723 2864 4386 730 2865 4387 721 2866 4388 723 2867 4389 721 2868 4390 708 2869 4391 708 2870 4392 721 2871 4393 707 2872 4394 708 2873 4395 707 2874 4396 700 2875 4397 700 2876 4398 707 2877 4399 698 2878 4400 700 2879 4401 698 2880 4402 702 2881 4403 702 2882 4404 698 2883 4405 703 2884 4406 623 2885 4407 620 2886 4408 630 2887 4409 622 2888 4410 618 2889 4411 615 2890 4412 615 2891 4413 618 2892 4414 617 2893 4415 616 2894 4416 617 2895 4417 620 2896 4418 616 2897 4419 620 2898 4420 623 2899 4421 622 2900 4422 633 2901 4423 618 2902 4424 623 2903 4425 630 2904 4426 641 2905 4427 641 2906 4428 630 2907 4429 637 2908 4430 640 2909 4431 637 2910 4432 633 2911 4433 640 2912 4434 633 2913 4435 622 2914 4436 722 2915 4437 710 2916 4438 705 2917 4439 714 2918 4440 713 2919 4441 735 2920 4442 735 2921 4443 713 2922 4444 732 2923 4445 736 2924 4446 732 2925 4447 722 2926 4448 736 2927 4449 722 2928 4450 705 2929 4451 705 2930 4452 710 2931 4453 709 2932 4454 704 2933 4455 709 2934 4456 713 2935 4457 704 2936 4458 713 2937 4459 714 2938 4460 735 2939 4461 732 2940 4462 736 2941 4463 735 2942 4464 736 2943 4465 738 2944 4466 738 2945 4467 736 2946 4468 658 2947 4469 738 2948 4470 658 2949 4471 706 2950 4472 706 2951 4473 658 2952 4474 667 2953 4475 706 2954 4476 667 2955 4477 657 2956 4478 657 2957 4479 667 2958 4480 641 2959 4481 657 2960 4482 641 2961 4483 640 2962 4484 640 2963 4485 641 2964 4486 637 2965 4487 615 2966 4488 617 2967 4489 616 2968 4490 615 2969 4491 616 2970 4492 613 2971 4493 613 2972 4494 616 2973 4495 614 2974 4496 613 2975 4497 614 2976 4498 631 2977 4499 631 2978 4500 614 2979 4501 632 2980 4502 631 2981 4503 632 2982 4504 644 2983 4505 644 2984 4506 632 2985 4507 645 2986 4508 644 2987 4509 645 2988 4510 704 2989 4511 704 2990 4512 645 2991 4513 705 2992 4514 704 2993 4515 705 2994 4516 709 2995 4517 658 2996 4518 641 2996 4519 667 2996 4520 616 2997 4521 623 2997 4522 658 2997 4523 658 2998 4524 623 2998 4525 641 2998 4526 658 2999 4527 614 2999 4528 616 2999 4529 658 3000 4530 632 3000 4531 614 3000 4532 658 7 4533 645 7 4534 632 7 4535 658 3001 4536 705 3001 4537 645 3001 4538 658 3002 4539 736 3002 4540 705 3002 4541 620 3003 4542 608 3004 4543 610 3005 4544 620 3006 4545 610 3007 4546 630 3008 4547 608 3009 4548 620 3010 4549 617 3011 4550 608 3012 4551 617 3013 4552 618 3014 4553 608 3015 4554 618 3016 4555 609 3017 4556 609 3018 4557 618 3019 4558 612 3020 4559 612 3021 4560 618 3022 4561 633 3023 4562 612 3024 4563 633 3025 4564 637 3026 4565 612 3027 4566 637 3028 4567 621 3029 4568 621 3030 4569 637 3031 4570 610 3032 4571 610 3033 4572 637 3034 4573 630 3035 4574 773 3036 4575 722 3037 4576 732 3038 4577 773 3039 4578 732 3040 4579 777 3041 4580 777 3042 4581 732 3043 4582 775 3044 4583 775 3045 4584 732 3046 4585 713 3047 4586 775 3048 4587 713 3049 4588 737 3050 4589 713 3051 4590 728 3052 4591 737 3053 4592 728 3054 4593 713 3055 4594 709 3056 4595 728 3057 4596 709 3058 4597 729 3059 4598 729 3060 4599 709 3061 4600 710 3062 4601 722 3063 4602 773 3064 4603 729 3065 4604 722 3066 4605 729 3067 4606 710 3068 4607 737 3069 4608 728 3070 4609 729 3071 4610 729 3072 4611 773 3073 4612 737 3074 4613 773 3075 4614 777 3076 4615 737 3077 4616 737 3078 4617 777 3079 4618 775 3080 4619 612 3081 4620 621 3082 4621 610 3083 4622 612 3084 4623 610 3085 4624 609 3086 4625 609 3087 4626 610 3088 4627 608 3089 4628 950 3090 4629 955 3090 4630 934 3090 4631 946 3091 4632 943 3091 4633 955 3091 4634 940 3092 4635 944 3092 4636 948 3092 4637 950 3093 4638 948 3093 4639 946 3093 4640 946 3094 4641 948 3094 4642 944 3094 4643 942 3095 4644 945 3095 4645 949 3095 4646 951 3096 4647 954 3096 4648 935 3096 4649 930 3097 4650 939 3097 4651 938 3097 4652 930 3098 4653 938 3098 4654 942 3098 4655 953 3099 4656 933 3099 4657 956 3099 4658 949 3100 4659 945 3100 4660 947 3100 4661 955 3101 4662 943 3101 4663 936 3101 4664 936 3102 4665 943 3102 4666 937 3102 4667 946 3103 4668 955 3103 4669 950 3103 4670 937 3104 4671 941 3104 4672 939 3104 4673 942 3105 4674 949 3105 4675 930 3105 4676 930 3106 4677 949 3106 4678 953 3106 4679 930 3107 4680 953 3107 4681 956 3107 4682 948 3108 4683 952 3108 4684 951 3108 4685 941 3109 4686 937 3109 4687 940 3109 4688 937 3110 4689 939 3110 4690 930 3110 4691 937 3111 4692 930 3111 4693 936 3111 4694 951 3112 4695 952 3112 4696 954 3112 4697 947 3113 4698 941 3113 4699 949 3113 4700 949 3114 4701 941 3114 4702 951 3114 4703 951 3115 4704 941 3115 4705 940 3115 4706 951 3116 4707 940 3116 4708 948 3116 4709 717 3117 4710 656 3117 4711 896 3117 4712 896 3118 4713 929 3118 4714 779 3118 4715 896 3119 4716 779 3120 4717 717 3121 4718 596 3122 4719 604 3122 4720 603 3122 4721 603 3123 4722 602 3123 4723 599 3123 4724 603 3124 4725 599 3124 4726 596 3124 4727 678 3125 4728 672 3125 4729 684 3125 4730 684 3126 4731 672 3126 4732 680 3126 4733 689 3127 4734 693 3127 4735 684 3127 4736 697 3128 4737 696 3128 4738 692 3128 4739 684 3129 4740 680 3129 4741 682 3129 4742 682 3130 4743 687 3130 4744 685 3130 4745 683 3131 4746 675 3131 4747 679 3131 4748 685 3132 4749 689 3132 4750 682 3132 4751 682 3133 4752 689 3133 4753 684 3133 4754 688 3134 4755 683 3134 4756 679 3134 4757 688 3135 4758 679 3135 4759 692 3135 4760 692 3136 4761 679 3136 4762 697 3136 4763 683 3137 4764 686 3137 4765 690 3137 4766 683 3138 4767 690 3138 4768 681 3138 4769 683 3139 4770 688 3139 4771 686 3139 4772 673 3140 4773 674 3140 4774 681 3140 4775 673 3141 4776 681 3141 4777 690 3141 4778 694 3142 4779 695 3142 4780 691 3142 4781 690 3143 4782 682 3143 4783 673 3143 4784 687 3144 4785 682 3144 4786 691 3144 4787 691 3145 4788 682 3145 4789 690 3145 4790 691 3146 4791 690 3146 4792 694 3146 4793 720 3147 4794 770 3147 4795 755 3147 4796 720 3148 4797 755 3148 4798 719 3148 4799 719 3149 4800 755 3149 4801 769 3149 4802 720 3150 4803 787 3150 4804 772 3150 4805 719 3151 4806 769 3151 4807 784 3151 4808 787 3152 4809 720 3152 4810 839 3152 4811 839 3153 4812 720 3153 4813 931 3153 4814 839 3154 4815 931 3154 4816 868 3154 4817 771 3155 4818 770 3155 4819 756 3155 4820 756 3156 4821 770 3156 4822 720 3156 4823 756 3157 4824 720 3157 4825 772 3157 4826 770 3158 4827 771 3158 4828 786 3158 4829 770 3159 4830 786 3159 4831 785 3159 4832 838 3160 4833 891 3160 4834 867 3160 4835 836 3161 4836 916 3161 4837 719 3161 4838 836 3162 4839 719 3162 4840 784 3162 4841 785 3163 4842 786 3163 4843 837 3163 4844 837 3164 4845 786 3164 4846 838 3164 4847 837 3165 4848 838 3165 4849 867 3165 4850 916 3166 4851 836 3166 4852 890 3166 4853 916 3167 4854 892 3167 4855 926 3167 4856 916 2106 4857 926 2106 4858 931 2106 4859 931 3168 4860 926 3168 4861 893 3168 4862 893 3169 4863 868 3169 4864 931 3169 4865 890 3170 4866 925 3170 4867 916 3170 4868 916 3171 4869 925 3171 4870 891 3171 4871 916 3172 4872 891 3172 4873 892 3172 4874 892 3173 4875 891 3173 4876 838 3173 4877 790 3174 4878 785 3175 4879 796 3176 4880 790 3177 4881 796 3178 4882 800 3179 4883 790 3180 4884 800 3181 4885 811 3182 4886 790 3183 4887 816 3184 4888 781 3185 4889 781 3186 4890 816 3187 4891 823 3188 4892 823 3189 4893 816 3190 4894 864 3191 4895 816 3192 4896 847 3193 4897 864 3194 4898 861 3195 4899 844 3196 4900 830 3197 4901 811 3198 4902 800 3199 4903 830 3200 4904 830 3201 4905 844 3202 4906 811 3203 4907 861 3204 4908 847 3205 4909 844 3206 4910 847 3207 4911 861 3208 4912 864 3209 4913 861 3210 4914 834 3211 4915 867 3212 4916 867 3213 4917 834 3214 4918 837 3215 4919 837 3216 4920 834 3217 4921 785 3218 4922 785 3219 4923 834 3220 4924 796 3221 4925 812 3222 4926 789 3223 4927 818 3224 4928 822 3225 4929 826 3226 4930 802 3227 4931 822 3228 4932 802 3229 4933 780 3230 4934 780 3231 4935 802 3232 4936 789 3233 4937 795 3234 4938 780 3235 4939 789 3236 4940 795 3237 4941 789 3238 4942 812 3239 4943 784 3240 4944 795 3241 4945 804 3242 4946 833 3243 4947 836 3244 4948 804 3245 4949 804 3246 4950 836 3247 4951 784 3248 4952 833 3249 4953 859 3250 4954 836 3251 4955 863 3252 4956 859 3253 4957 855 3254 4958 812 3255 4959 818 3256 4960 829 3257 4961 818 3258 4962 855 3259 4963 829 3260 4964 829 3261 4965 855 3262 4966 859 3263 4967 855 3264 4968 826 3265 4969 863 3266 4970 863 3267 4971 826 3268 4972 822 3269 4973 741 3270 4974 747 3271 4975 743 3272 4976 747 3273 4977 741 3274 4978 757 3275 4979 765 3276 4980 747 3277 4981 757 3278 4982 757 3279 4983 749 3280 4984 765 3281 4985 755 3282 4986 745 3283 4987 769 3284 4988 769 3285 4989 745 3286 4990 761 3287 4991 766 3288 4992 751 3289 4993 758 3290 4994 743 3291 4995 758 3292 4996 741 3293 4997 743 3294 4998 762 3295 4999 758 3296 5000 770 3297 5001 758 3298 5002 762 3299 5003 770 3300 5004 762 3301 5005 755 3302 5006 755 3303 5007 762 3304 5008 745 3305 5009 899 3306 5010 908 3307 5011 917 3308 5012 899 3309 5013 917 3310 5014 921 3311 5015 925 3312 5016 914 3313 5017 891 3314 5018 891 3315 5019 914 3316 5020 903 3317 5021 899 3318 5022 903 3319 5023 908 3320 5024 903 3321 5025 899 3322 5026 891 3323 5027 899 3324 5028 906 3325 5029 887 3326 5030 906 3327 5031 923 3328 5032 887 3329 5033 906 3330 5034 919 3331 5035 923 3332 5036 923 3333 5037 919 3334 5038 886 3335 5039 921 3336 5040 917 3337 5041 910 3338 5042 902 3339 5043 910 3340 5044 917 3341 5045 919 3342 5046 898 3343 5047 886 3344 5048 902 3345 5049 886 3346 5050 898 3347 5051 902 3348 5052 898 3349 5053 910 3350 5054 890 3351 5055 902 3352 5056 912 3353 5057 890 3354 5058 912 3355 5059 925 3356 5060 925 3357 5061 912 3358 5062 914 3359 5063 749 3360 5064 739 3361 5065 753 3362 5066 765 3363 5067 749 3364 5068 753 3365 5069 753 3366 5070 739 3367 5071 751 3368 5072 753 3369 5073 751 3370 5074 766 3371 5075 886 3372 5076 902 3373 5077 890 3374 5078 886 3375 5079 890 3376 5080 863 3377 5081 863 3378 5082 890 3379 5083 836 3380 5084 863 3381 5085 836 3382 5086 859 3383 5087 780 3384 5088 795 3385 5089 784 3386 5090 780 3387 5091 784 3388 5092 765 3389 5093 765 3390 5094 784 3391 5095 769 3392 5096 765 3393 5097 769 3394 5098 747 3395 5099 747 3396 5100 769 3397 5101 761 3398 5102 766 3399 5103 758 3400 5104 770 3401 5105 766 3402 5106 770 3403 5107 781 3404 5108 781 3405 5109 770 3406 5110 785 3407 5111 781 3408 5112 785 3409 5113 790 3410 5114 864 3411 5115 861 3412 5116 867 3413 5117 864 3414 5118 867 3415 5119 887 3416 5120 887 3417 5121 867 3418 5122 891 3419 5123 887 3420 5124 891 3421 5125 899 3422 5126 822 3423 5127 887 3423 5128 923 3423 5129 822 3424 5130 923 3424 5131 886 3424 5132 822 3425 5133 864 3425 5134 887 3425 5135 781 3426 5136 823 3426 5137 822 3426 5138 822 3427 5139 823 3427 5140 864 3427 5141 766 3428 5142 781 3428 5143 822 3428 5144 822 3429 5145 753 3429 5146 766 3429 5147 780 3430 5148 765 3430 5149 822 3430 5150 822 3431 5151 765 3431 5152 753 3431 5153 822 3432 5154 886 3432 5155 863 3432 5156 803 3433 5157 792 3434 5158 787 3435 5159 803 3436 5160 787 3437 5161 798 3438 5162 803 3439 5163 798 3440 5164 801 3441 5165 792 3442 5166 817 3443 5167 783 3444 5168 783 3445 5169 817 3446 5170 825 3447 5171 825 3448 5172 817 3449 5173 866 3450 5174 862 3451 5175 857 3452 5176 832 3453 5177 832 3454 5178 857 3455 5179 828 3456 5180 803 3457 5181 801 3458 5182 828 3459 5183 828 3460 5184 801 3461 5185 832 3462 5186 817 3463 5187 857 3464 5188 866 3465 5189 857 3466 5190 862 3467 5191 866 3468 5192 862 3469 5193 835 3470 5194 868 3471 5195 868 3472 5196 835 3473 5197 839 3474 5198 839 3475 5199 835 3476 5200 787 3477 5201 787 3478 5202 835 3479 5203 798 3480 5204 824 3481 5205 827 3482 5206 808 3483 5207 824 3484 5208 808 3485 5209 782 3486 5210 782 3487 5211 808 3488 5212 791 3489 5213 791 3490 5214 797 3491 5215 786 3492 5216 786 3493 5217 797 3494 5218 821 3495 5219 821 3496 5220 838 3497 5221 786 3498 5222 819 3499 5223 813 3500 5224 791 3501 5225 791 3502 5226 813 3503 5227 797 3504 5228 821 3505 5229 860 3506 5230 838 3507 5231 865 3508 5232 860 3509 5233 856 3510 5234 813 3511 5235 819 3512 5236 831 3513 5237 831 3514 5238 819 3515 5239 856 3516 5240 831 3517 5241 856 3518 5242 860 3519 5243 856 3520 5244 827 3521 5245 865 3522 5246 865 3523 5247 827 3524 5248 824 3525 5249 750 3526 5250 740 3527 5251 754 3528 5252 754 3529 5253 740 3530 5254 752 3531 5255 767 3532 5256 748 3533 5257 759 3534 5258 759 3535 5259 750 3536 5260 767 3537 5261 767 3538 5262 750 3539 5263 754 3540 5264 748 3541 5265 742 3542 5266 759 3543 5267 742 3544 5268 748 3545 5269 744 3546 5270 754 3547 5271 752 3548 5272 768 3549 5273 768 3550 5274 752 3551 5275 760 3552 5276 744 3553 5277 760 3554 5278 742 3555 5279 744 3556 5280 764 3557 5281 760 3558 5282 772 3559 5283 760 3560 5284 764 3561 5285 772 3562 5286 764 3563 5287 756 3564 5288 926 3565 5289 915 3566 5290 893 3567 5291 901 3568 5292 909 3569 5293 918 3570 5294 901 3571 5295 918 3572 5296 922 3573 5297 893 3574 5298 915 3575 5299 905 3576 5300 901 3577 5301 905 3578 5302 909 3579 5303 905 3580 5304 901 3581 5305 893 3582 5306 901 3583 5307 907 3584 5308 889 3585 5309 907 3586 5310 924 3587 5311 889 3588 5312 907 3589 5313 920 3590 5314 924 3591 5315 924 3592 5316 920 3593 5317 888 3594 5318 922 3595 5319 918 3596 5320 911 3597 5321 904 3598 5322 911 3599 5323 918 3600 5324 920 3601 5325 900 3602 5326 888 3603 5327 904 3604 5328 888 3605 5329 900 3606 5330 904 3607 5331 900 3608 5332 911 3609 5333 892 3610 5334 904 3611 5335 913 3612 5336 892 3613 5337 913 3614 5338 926 3615 5339 926 3616 5340 913 3617 5341 915 3618 5342 764 3619 5343 746 3620 5344 756 3621 5345 756 3622 5346 746 3623 5347 771 3624 5348 771 3625 5349 746 3626 5350 763 3627 5351 888 3628 5352 904 3629 5353 892 3630 5354 888 3631 5355 892 3632 5356 865 3633 5357 865 3634 5358 892 3635 5359 838 3636 5360 865 3637 5361 838 3638 5362 860 3639 5363 782 3640 5364 791 3641 5365 786 3642 5366 782 3643 5367 786 3644 5368 767 3645 5369 767 3646 5370 786 3647 5371 771 3648 5372 767 3649 5373 771 3650 5374 748 3651 5375 748 3652 5376 771 3653 5377 763 3654 5378 768 3655 5379 760 3656 5380 772 3657 5381 768 3658 5382 772 3659 5383 783 3660 5384 783 3661 5385 772 3662 5386 787 3663 5387 783 3664 5388 787 3665 5389 792 3666 5390 866 3667 5391 862 3668 5392 868 3669 5393 866 3670 5394 868 3671 5395 889 3672 5396 889 3673 5397 868 3674 5398 893 3675 5399 889 3676 5400 893 3677 5401 901 3678 5402 824 3679 5403 889 3679 5404 924 3679 5405 824 3680 5406 924 3680 5407 888 3680 5408 824 3681 5409 866 3681 5410 889 3681 5411 783 3682 5412 825 3682 5413 824 3682 5414 824 3683 5415 825 3683 5416 866 3683 5417 768 3684 5418 783 3684 5419 824 3684 5420 824 3685 5421 754 3685 5422 768 3685 5423 782 3686 5424 767 3686 5425 824 3686 5426 824 3687 5427 767 3687 5428 754 3687 5429 824 3688 5430 888 3688 5431 865 3688 5432 817 3689 5433 809 3690 5434 848 3691 5435 817 3692 5436 848 3693 5437 857 3694 5438 857 3695 5439 848 3696 5440 858 3697 5441 857 3698 5442 858 3699 5443 820 3700 5444 857 3701 5445 820 3702 5446 828 3703 5447 793 3704 5448 803 3705 5449 820 3706 5450 820 3707 5451 803 3708 5452 828 3709 5453 793 3710 5454 792 3711 5455 803 3712 5456 809 3713 5457 817 3714 5458 792 3715 5459 809 3716 5460 792 3717 5461 793 3718 5462 816 3719 5463 808 3720 5464 827 3721 5465 816 3722 5466 827 3723 5467 847 3724 5468 847 3725 5469 827 3726 5470 856 3727 5471 847 3728 5472 856 3729 5473 844 3730 5474 844 3731 5475 856 3732 5476 819 3733 5477 844 3734 5478 819 3735 5479 811 3736 5480 811 3737 5481 819 3738 5482 791 3739 5483 811 3740 5484 791 3741 5485 790 3742 5486 808 3743 5487 816 3744 5488 790 3745 5489 808 3746 5490 790 3747 5491 791 3748 5492 814 3749 5493 832 3750 5494 801 3751 5495 832 3752 5496 814 3753 5497 851 3754 5498 832 3755 5499 851 3756 5500 862 3757 5501 862 3758 5502 851 3759 5503 853 3760 5504 862 3761 5505 853 3762 5506 835 3763 5507 807 3764 5508 835 3765 5509 853 3766 5510 807 3767 5511 798 3768 5512 835 3769 5513 799 3770 5514 798 3771 5515 807 3772 5516 799 3773 5517 801 3774 5518 798 3775 5519 814 3776 5520 801 3777 5521 799 3778 5522 800 3779 5523 813 3780 5524 830 3781 5525 830 3782 5526 813 3783 5527 831 3784 5528 830 3785 5529 831 3786 5530 860 3787 5531 830 3788 5532 860 3789 5533 861 3790 5534 861 3791 5535 860 3792 5536 821 3793 5537 861 3794 5538 821 3795 5539 834 3796 5540 834 3797 5541 821 3798 5542 796 3799 5543 796 3800 5544 821 3801 5545 797 3802 5546 796 3803 5547 797 3804 5548 800 3805 5549 813 3806 5550 800 3807 5551 797 3808 5552 788 3809 5553 802 3810 5554 805 3811 5555 802 3812 5556 788 3813 5557 789 3814 5558 789 3815 5559 788 3816 5560 810 3817 5561 789 3818 5562 810 3819 5563 818 3820 5564 818 3821 5565 810 3822 5566 849 3823 5567 818 3824 5568 849 3825 5569 855 3826 5570 855 3827 5571 849 3828 5572 846 3829 5573 855 3830 5574 846 3831 5575 826 3832 5576 805 3833 5577 826 3834 5578 846 3835 5579 805 3836 5580 802 3837 5581 826 3838 5582 794 3839 5583 795 3840 5584 806 3841 5585 795 3842 5586 794 3843 5587 804 3844 5588 804 3845 5589 794 3846 5590 815 3847 5591 815 3848 5592 833 3849 5593 804 3850 5594 833 3851 5595 815 3852 5596 852 3853 5597 833 3854 5598 852 3855 5599 859 3856 5600 859 3857 5601 852 3858 5602 850 3859 5603 859 3860 5604 850 3861 5605 829 3862 5606 806 3863 5607 829 3864 5608 850 3865 5609 806 3866 5610 795 3867 5611 812 3868 5612 806 3869 5613 812 3870 5614 829 3871 5615 675 3872 5616 752 3873 5617 664 3874 5618 664 3875 5619 752 3876 5620 740 3877 5621 750 3878 5622 666 3879 5623 740 3880 5624 740 3881 5625 666 3882 5626 664 3883 5627 666 3884 5628 750 3885 5629 674 3886 5630 750 3887 5631 759 3888 5632 674 3889 5633 674 3890 5634 759 3891 5635 681 3892 5636 681 3893 5637 759 3894 5638 742 3895 5639 681 3896 5640 742 3897 5641 683 3898 5642 683 3899 5643 742 3900 5644 760 3901 5645 683 3902 5646 760 3903 5647 675 3904 5648 675 3905 5649 760 3906 5650 752 3907 5651 920 3908 5652 939 3909 5653 900 3910 5654 900 3911 5655 939 3912 5656 941 3913 5657 900 3914 5658 941 3915 5659 911 3916 5660 911 3917 5661 941 3918 5662 947 3919 5663 911 3920 5664 947 3921 5665 922 3922 5666 922 3923 5667 947 3924 5668 945 3925 5669 922 3926 5670 945 3927 5671 901 3928 5672 901 3929 5673 945 3930 5674 942 3931 5675 901 3932 5676 942 3933 5677 907 3934 5678 907 3935 5679 942 3936 5680 938 3937 5681 939 3938 5682 920 3939 5683 938 3940 5684 938 3941 5685 920 3942 5686 907 3943 5687 701 3944 5688 746 3945 5689 696 3946 5690 686 3947 5691 688 3948 5692 744 3949 5693 692 3950 5694 764 3951 5695 688 3952 5696 688 3953 5697 764 3954 5698 744 3955 5699 696 3956 5700 746 3957 5701 764 3958 5702 696 3959 5703 764 3960 5704 692 3961 5705 701 3962 5706 694 3963 5707 746 3964 5708 746 3965 5709 694 3966 5710 763 3967 5711 763 3968 5712 694 3969 5713 690 3970 5714 763 3971 5715 690 3972 5716 748 3973 5717 748 3974 5718 690 3975 5719 686 3976 5720 686 3977 5721 744 3978 5722 748 3979 5723 904 3980 5724 949 3981 5725 951 3982 5726 904 3983 5727 951 3984 5728 913 3985 5729 913 3986 5730 951 3987 5731 935 3988 5732 913 3989 5733 935 3990 5734 933 3991 5735 933 3992 5736 915 3993 5737 913 3994 5738 915 3995 5739 933 3996 5740 953 3997 5741 915 3998 5742 953 3999 5743 905 4000 5744 905 4001 5745 953 4002 5746 909 4003 5747 909 4004 5748 953 4005 5749 949 4006 5750 909 4007 5751 949 4008 5752 918 4009 5753 904 4010 5754 918 4011 5755 949 4012 5756 693 4013 5757 745 4014 5758 695 4015 5759 685 4016 5760 687 4017 5761 743 4018 5762 691 4019 5763 762 4020 5764 687 4021 5765 687 4022 5766 762 4023 5767 743 4024 5768 695 4025 5769 745 4026 5770 762 4027 5771 695 4028 5772 762 4029 5773 691 4030 5774 745 4031 5775 693 4032 5776 761 4033 5777 761 4034 5778 693 4035 5779 689 4036 5780 761 4037 5781 689 4038 5782 747 4039 5783 747 4040 5784 689 4041 5785 685 4042 5786 685 4043 5787 743 4044 5788 747 4045 5789 902 4046 5790 948 4047 5791 950 4048 5792 902 4049 5793 950 4050 5794 912 4051 5795 912 4052 5796 950 4053 5797 934 4054 5798 912 4055 5799 934 4056 5800 932 4057 5801 954 4058 5802 914 4059 5803 932 4060 5804 932 4061 5805 914 4062 5806 912 4063 5807 914 4064 5808 954 4065 5809 952 4066 5810 914 4067 5811 952 4068 5812 903 4069 5813 903 4070 5814 952 4071 5815 908 4072 5816 908 4073 5817 952 4074 5818 948 4075 5819 908 4076 5820 948 4077 5821 917 4078 5822 902 4079 5823 917 4080 5824 948 4081 5825 673 4082 5826 751 4083 5827 663 4084 5828 663 4085 5829 751 4086 5830 739 4087 5831 749 4088 5832 665 4089 5833 739 4090 5834 739 4091 5835 665 4092 5836 663 4093 5837 665 4094 5838 749 4095 5839 672 4096 5840 749 4097 5841 757 4098 5842 672 4099 5843 672 4100 5844 757 4101 5845 680 4102 5846 680 4103 5847 757 4104 5848 741 4105 5849 680 4106 5850 741 4107 5851 682 4108 5852 682 4109 5853 741 4110 5854 758 4111 5855 682 4112 5856 758 4113 5857 673 4114 5858 673 4115 5859 758 4116 5860 751 4117 5861 919 4118 5862 937 4119 5863 898 4120 5864 898 4121 5865 937 4122 5866 943 4123 5867 898 4124 5868 943 4125 5869 910 4126 5870 910 4127 5871 943 4128 5872 946 4129 5873 910 4130 5874 946 4131 5875 921 4132 5876 921 4133 5877 946 4134 5878 944 4135 5879 921 4136 5880 944 4137 5881 899 4138 5882 899 4139 5883 944 4140 5884 940 4141 5885 899 4142 5886 940 4143 5887 906 4144 5888 937 4145 5889 906 4146 5890 940 4147 5891 937 4148 5892 919 4149 5893 906 4150 5894 956 4151 5895 933 4151 5896 931 4151 5897 931 4152 5898 932 4152 5899 916 4152 5900 935 4153 5901 954 4153 5902 932 4153 5903 934 4154 5904 955 4154 5905 916 4154 5906 934 4155 5907 916 4156 5908 932 4157 5909 931 4158 5910 933 4159 5911 932 4160 5912 932 4161 5913 933 4162 5914 935 4163 5915 719 4164 5916 684 4164 5917 693 4164 5918 695 4165 5919 694 4165 5920 701 4165 5921 719 4166 5922 693 4166 5923 720 4166 5924 693 4167 5925 695 4167 5926 720 4167 5927 720 4168 5928 695 4168 5929 701 4168 5930 696 4169 5931 697 4169 5932 720 4169 5933 696 4170 5934 720 4170 5935 701 4170 5936 896 4171 5937 936 4171 5938 929 4171 5939 929 4172 5940 936 4172 5941 930 4172 5942 869 4173 5943 871 4174 5944 878 4175 5945 878 4176 5946 871 4177 5947 879 4178 5948 878 4179 5949 879 4180 5950 881 4181 5951 881 4182 5952 879 4183 5953 885 4184 5954 881 4185 5955 885 4186 5956 882 4187 5957 882 4188 5958 885 4189 5959 880 4190 5960 882 4191 5961 880 4192 5962 877 4193 5963 877 4194 5964 880 4195 5965 870 4196 5966 877 4197 5967 870 4198 5968 872 4199 5969 872 4200 5970 870 4201 5971 869 4202 5972 869 4203 5973 870 4204 5974 871 4205 5975 872 4206 5976 845 4206 5977 877 4206 5978 877 7 5979 845 7 5980 876 7 5981 877 7 5982 876 7 5983 882 7 5984 882 4207 5985 876 4207 5986 897 4207 5987 882 4208 5988 897 4208 5989 881 4208 5990 881 7 5991 897 7 5992 927 7 5993 881 7 5994 927 7 5995 894 7 5996 881 4209 5997 894 4209 5998 878 4209 5999 878 4210 6000 894 4210 6001 874 4210 6002 878 7 6003 874 7 6004 869 7 6005 869 4211 6006 874 4211 6007 842 4211 6008 869 7 6009 842 7 6010 841 7 6011 869 4212 6012 841 4212 6013 872 4212 6014 872 7 6015 841 7 6016 845 7 6017 897 4213 6018 895 4214 6019 928 4215 6020 897 4216 6021 928 4217 6022 927 4218 6023 927 4219 6024 928 4220 6025 896 4221 6026 927 4222 6027 896 4223 6028 894 4224 6029 894 4225 6030 896 4226 6031 873 4227 6032 894 4228 6033 873 4229 6034 874 4230 6035 874 4231 6036 873 4232 6037 842 4233 6038 842 4234 6039 873 4235 6040 854 4236 6041 842 4237 6042 854 4238 6043 840 4239 6044 842 4240 6045 840 4241 6046 841 4242 6047 841 4243 6048 840 4244 6049 843 4245 6050 841 4246 6051 843 4247 6052 845 4248 6053 845 4249 6054 843 4250 6055 876 4251 6056 876 4252 6057 843 4253 6058 875 4254 6059 876 4255 6060 875 4256 6061 895 4257 6062 876 4258 6063 895 4259 6064 897 4260 6065 726 7 6066 774 7 6067 724 7 6068 726 4261 6069 724 4261 6070 712 4261 6071 712 4262 6072 724 4262 6073 668 4262 6074 712 7 6075 668 7 6076 702 7 6077 702 7 6078 668 7 6079 662 7 6080 702 7 6081 662 7 6082 700 7 6083 700 7 6084 662 7 6085 660 7 6086 700 4263 6087 660 4263 6088 670 4263 6089 700 4264 6090 670 4264 6091 708 4264 6092 708 4265 6093 670 4265 6094 725 4265 6095 708 7 6096 725 7 6097 723 7 6098 723 7 6099 725 7 6100 774 7 6101 723 4266 6102 774 4266 6103 726 4266 6104 725 4267 6105 734 4268 6106 774 4269 6107 774 4270 6108 734 4271 6109 776 4272 6110 774 4273 6111 776 4274 6112 733 4275 6113 774 4276 6114 733 4277 6115 724 4278 6116 724 4279 6117 733 4280 6118 699 4281 6119 724 4282 6120 699 4283 6121 668 4284 6122 668 4285 6123 699 4286 6124 661 4287 6125 668 4288 6126 661 4289 6127 662 4290 6128 662 4291 6129 661 4292 6130 660 4293 6131 660 4294 6132 661 4295 6133 659 4296 6134 660 4297 6135 659 4298 6136 670 4299 6137 670 4300 6138 659 4301 6139 669 4302 6140 670 4303 6141 669 4304 6142 716 4305 6143 670 4306 6144 716 4307 6145 725 4308 6146 725 4309 6147 716 4310 6148 734 4311 6149</p>
        </triangles>
        <triangles material="Shape_007-material" count="1100">
          <input semantic="VERTEX" source="#Shape_IndexedFaceSet_006-mesh-vertices" offset="0"/>
          <input semantic="NORMAL" source="#Shape_IndexedFaceSet_006-mesh-normals" offset="1"/>
          <input semantic="TEXCOORD" source="#Shape_IndexedFaceSet_006-mesh-map-0" offset="2" set="0"/>
          <p>1011 4312 6150 1006 4312 6151 1008 4312 6152 1003 4313 6153 1000 4313 6154 999 4313 6155 999 4314 6156 1000 4314 6157 995 4314 6158 991 4315 6159 993 4315 6160 989 4315 6161 989 4316 6162 993 4316 6163 995 4316 6164 1011 4317 6165 1007 4317 6166 1012 4317 6167 1011 4318 6168 1013 4318 6169 1006 4318 6170 1006 4319 6171 1013 4319 6172 1010 4319 6173 1008 4320 6174 1003 4320 6175 1011 4320 6176 989 4321 6177 990 4321 6178 992 4321 6179 989 4322 6180 1004 4322 6181 1009 4322 6182 994 4323 6183 998 4323 6184 1001 4323 6185 1009 4324 6186 1004 4324 6187 1010 4324 6188 1010 4325 6189 1004 4325 6190 1006 4325 6191 1012 4326 6192 997 4326 6193 990 4326 6194 990 4327 6195 997 4327 6196 992 4327 6197 995 4328 6198 1000 4328 6199 989 4328 6200 989 4329 6201 1000 4329 6202 1004 4329 6203 1001 4330 6204 998 4330 6205 997 4330 6206 989 4331 6207 992 4331 6208 994 4331 6209 989 4332 6210 994 4332 6211 991 4332 6212 994 4333 6213 1001 4333 6214 1002 4333 6215 994 4334 6216 1002 4334 6217 991 4334 6218 1011 4335 6219 1002 4335 6220 1007 4335 6221 1012 4336 6222 1007 4336 6223 1005 4336 6224 996 4337 6225 991 4337 6226 1002 4337 6227 1012 4338 6228 1005 4338 6229 1001 4338 6230 1012 4339 6231 1001 4339 6232 997 4339 6233 1011 4340 6234 1003 4340 6235 999 4340 6236 1011 4341 6237 999 4341 6238 1002 4341 6239 1002 4342 6240 999 4342 6241 996 4342 6242 1020 4343 6243 1022 4343 6244 1017 4343 6245 1019 4344 6246 1016 4344 6247 1014 4344 6248 1021 4345 6249 1015 4345 6250 1016 4345 6251 1021 4346 6252 1016 4346 6253 1019 4346 6254 1017 4347 6255 1022 4347 6256 1023 4347 6257 1018 4348 6258 1020 4348 6259 1017 4348 6260 1017 4349 6261 1024 4349 6262 1019 4349 6263 1017 4350 6264 1019 4350 6265 1014 4350 6266 1032 4351 6267 1034 4351 6268 1038 4351 6269 1015 4352 6270 1021 4352 6271 1028 4352 6272 1028 4353 6273 1032 4353 6274 1015 4353 6275 1015 4354 6276 1032 4354 6277 1038 4354 6278 1030 4355 6279 1028 4355 6280 1026 4355 6281 1026 4356 6282 1028 4356 6283 1021 4356 6284 1017 4357 6285 1023 4357 6286 1029 4357 6287 1017 4358 6288 1029 4358 6289 1024 4358 6290 1024 4359 6291 1029 4359 6292 1033 4359 6293 1024 4360 6294 1033 4360 6295 1026 4360 6296 1035 4361 6297 1039 4361 6298 1038 4361 6299 1035 4362 6300 1038 4362 6301 1034 4362 6302 1035 4363 6303 1034 4363 6304 1036 4363 6305 1031 4364 6306 1029 4364 6307 1027 4364 6308 1027 4365 6309 1029 4365 6310 1023 4365 6311 1018 4366 6312 1025 4366 6313 1020 4366 6314 1030 4367 6315 1026 4367 6316 1033 4367 6317 1035 4368 6318 1037 4368 6319 1039 4368 6320 1039 4369 6321 1037 4369 6322 1031 4369 6323 1039 4370 6324 1025 4370 6325 1018 4370 6326 1035 4371 6327 1036 4371 6328 1033 4371 6329 1033 4372 6330 1036 4372 6331 1030 4372 6332 1031 4373 6333 1027 4373 6334 1039 4373 6335 1039 4374 6336 1027 4374 6337 1025 4374 6338 1014 4375 6339 1016 4375 6340 1107 4375 6341 1107 4376 6342 1016 4376 6343 1108 4376 6344 1107 4377 6345 1108 4377 6346 1109 4377 6347 1107 4376 6348 1127 4376 6349 1253 4376 6350 1253 4378 6351 1127 4378 6352 1254 4378 6353 1253 4379 6354 1254 4379 6355 1255 4379 6356 1107 4380 6357 1109 4380 6358 1127 4380 6359 1106 4381 6360 1104 4381 6361 1013 4381 6362 1013 4382 6363 1104 4382 6364 1010 4382 6365 1106 4377 6366 1105 4377 6367 1104 4377 6368 1252 4383 6369 1250 4383 6370 1106 4383 6371 1106 4384 6372 1250 4384 6373 1126 4384 6374 1252 4385 6375 1251 4385 6376 1250 4385 6377 1106 4380 6378 1126 4380 6379 1105 4380 6380 1015 4386 6381 1042 4386 6382 1127 4386 6383 1127 4387 6384 1042 4387 6385 1291 4387 6386 1127 4388 6387 1291 4388 6388 1254 4388 6389 1254 4389 6390 1291 4389 6391 1255 4389 6392 1016 2051 6393 1015 2051 6394 1108 2051 6395 1108 4390 6396 1015 4390 6397 1127 4390 6398 1108 2051 6399 1127 2051 6400 1109 2051 6401 962 4391 6402 964 4391 6403 961 4391 6404 961 4391 6405 964 4391 6406 963 4391 6407 961 4391 6408 963 4391 6409 959 4391 6410 959 4391 6411 963 4391 6412 957 4391 6413 959 4391 6414 957 4391 6415 960 4391 6416 960 4391 6417 957 4391 6418 958 4391 6419 1054 4392 6420 1092 4393 6421 1072 4394 6422 1072 4395 6423 1092 4396 6424 1088 4397 6425 1072 4398 6426 1060 4399 6427 1058 4400 6428 1060 4401 6429 1072 4402 6430 1088 4403 6431 1089 4404 6432 1058 4405 6433 1060 4406 6434 1058 4407 6435 1089 4408 6436 1086 4409 6437 1054 4410 6438 1056 4411 6439 1100 4412 6440 1056 4413 6441 1086 4414 6442 1100 4415 6443 1054 4416 6444 1072 4417 6445 1066 4418 6446 1054 4419 6447 1066 4420 6448 1056 4421 6449 1064 4422 6450 1062 4423 6451 1102 4424 6452 1102 4425 6453 1062 4426 6454 1092 4427 6455 1064 4428 6456 1068 4429 6457 1062 4430 6458 1284 4431 6459 1264 4432 6460 1203 4433 6461 1268 4434 6462 1222 4435 6463 1207 4436 6464 1222 4437 6465 1268 4438 6466 1272 4439 6467 1161 4440 6468 1175 4441 6469 1207 4442 6470 1161 4443 6471 1207 4444 6472 1222 4445 6473 1175 4446 6474 1161 4447 6475 1155 4448 6476 1203 4449 6477 1155 4450 6478 1135 4451 6479 1341 4452 6480 1387 4453 6481 1357 4454 6482 1342 4455 6483 1373 4456 6484 1387 4457 6485 1358 4458 6486 1377 4459 6487 1389 4460 6488 1377 4461 6489 1358 4462 6490 1362 4463 6491 1361 4464 6492 1389 4465 6493 1377 4466 6494 1389 4467 6495 1361 4468 6496 1375 4469 6497 1345 4470 6498 1391 4471 6499 1346 4472 6500 1391 4473 6501 1362 4474 6502 1346 4475 6503 1345 4476 6504 1361 4477 6505 1379 4478 6506 1345 4479 6507 1379 4480 6508 1391 4481 6509 1136 4482 6510 1156 4483 6511 1204 4484 6512 1193 4485 6513 1162 4486 6514 1209 4487 6515 1162 4488 6516 1193 4489 6517 1156 4490 6518 1265 4491 6519 1238 4492 6520 1244 4493 6521 1244 4494 6522 1238 4495 6523 1193 4496 6524 1244 4497 6525 1193 4498 6526 1209 4499 6527 1204 4500 6528 1265 4501 6529 1285 4502 6530 1167 4503 6531 1197 4504 6532 1162 4505 6533 1289 4506 6534 1239 4507 6535 1167 4508 6536 1167 4509 6537 1239 4510 6538 1197 4511 6539 1139 4512 6540 1210 4513 6541 1288 4514 6542 1210 4515 6543 1272 4516 6544 1288 4517 6545 1139 4518 6546 1177 4519 6547 1210 4520 6548 1289 4521 6549 1244 4522 6550 1239 4523 6551 1362 4524 6552 1358 4525 6553 1342 4526 6554 1346 4527 6555 1362 4528 6556 1342 4529 6557 1346 4530 6558 1342 4531 6559 1327 4532 6560 1327 4533 6561 1342 4534 6562 1323 4535 6563 1327 4536 6564 1323 4537 6565 1289 4538 6566 1289 4539 6567 1323 4540 6568 1285 4541 6569 1289 4542 6570 1285 4543 6571 1244 4544 6572 1244 4545 6573 1285 4546 6574 1265 4547 6575 1342 4548 6576 1358 4549 6577 1373 4550 6578 1272 4551 6579 1268 4552 6580 1284 4553 6581 1288 4554 6582 1272 4555 6583 1284 4556 6584 1288 4557 6585 1284 4558 6586 1326 4559 6587 1326 4560 6588 1284 4561 6589 1322 4562 6590 1326 4563 6591 1322 4564 6592 1345 4565 6593 1345 4566 6594 1322 4567 6595 1341 4568 6596 1345 4569 6597 1341 4570 6598 1361 4571 6599 1361 4572 6600 1341 4573 6601 1357 4574 6602 1361 4575 6603 1357 4576 6604 1375 4577 6605 1284 4578 6606 1268 4579 6607 1264 4580 6608 1139 4581 6609 1161 4582 6610 1177 4583 6611 1155 4584 6612 1161 4585 6613 1135 4586 6614 1135 4587 6615 1161 4588 6616 1139 4589 6617 1135 4590 6618 1139 4591 6619 1118 4592 6620 1118 4593 6621 1139 4594 6622 1122 4595 6623 1118 4596 6624 1122 4597 6625 1054 4598 6626 1054 4599 6627 1122 4600 6628 1102 4601 6629 1054 4602 6630 1102 4603 6631 1092 4604 6632 1064 4605 6633 1089 4606 6634 1068 4607 6635 1162 4608 6636 1123 4609 6637 1167 4610 6638 1162 4611 6639 1156 4612 6640 1136 4613 6641 1123 4614 6642 1162 4615 6643 1136 4616 6644 1123 4617 6645 1136 4618 6646 1119 4619 6647 1123 4620 6648 1119 4621 6649 1064 4622 6650 1064 4623 6651 1119 4624 6652 1100 4625 6653 1064 4626 6654 1100 4627 6655 1089 4628 6656 1089 4629 6657 1100 4630 6658 1086 4631 6659 1055 4632 6660 1093 4633 6661 1073 4634 6662 1073 4635 6663 1093 4636 6664 1090 4637 6665 1073 4638 6666 1061 4639 6667 1059 4640 6668 1061 4641 6669 1073 4642 6670 1090 4643 6671 1091 4644 6672 1059 4645 6673 1061 4646 6674 1059 4647 6675 1091 4648 6676 1087 4649 6677 1055 4650 6678 1057 4651 6679 1101 4652 6680 1057 4653 6681 1087 4654 6682 1101 4655 6683 1055 4656 6684 1073 4657 6685 1067 4658 6686 1055 4659 6687 1067 4660 6688 1057 4661 6689 1065 4662 6690 1063 4663 6691 1103 4664 6692 1103 4665 6693 1063 4666 6694 1093 4667 6695 1065 4668 6696 1069 4669 6697 1063 4670 6698 1363 4671 6699 1390 4672 6700 1378 4673 6701 1390 4674 6702 1363 4675 6703 1376 4676 6704 1360 4677 6705 1378 4678 6706 1390 4679 6707 1378 4680 6708 1360 4681 6709 1364 4682 6710 1347 4683 6711 1392 4684 6712 1348 4685 6713 1392 4686 6714 1364 4687 6715 1348 4688 6716 1347 4689 6717 1363 4690 6718 1380 4691 6719 1347 4692 6720 1380 4693 6721 1392 4694 6722 1343 4695 6723 1388 4696 6724 1359 4697 6725 1344 4698 6726 1374 4699 6727 1388 4700 6728 1138 4701 6729 1174 4702 6730 1206 4703 6731 1158 4704 6732 1176 4705 6733 1208 4706 6734 1176 4707 6735 1158 4708 6736 1164 4709 6737 1245 4710 6738 1269 4711 6739 1208 4712 6740 1245 4713 6741 1208 4714 6742 1176 4715 6743 1269 4716 6744 1245 4717 6745 1267 4718 6746 1206 4719 6747 1267 4720 6748 1287 4721 6749 1235 4722 6750 1211 4723 6751 1141 4724 6752 1211 4725 6753 1164 4726 6754 1141 4727 6755 1235 4728 6756 1273 4729 6757 1211 4730 6758 1225 4731 6759 1270 4732 6760 1223 4733 6761 1270 4734 6762 1225 4735 6763 1266 4736 6764 1234 4737 6765 1226 4738 6766 1270 4739 6767 1140 4740 6768 1178 4741 6769 1234 4742 6770 1234 4743 6771 1178 4744 6772 1226 4745 6773 1157 4746 6774 1194 4747 6775 1163 4748 6776 1163 4749 6777 1194 4750 6778 1225 4751 6779 1163 4752 6780 1225 4753 6781 1223 4754 6782 1286 4755 6783 1266 4756 6784 1205 4757 6785 1205 4758 6786 1157 4759 6787 1137 4760 6788 1235 4761 6789 1245 4762 6790 1273 4763 6791 1364 4764 6792 1360 4765 6793 1344 4766 6794 1348 4767 6795 1364 4768 6796 1344 4769 6797 1348 4770 6798 1344 4771 6799 1329 4772 6800 1329 4773 6801 1344 4774 6802 1325 4775 6803 1329 4776 6804 1325 4777 6805 1235 4778 6806 1235 4779 6807 1325 4780 6808 1287 4781 6809 1235 4782 6810 1287 4783 6811 1245 4784 6812 1245 4785 6813 1287 4786 6814 1267 4787 6815 1344 4788 6816 1360 4789 6817 1374 4790 6818 1270 4791 6819 1266 4792 6820 1286 4793 6821 1234 4794 6822 1270 4795 6823 1286 4796 6824 1234 4797 6825 1286 4798 6826 1328 4799 6827 1328 4800 6828 1286 4801 6829 1324 4802 6830 1328 4803 6831 1324 4804 6832 1347 4805 6833 1347 4806 6834 1324 4807 6835 1343 4808 6836 1347 4809 6837 1343 4810 6838 1363 4811 6839 1363 4812 6840 1343 4813 6841 1359 4814 6842 1363 4815 6843 1359 4816 6844 1376 4817 6845 1140 4818 6846 1163 4819 6847 1178 4820 6848 1157 4821 6849 1163 4822 6850 1137 4823 6851 1137 4824 6852 1163 4825 6853 1140 4826 6854 1137 4827 6855 1140 4828 6856 1120 4829 6857 1120 4830 6858 1140 4831 6859 1124 4832 6860 1120 4833 6861 1124 4834 6862 1055 4835 6863 1055 4836 6864 1124 4837 6865 1103 4838 6866 1055 4839 6867 1103 4840 6868 1093 4841 6869 1065 4842 6870 1091 4843 6871 1069 4844 6872 1164 4845 6873 1158 4846 6874 1138 4847 6875 1141 4848 6876 1164 4849 6877 1138 4850 6878 1141 4851 6879 1138 4852 6880 1125 4853 6881 1125 4854 6882 1138 4855 6883 1121 4856 6884 1125 4857 6885 1121 4858 6886 1065 4859 6887 1065 4860 6888 1121 4861 6889 1101 4862 6890 1065 4863 6891 1101 4864 6892 1091 4865 6893 1091 4866 6894 1101 4867 6895 1087 4868 6896 1138 4869 6897 1158 4870 6898 1174 4871 6899 1409 4872 6900 1394 4872 6901 1330 4872 6902 1409 4873 6903 1330 4873 6904 1419 4873 6905 1419 4874 6906 1330 4874 6907 1305 4874 6908 1009 2106 6909 1010 2106 6910 1041 2106 6911 1041 2106 6912 1010 2106 6913 1104 2106 6914 1041 4875 6915 1104 4875 6916 1290 4875 6917 1250 4876 6918 1251 4876 6919 1290 4876 6920 1250 4877 6921 1290 4877 6922 1126 4877 6923 1126 4878 6924 1290 4878 6925 1104 4878 6926 1126 2106 6927 1104 2106 6928 1105 2106 6929 965 4879 6930 975 4879 6931 960 4879 6932 973 4880 6933 958 4880 6934 1012 4880 6935 1398 4881 6936 1213 4881 6937 990 4881 6938 990 4882 6939 1213 4882 6940 1147 4882 6941 958 4883 6942 973 4883 6943 969 4883 6944 958 4884 6945 969 4884 6946 965 4884 6947 958 4885 6948 965 4885 6949 960 4885 6950 985 4886 6951 981 4886 6952 1012 4886 6953 1012 4887 6954 981 4887 6955 973 4887 6956 1275 4888 6957 1213 4888 6958 1398 4888 6959 960 4889 6960 975 4889 6961 978 4889 6962 960 4890 6963 978 4890 6964 1421 4890 6965 1421 4891 6966 1309 4891 6967 1333 4891 6968 1331 4892 6969 1411 4892 6970 1421 4892 6971 1331 4893 6972 1421 4893 6973 1333 4893 6974 1147 4894 6975 1180 4894 6976 1191 4894 6977 1421 4895 6978 978 4895 6979 987 4895 6980 1304 4896 6981 1275 4896 6982 1398 4896 6983 1304 4897 6984 1398 4897 6985 1411 4897 6986 1304 4898 6987 1411 4898 6988 1331 4898 6989 1215 4899 6990 1275 4899 6991 1304 4899 6992 1304 4900 6993 1219 4900 6994 1261 4900 6995 1304 4901 6996 1261 4901 6997 1215 4901 6998 987 4902 6999 985 4902 7000 1012 4902 7001 1292 4903 7002 1301 4903 7003 1012 4903 7004 1012 4904 7005 1301 4904 7006 987 4904 7007 987 4905 7008 1301 4905 7009 1309 4905 7010 987 4906 7011 1309 4906 7012 1421 4906 7013 1182 4907 7014 1292 4907 7015 1012 4907 7016 1219 4908 7017 1304 4908 7018 1296 4908 7019 1261 4909 7020 1191 4909 7021 1215 4909 7022 1215 4910 7023 1191 4910 7024 1180 4910 7025 1147 4911 7026 1191 4911 7027 990 4911 7028 1153 4912 7029 1182 4912 7030 1012 4912 7031 1182 4913 7032 1219 4913 7033 1292 4913 7034 1292 4914 7035 1219 4914 7036 1296 4914 7037 1191 4915 7038 1153 4915 7039 990 4915 7040 990 4916 7041 1153 4916 7042 1012 4916 7043 1179 4917 7044 1040 4917 7045 1142 4917 7046 1394 4918 7047 1276 4918 7048 1218 4918 7049 1188 4919 7050 1148 4919 7051 1181 4919 7052 1040 4920 7053 1179 4920 7054 1212 4920 7055 1040 4921 7056 1212 4921 7057 1393 4921 7058 1290 4922 7059 1218 4922 7060 1041 4922 7061 1041 4923 7062 1218 4923 7063 1148 4923 7064 1148 4924 7065 1188 4924 7066 1041 4924 7067 1188 4925 7068 1181 4925 7069 1216 4925 7070 1188 4926 7071 1216 4926 7072 1258 4926 7073 1188 4927 7074 1142 4927 7075 1041 4927 7076 1041 4928 7077 1142 4928 7078 1040 4928 7079 1393 4929 7080 1212 4929 7081 1258 4929 7082 1330 4930 7083 1394 4930 7084 1218 4930 7085 1330 4931 7086 1218 4931 7087 1290 4931 7088 1276 4932 7089 1394 4932 7090 1393 4932 7091 1258 4933 7092 1216 4933 7093 1393 4933 7094 1393 4934 7095 1216 4934 7096 1276 4934 7097 1076 4935 7098 1071 4936 7099 994 4937 7100 1076 4938 7101 994 4939 7102 1047 4940 7103 992 4941 7104 1047 4942 7105 994 4943 7106 1047 4944 7107 992 4945 7108 1077 4946 7109 1077 4947 7110 992 4948 7111 997 4949 7112 1077 4950 7113 997 4951 7114 1049 4952 7115 998 4953 7116 1049 4954 7117 997 4955 7118 998 4956 7119 1071 4957 7120 1049 4958 7121 994 4959 7122 1071 4960 7123 998 4961 7124 1080 4962 7125 1084 4963 7126 1002 4964 7127 1080 4965 7128 1002 4966 7129 1051 4967 7130 1001 4968 7131 1051 4969 7132 1002 4970 7133 1051 4971 7134 1001 4972 7135 1081 4973 7136 1081 4974 7137 1001 4975 7138 1005 4976 7139 1081 4977 7140 1005 4978 7141 1085 4979 7142 1085 4980 7143 1005 4981 7144 1053 4982 7145 1007 4983 7146 1053 4984 7147 1005 4985 7148 1007 4986 7149 1084 4987 7150 1053 4988 7151 1002 4989 7152 1084 4990 7153 1007 4991 7154 1078 4992 7155 1082 4993 7156 1004 4994 7157 1078 4995 7158 1004 4996 7159 1000 4997 7160 1078 4998 7161 1000 4999 7162 1050 5000 7163 1050 5001 7164 1000 5002 7165 1003 5003 7166 1050 5004 7167 1003 5005 7168 1079 5006 7169 1079 5007 7170 1003 5008 7171 1083 5009 7172 1083 5010 7173 1003 5011 7174 1008 5012 7175 1083 5013 7176 1008 5014 7177 1052 5015 7178 1006 5016 7179 1052 5017 7180 1008 5018 7181 1006 5019 7182 1082 5020 7183 1052 5021 7184 1004 5022 7185 1082 5023 7186 1006 5024 7187 1074 5025 7188 1070 5026 7189 995 5027 7190 1074 5028 7191 995 5029 7192 993 5030 7193 1074 5031 7194 993 5032 7195 1046 5033 7196 991 5034 7197 1046 5035 7198 993 5036 7199 1046 5037 7200 991 5038 7201 1075 5039 7202 1075 5040 7203 991 5041 7204 996 5042 7205 1075 5043 7206 996 5044 7207 1048 5045 7208 1048 5046 7209 996 5047 7210 999 5048 7211 995 5049 7212 1070 5050 7213 999 5051 7214 999 5052 7215 1070 5053 7216 1048 5054 7217 1422 116 7218 961 116 7219 959 116 7220 1422 116 7221 959 116 7222 1420 116 7223 982 5055 7224 971 5055 7225 1014 5055 7226 1305 5056 7227 1308 5056 7228 1419 5056 7229 1011 7 7230 977 7 7231 1013 7 7232 1252 7 7233 1298 7 7234 1251 7 7235 1251 7 7236 1298 7 7237 1294 7 7238 1251 7 7239 1294 7 7240 1305 7 7241 1305 5057 7242 1294 5057 7243 1308 5057 7244 1017 5058 7245 984 5058 7246 972 5058 7247 1017 7 7248 972 7 7249 963 7 7250 957 5059 7251 967 5059 7252 977 5059 7253 957 7 7254 977 7 7255 1011 7 7256 1419 5060 7257 1310 5060 7258 1425 5060 7259 1013 7 7260 1014 7 7261 1106 7 7262 1106 5061 7263 1014 5061 7264 1107 5061 7265 1013 5062 7266 977 5062 7267 982 5062 7268 1106 7 7269 1107 7 7270 1252 7 7271 1252 5063 7272 1107 5063 7273 1253 5063 7274 963 5064 7275 971 5064 7276 957 5064 7277 957 5065 7278 971 5065 7279 967 5065 7280 1425 5066 7281 1310 5066 7282 1314 5066 7283 1425 7 7284 1314 7 7285 1307 7 7286 968 7 7287 979 7 7288 971 7 7289 971 5067 7290 979 5067 7291 1014 5067 7292 1014 7 7293 979 7 7294 1017 7 7295 1017 5068 7296 979 5068 7297 984 5068 7298 1013 7 7299 982 7 7300 1014 7 7301 963 5069 7302 972 5069 7303 968 5069 7304 1308 7 7305 1312 7 7306 1419 7 7307 1312 7 7308 1310 7 7309 1419 7 7310 1255 7 7311 1299 7 7312 1295 7 7313 1255 7 7314 1295 7 7315 1253 7 7316 1253 7 7317 1295 7 7318 1298 7 7319 1253 7 7320 1298 7 7321 1252 7 7322 1307 5070 7323 1314 5070 7324 1299 5070 7325 1307 7 7326 1299 7 7327 1255 7 7328 971 5071 7329 963 5071 7330 968 5071 7331 1298 5072 7332 1295 5072 7333 1310 5072 7334 1298 7 7335 1310 7 7336 1312 7 7337 962 2051 7338 961 2051 7339 1423 2051 7340 1423 2051 7341 961 2051 7342 1422 2051 7343 974 5073 7344 970 5073 7345 962 5073 7346 1423 5074 7347 986 5074 7348 983 5074 7349 964 5075 7350 966 5075 7351 976 5075 7352 1423 5076 7353 983 5076 7354 974 5076 7355 1423 5077 7356 974 5077 7357 962 5077 7358 964 5078 7359 976 5078 7360 980 5078 7361 964 5079 7362 980 5079 7363 1018 5079 7364 1018 5080 7365 980 5080 7366 988 5080 7367 1221 5081 7368 1271 5081 7369 1195 5081 7370 962 5082 7371 970 5082 7372 966 5082 7373 962 5083 7374 966 5083 7375 964 5083 7376 988 5084 7377 1300 5084 7378 1018 5084 7379 1423 5085 7380 1332 5085 7381 1313 5085 7382 1423 5086 7383 1313 5086 7384 1300 5086 7385 1423 5087 7386 1300 5087 7387 986 5087 7388 986 5088 7389 1300 5088 7390 988 5088 7391 1220 5089 7392 1159 5089 7393 1297 5089 7394 1297 5090 7395 1159 5090 7396 1018 5090 7397 1297 5091 7398 1018 5091 7399 1300 5091 7400 1159 5092 7401 1195 5092 7402 1018 5092 7403 1195 5093 7404 1165 5093 7405 1018 5093 7406 1018 5094 7407 1165 5094 7408 1039 5094 7409 1159 5095 7410 1184 5095 7411 1195 5095 7412 1220 5096 7413 1297 5096 7414 1293 5096 7415 1165 5097 7416 1186 5097 7417 1039 5097 7418 1224 5098 7419 1271 5098 7420 1444 5098 7421 1423 5099 7422 1278 5099 7423 1311 5099 7424 1311 5100 7425 1278 5100 7426 1220 5100 7427 1423 5101 7428 1311 5101 7429 1334 5101 7430 1423 5102 7431 1334 5102 7432 1332 5102 7433 1271 5103 7434 1221 5103 7435 1444 5103 7436 1444 5104 7437 1221 5104 7438 1423 5104 7439 1423 5105 7440 1221 5105 7441 1278 5105 7442 1186 5106 7443 1224 5106 7444 1039 5106 7445 1039 5107 7446 1224 5107 7447 1444 5107 7448 1184 5108 7449 1221 5108 7450 1195 5108 7451 1220 5109 7452 1293 5109 7453 1302 5109 7454 1220 5110 7455 1302 5110 7456 1311 5110 7457 960 2106 7458 1421 2106 7459 959 2106 7460 959 2106 7461 1421 2106 7462 1420 2106 7463 977 5111 7464 973 5112 7465 981 5113 7466 977 5114 7467 981 5115 7468 985 5116 7469 977 5117 7470 985 5118 7471 982 5119 7472 982 5120 7473 985 5121 7474 987 5122 7475 982 5123 7476 987 5124 7477 978 5125 7478 982 5126 7479 978 5127 7480 971 5128 7481 971 5129 7482 978 5130 7483 975 5131 7484 971 5132 7485 975 5133 7486 965 5134 7487 971 5135 7488 965 5136 7489 967 5137 7490 967 5138 7491 965 5139 7492 969 5140 7493 967 5141 7494 969 5142 7495 973 5143 7496 967 5144 7497 973 5145 7498 977 5146 7499 1308 5147 7500 1304 5148 7501 1331 5149 7502 1308 5150 7503 1331 5151 7504 1312 5152 7505 1312 5153 7506 1331 5154 7507 1333 5155 7508 1312 5156 7509 1333 5157 7510 1309 5158 7511 1312 5159 7512 1309 5160 7513 1298 5161 7514 1298 5162 7515 1309 5163 7516 1301 5164 7517 1298 5165 7518 1301 5166 7519 1292 5167 7520 1298 5168 7521 1292 5169 7522 1294 5170 7523 1294 5171 7524 1292 5172 7525 1296 5173 7526 1294 5174 7527 1296 5175 7528 1304 5176 7529 1294 5177 7530 1304 5178 7531 1308 5179 7532 1310 5180 7533 1300 5181 7534 1313 5182 7535 1310 5183 7536 1313 5184 7537 1332 5185 7538 1310 5186 7539 1332 5187 7540 1314 5188 7541 1314 5189 7542 1332 5190 7543 1334 5191 7544 1314 5192 7545 1334 5193 7546 1311 5194 7547 1314 5195 7548 1311 5196 7549 1299 5197 7550 1299 5198 7551 1311 5199 7552 1302 5200 7553 1299 5201 7554 1302 5202 7555 1293 5203 7556 1299 5204 7557 1293 5205 7558 1295 5206 7559 1295 5207 7560 1293 5208 7561 1297 5209 7562 1295 5210 7563 1297 5211 7564 1300 5212 7565 1295 5213 7566 1300 5214 7567 1310 5215 7568 979 5216 7569 974 5217 7570 983 5218 7571 979 5219 7572 983 5220 7573 986 5221 7574 979 5222 7575 986 5223 7576 984 5224 7577 984 5225 7578 986 5226 7579 988 5227 7580 984 5228 7581 988 5229 7582 980 5230 7583 984 5231 7584 980 5232 7585 972 5233 7586 972 5234 7587 980 5235 7588 976 5236 7589 972 5237 7590 976 5238 7591 966 5239 7592 972 5240 7593 966 5241 7594 968 5242 7595 968 5243 7596 966 5244 7597 970 5245 7598 968 5246 7599 970 5247 7600 974 5248 7601 968 5249 7602 974 5250 7603 979 5251 7604 1441 5252 7605 1443 5252 7606 1444 5252 7607 1407 5253 7608 1399 5253 7609 1411 5253 7610 1429 5254 7611 1433 5254 7612 1423 5254 7613 1435 5255 7614 1433 5255 7615 1431 5255 7616 1431 5256 7617 1425 5256 7618 1435 5256 7619 1425 5257 7620 1431 5257 7621 1427 5257 7622 1425 5258 7623 1427 5258 7624 1422 5258 7625 1425 5259 7626 1422 5259 7627 1419 5259 7628 1422 5260 7629 1427 5260 7630 1423 5260 7631 1423 5261 7632 1427 5261 7633 1429 5261 7634 1420 5262 7635 1418 5262 7636 1422 5262 7637 1418 5263 7638 1420 5263 7639 1414 5263 7640 1416 5264 7641 1412 5264 7642 1399 5264 7643 1412 5265 7644 1411 5265 7645 1399 5265 7646 1412 5266 7647 1414 5266 7648 1411 5266 7649 1420 5267 7650 1421 5267 7651 1414 5267 7652 1414 5268 7653 1421 5268 7654 1411 5268 7655 1422 5269 7656 1418 5269 7657 1419 5269 7658 1419 5270 7659 1418 5270 7660 1416 5270 7661 1419 5271 7662 1416 5271 7663 1399 5271 7664 1419 5272 7665 1417 5272 7666 1409 5272 7667 1417 5273 7668 1415 5273 7669 1409 5273 7670 1410 5274 7671 1413 5274 7672 1399 5274 7673 1399 5275 7674 1413 5275 7675 1419 5275 7676 1419 5276 7677 1413 5276 7678 1417 5276 7679 1409 5277 7680 1415 5277 7681 1410 5277 7682 1432 5278 7683 1434 5278 7684 1435 5278 7685 1432 5279 7686 1430 5279 7687 1434 5279 7688 1434 5280 7689 1430 5280 7690 1424 5280 7691 1424 5281 7692 1430 5281 7693 1426 5281 7694 1424 5282 7695 1426 5282 7696 1425 5282 7697 1425 5283 7698 1426 5283 7699 1428 5283 7700 1425 5284 7701 1428 5284 7702 1435 5284 7703 1428 5285 7704 1432 5285 7705 1435 5285 7706 1398 5286 7707 1397 5286 7708 1399 5286 7709 1398 5287 7710 1399 5287 7711 1401 5287 7712 1401 5288 7713 1402 5288 7714 1398 5288 7715 1399 5289 7716 1405 5289 7717 1401 5289 7718 1399 5290 7719 1407 5290 7720 1405 5290 7721 1398 5291 7722 1402 5291 7723 1411 5291 7724 1411 5292 7725 1402 5292 7726 1407 5292 7727 1410 5293 7728 1399 5293 7729 1406 5293 7730 1400 5294 7731 1404 5294 7732 1399 5294 7733 1410 5295 7734 1406 5295 7735 1408 5295 7736 1408 5296 7737 1403 5296 7738 1410 5296 7739 1410 5297 7740 1403 5297 7741 1397 5297 7742 1397 5298 7743 1403 5298 7744 1400 5298 7745 1397 5299 7746 1400 5299 7747 1399 5299 7748 1399 5300 7749 1404 5300 7750 1406 5300 7751 1409 5301 7752 1410 5301 7753 1397 5301 7754 1433 5302 7755 1435 5302 7756 1423 5302 7757 1435 5303 7758 1437 5303 7759 1423 5303 7760 1443 5304 7761 1441 5304 7762 1439 5304 7763 1443 5305 7764 1439 5305 7765 1435 5305 7766 1423 5306 7767 1437 5306 7768 1444 5306 7769 1444 5307 7770 1437 5307 7771 1441 5307 7772 1443 5308 7773 1440 5308 7774 1442 5308 7775 1440 5309 7776 1438 5309 7777 1442 5309 7778 1435 5310 7779 1434 5310 7780 1436 5310 7781 1435 5311 7782 1436 5311 7783 1443 5311 7784 1443 5312 7785 1436 5312 7786 1440 5312 7787 1424 5313 7788 1442 5313 7789 1434 5313 7790 1434 5314 7791 1442 5314 7792 1438 5314 7793 1070 5315 7794 1050 5316 7795 1048 5317 7796 1050 5318 7797 1070 5319 7798 1078 5320 7799 1079 5321 7800 1048 5322 7801 1050 5323 7802 1048 5324 7803 1079 5325 7804 1075 5326 7805 1044 5327 7806 1046 5328 7807 1094 5329 7808 1046 5330 7809 1075 5331 7810 1094 5332 7811 1044 5333 7812 1070 5334 7813 1074 5335 7814 1044 5336 7815 1074 5337 7816 1046 5338 7817 1096 5339 7818 1052 5340 7819 1082 5341 7820 1097 5342 7821 1083 5343 7822 1052 5344 7823 1132 5345 7824 1172 5346 7825 1201 5347 7826 1149 5348 7827 1170 5349 7828 1200 5350 7829 1170 5351 7830 1149 5352 7831 1143 5353 7832 1240 5354 7833 1260 5355 7834 1200 5356 7835 1240 5357 7836 1200 5358 7837 1170 5359 7838 1260 5360 7839 1240 5361 7840 1262 5362 7841 1201 5363 7842 1262 5364 7843 1281 5365 7844 1232 5366 7845 1349 5367 7846 1353 5368 7847 1353 5369 7848 1349 5370 7849 1367 5371 7850 1353 5372 7851 1383 5373 7852 1369 5374 7853 1383 5375 7854 1353 5376 7855 1367 5377 7856 1350 5378 7857 1369 5379 7858 1383 5380 7859 1369 5381 7860 1350 5382 7861 1354 5383 7862 1232 5384 7863 1385 5385 7864 1339 5386 7865 1385 5387 7866 1354 5388 7867 1339 5389 7868 1232 5390 7869 1353 5391 7870 1371 5392 7871 1232 5393 7872 1371 5394 7873 1385 5395 7874 1336 5396 7875 1381 5397 7876 1335 5398 7877 1335 5399 7878 1381 5400 7879 1349 5401 7880 1336 5402 7881 1365 5403 7882 1381 5404 7883 1229 5405 7884 1198 5406 7885 1128 5407 7886 1198 5408 7887 1143 5409 7888 1128 5410 7889 1229 5411 7890 1256 5412 7891 1198 5413 7892 1144 5414 7893 1150 5415 7894 1190 5416 7895 1144 5417 7896 1190 5418 7897 1214 5419 7898 1282 5420 7899 1237 5421 7900 1166 5422 7901 1274 5423 7902 1214 5424 7903 1242 5425 7904 1242 5426 7905 1214 5427 7906 1190 5428 7907 1227 5429 7908 1230 5430 7909 1168 5431 7910 1168 5432 7911 1230 5433 7912 1129 5434 7913 1230 5435 7914 1227 5436 7915 1274 5437 7916 1229 5438 7917 1240 5439 7918 1256 5440 7919 1262 5441 7920 1240 5442 7921 1281 5443 7922 1281 5444 7923 1240 5445 7924 1229 5446 7925 1281 5447 7926 1229 5448 7927 1319 5449 7928 1319 5450 7929 1229 5451 7930 1315 5452 7931 1319 5453 7932 1315 5454 7933 1232 5455 7934 1232 5456 7935 1315 5457 7936 1335 5458 7937 1232 5459 7938 1335 5460 7939 1349 5461 7940 1336 5462 7941 1350 5463 7942 1365 5464 7943 1274 5465 7944 1242 5466 7945 1282 5467 7946 1230 5468 7947 1274 5469 7948 1282 5470 7949 1230 5471 7950 1282 5472 7951 1316 5473 7952 1316 5474 7953 1282 5475 7954 1320 5476 7955 1316 5477 7956 1320 5478 7957 1336 5479 7958 1336 5480 7959 1320 5481 7960 1339 5482 7961 1336 5483 7962 1339 5484 7963 1350 5485 7964 1350 5486 7965 1339 5487 7966 1354 5488 7967 1282 5489 7968 1242 5490 7969 1237 5491 7970 1166 5492 7971 1150 5493 7972 1115 5494 7973 1129 5495 7974 1144 5496 7975 1168 5497 7976 1075 5498 7977 1079 5499 7978 1097 5500 7979 1094 5501 7980 1075 5502 7981 1097 5503 7982 1094 5504 7983 1097 5505 7984 1111 5506 7985 1111 5507 7986 1097 5508 7987 1115 5509 7988 1111 5510 7989 1115 5511 7990 1129 5512 7991 1129 5513 7992 1115 5514 7993 1144 5515 7994 1144 5516 7995 1115 5517 7996 1150 5518 7997 1097 5519 7998 1079 5520 7999 1083 5521 8000 1143 5522 8001 1149 5523 8002 1132 5524 8003 1128 5525 8004 1143 5526 8005 1132 5527 8006 1128 5528 8007 1132 5529 8008 1110 5530 8009 1110 5531 8010 1132 5532 8011 1114 5533 8012 1110 5534 8013 1114 5535 8014 1044 5536 8015 1044 5537 8016 1114 5538 8017 1096 5539 8018 1044 5540 8019 1096 5541 8020 1070 5542 8021 1070 5543 8022 1096 5544 8023 1082 5545 8024 1070 5546 8025 1082 5547 8026 1078 5548 8027 1132 5549 8028 1149 5550 8029 1172 5551 8030 1201 5552 8031 1281 5552 8032 1232 5552 8033 1114 5553 8034 1132 5553 8035 1232 5553 8036 1232 5554 8037 1132 5554 8038 1201 5554 8039 1232 5555 8040 1096 5555 8041 1114 5555 8042 1232 5556 8043 1097 5556 8044 1052 5556 8045 1232 5557 8046 1052 5557 8047 1096 5557 8048 1232 5558 8049 1115 5558 8050 1097 5558 8051 1282 5559 8052 1166 5559 8053 1232 5559 8054 1232 5560 8055 1166 5560 8056 1115 5560 8057 1232 5561 8058 1320 5561 8059 1282 5561 8060 1232 5562 8061 1339 5562 8062 1320 5562 8063 1232 5563 8064 1281 5563 8065 1319 5563 8066 1071 5564 8067 1051 5565 8068 1049 5566 8069 1051 5567 8070 1071 5568 8071 1080 5569 8072 1081 5570 8073 1049 5571 8074 1051 5572 8075 1049 5573 8076 1081 5574 8077 1077 5575 8078 1045 5576 8079 1047 5577 8080 1095 5578 8081 1047 5579 8082 1077 5580 8083 1095 5581 8084 1045 5582 8085 1071 5583 8086 1076 5584 8087 1045 5585 8088 1076 5586 8089 1047 5587 8090 1098 5588 8091 1053 5589 8092 1084 5590 8093 1099 5591 8094 1085 5592 8095 1053 5593 8096 1338 5594 8097 1382 5595 8098 1337 5596 8099 1337 5597 8100 1382 5598 8101 1351 5599 8102 1338 5600 8103 1366 5601 8104 1382 5602 8105 1352 5603 8106 1370 5604 8107 1384 5605 8108 1370 5606 8109 1352 5607 8110 1356 5608 8111 1233 5609 8112 1351 5610 8113 1355 5611 8114 1355 5612 8115 1351 5613 8116 1368 5614 8117 1355 5615 8118 1384 5616 8119 1370 5617 8120 1384 5618 8121 1355 5619 8122 1368 5620 8123 1233 5621 8124 1386 5622 8125 1340 5623 8126 1386 5624 8127 1356 5625 8128 1340 5626 8129 1233 5627 8130 1355 5628 8131 1372 5629 8132 1233 5630 8133 1372 5631 8134 1386 5632 8135 1151 5633 8136 1145 5634 8137 1189 5635 8138 1151 5636 8139 1189 5637 8140 1217 5638 8141 1130 5639 8142 1187 5640 8143 1145 5641 8144 1279 5642 8145 1236 5643 8146 1130 5644 8147 1130 5645 8148 1236 5646 8149 1187 5647 8150 1277 5648 8151 1217 5649 8152 1241 5650 8153 1241 5651 8154 1217 5652 8155 1189 5653 8156 1173 5654 8157 1228 5655 8158 1133 5656 8159 1146 5657 8160 1171 5658 8161 1199 5659 8162 1171 5660 8163 1146 5661 8164 1152 5662 8165 1202 5663 8166 1152 5664 8167 1134 5665 8168 1283 5666 8169 1263 5667 8170 1202 5668 8171 1243 5669 8172 1259 5670 8173 1199 5671 8174 1243 5672 8175 1199 5673 8176 1171 5674 8177 1259 5675 8178 1243 5676 8179 1257 5677 8180 1169 5678 8181 1231 5679 8182 1131 5680 8183 1131 5681 8184 1231 5682 8185 1280 5683 8186 1231 5684 8187 1257 5685 8188 1280 5686 8189 1228 5687 8190 1277 5688 8191 1303 5689 8192 1279 5690 8193 1241 5691 8194 1236 5692 8195 1277 5693 8196 1241 5694 8197 1303 5695 8198 1303 5696 8199 1241 5697 8200 1279 5698 8201 1303 5699 8202 1279 5700 8203 1317 5701 8204 1303 5702 8205 1317 5703 8206 1233 5704 8207 1233 5705 8208 1317 5706 8209 1337 5707 8210 1233 5708 8211 1337 5709 8212 1351 5710 8213 1338 5711 8214 1352 5712 8215 1366 5713 8216 1257 5714 8217 1243 5715 8218 1283 5716 8219 1280 5717 8220 1257 5718 8221 1283 5719 8222 1280 5720 8223 1283 5721 8224 1318 5722 8225 1318 5723 8226 1283 5724 8227 1321 5725 8228 1318 5726 8229 1321 5727 8230 1338 5728 8231 1338 5729 8232 1321 5730 8233 1340 5731 8234 1338 5732 8235 1340 5733 8236 1352 5734 8237 1352 5735 8238 1340 5736 8239 1356 5737 8240 1283 5738 8241 1243 5739 8242 1263 5740 8243 1131 5741 8244 1146 5742 8245 1169 5743 8246 1077 5744 8247 1081 5745 8248 1099 5746 8249 1095 5747 8250 1077 5748 8251 1099 5749 8252 1095 5750 8253 1099 5751 8254 1113 5752 8255 1113 5753 8256 1099 5754 8257 1117 5755 8258 1113 5756 8259 1117 5757 8260 1131 5758 8261 1131 5759 8262 1117 5760 8263 1134 5761 8264 1131 5762 8265 1134 5763 8266 1146 5764 8267 1146 5765 8268 1134 5766 8269 1152 5767 8270 1099 5768 8271 1081 5769 8272 1085 5770 8273 1145 5771 8274 1151 5772 8275 1133 5773 8276 1130 5774 8277 1145 5775 8278 1133 5776 8279 1130 5777 8280 1133 5778 8281 1112 5779 8282 1112 5780 8283 1133 5781 8284 1116 5782 8285 1112 5783 8286 1116 5784 8287 1045 5785 8288 1045 5786 8289 1116 5787 8290 1098 5788 8291 1045 5789 8292 1098 5790 8293 1071 5791 8294 1071 5792 8295 1098 5793 8296 1084 5794 8297 1071 5795 8298 1084 5796 8299 1080 5797 8300 1133 5798 8301 1151 5799 8302 1173 5800 8303 1116 5801 8304 1133 5801 8305 1233 5801 8306 1233 5802 8307 1133 5802 8308 1228 5802 8309 1233 5803 8310 1098 5803 8311 1116 5803 8312 1233 5804 8313 1099 5804 8314 1053 5804 8315 1233 5805 8316 1053 5805 8317 1098 5805 8318 1134 5806 8319 1117 5806 8320 1233 5806 8321 1233 5807 8322 1117 5807 8323 1099 5807 8324 1283 5808 8325 1202 5808 8326 1233 5808 8327 1233 5809 8328 1202 5809 8329 1134 5809 8330 1233 5810 8331 1321 5810 8332 1283 5810 8333 1233 5811 8334 1340 5811 8335 1321 5811 8336 1228 5812 8337 1303 5812 8338 1233 5812 8339 1231 5813 8340 1213 5814 8341 1257 5815 8342 1257 5816 8343 1213 5817 8344 1275 5818 8345 1257 5819 8346 1275 5820 8347 1259 5821 8348 1259 5822 8349 1275 5823 8350 1215 5824 8351 1259 5825 8352 1215 5826 8353 1199 5827 8354 1199 5828 8355 1215 5829 8356 1180 5830 8357 1199 5831 8358 1180 5832 8359 1146 5833 8360 1146 5834 8361 1180 5835 8362 1147 5836 8363 1146 5837 8364 1147 5838 8365 1169 5839 8366 1213 5840 8367 1169 5841 8368 1147 5842 8369 1213 5843 8370 1231 5844 8371 1169 5845 8372 1274 5846 8373 1241 5847 8374 1214 5848 8375 1241 5849 8376 1274 5850 8377 1236 5851 8378 1236 5852 8379 1274 5853 8380 1227 5854 8381 1236 5855 8382 1227 5856 8383 1187 5857 8384 1187 5858 8385 1227 5859 8386 1168 5860 8387 1187 5861 8388 1168 5862 8389 1145 5863 8390 1145 5864 8391 1168 5865 8392 1144 5866 8393 1145 5867 8394 1144 5868 8395 1189 5869 8396 1214 5870 8397 1241 5871 8398 1189 5872 8399 1214 5873 8400 1189 5874 8401 1144 5875 8402 1243 5876 8403 1191 5877 8404 1261 5878 8405 1243 5879 8406 1261 5880 8407 1263 5881 8408 1263 5882 8409 1261 5883 8410 1219 5884 8411 1263 5885 8412 1219 5886 8413 1202 5887 8414 1202 5888 8415 1219 5889 8416 1182 5890 8417 1202 5891 8418 1182 5892 8419 1152 5893 8420 1152 5894 8421 1182 5895 8422 1153 5896 8423 1152 5897 8424 1153 5898 8425 1171 5899 8426 1171 5900 8427 1153 5901 8428 1191 5902 8429 1243 5903 8430 1171 5904 8431 1191 5905 8432 1237 5906 8433 1277 5907 8434 1228 5908 8435 1277 5909 8436 1237 5910 8437 1242 5911 8438 1277 5912 8439 1242 5913 8440 1217 5914 8441 1217 5915 8442 1242 5916 8443 1190 5917 8444 1217 5918 8445 1190 5919 8446 1151 5920 8447 1151 5921 8448 1190 5922 8449 1150 5923 8450 1151 5924 8451 1150 5925 8452 1173 5926 8453 1173 5927 8454 1150 5928 8455 1166 5929 8456 1237 5930 8457 1228 5931 8458 1166 5932 8459 1166 5933 8460 1228 5934 8461 1173 5935 8462 1240 5936 8463 1188 5937 8464 1258 5938 8465 1240 5939 8466 1258 5940 8467 1256 5941 8468 1256 5942 8469 1258 5943 8470 1212 5944 8471 1256 5945 8472 1212 5946 8473 1198 5947 8474 1198 5948 8475 1212 5949 8476 1179 5950 8477 1198 5951 8478 1179 5952 8479 1143 5953 8480 1143 5954 8481 1179 5955 8482 1142 5956 8483 1143 5957 8484 1142 5958 8485 1170 5959 8486 1170 5960 8487 1142 5961 8488 1188 5962 8489 1240 5963 8490 1170 5964 8491 1188 5965 8492 1201 5966 8493 1218 5967 8494 1262 5968 8495 1262 5969 8496 1218 5970 8497 1276 5971 8498 1262 5972 8499 1276 5973 8500 1260 5974 8501 1260 5975 8502 1276 5976 8503 1216 5977 8504 1260 5978 8505 1216 5979 8506 1200 5980 8507 1200 5981 8508 1216 5982 8509 1181 5983 8510 1200 5984 8511 1181 5985 8512 1149 5986 8513 1149 5987 8514 1181 5988 8515 1148 5989 8516 1149 5990 8517 1148 5991 8518 1172 5992 8519 1172 5993 8520 1148 5994 8521 1201 5995 8522 1218 5996 8523 1201 5997 8524 1148 5998 8525 1368 5999 8526 1351 6000 8527 1405 6001 8528 1368 6002 8529 1405 6003 8530 1384 6004 8531 1407 6005 8532 1384 6006 8533 1405 6007 8534 1384 6008 8535 1407 6009 8536 1352 6010 8537 1352 6011 8538 1407 6012 8539 1402 6013 8540 1352 6014 8541 1402 6015 8542 1366 6016 8543 1401 6017 8544 1366 6018 8545 1402 6019 8546 1401 6020 8547 1382 6021 8548 1366 6022 8549 1401 6023 8550 1351 6024 8551 1382 6025 8552 1405 6026 8553 1351 6027 8554 1401 6028 8555 1372 6029 8556 1355 6030 8557 1416 6031 8558 1418 6032 8559 1372 6033 8560 1416 6034 8561 1372 6035 8562 1418 6036 8563 1386 6037 8564 1386 6038 8565 1418 6039 8566 1356 6040 8567 1356 6041 8568 1418 6042 8569 1414 6043 8570 1356 6044 8571 1414 6045 8572 1370 6046 8573 1412 6047 8574 1370 6048 8575 1414 6049 8576 1412 6050 8577 1355 6051 8578 1370 6052 8579 1416 6053 8580 1355 6054 8581 1412 6055 8582 1371 6056 8583 1353 6057 8584 1415 6058 8585 1417 6059 8586 1371 6060 8587 1415 6061 8588 1371 6062 8589 1417 6063 8590 1385 6064 8591 1385 6065 8592 1417 6066 8593 1354 6067 8594 1354 6068 8595 1417 6069 8596 1413 6070 8597 1354 6071 8598 1413 6072 8599 1369 6073 8600 1410 6074 8601 1369 6075 8602 1413 6076 8603 1410 6077 8604 1353 6078 8605 1369 6079 8606 1415 6080 8607 1353 6081 8608 1410 6082 8609 1367 6083 8610 1349 6084 8611 1403 6085 8612 1367 6086 8613 1403 6087 8614 1408 6088 8615 1367 6089 8616 1408 6090 8617 1383 6091 8618 1406 6092 8619 1383 6093 8620 1408 6094 8621 1383 6095 8622 1406 6096 8623 1350 6097 8624 1350 6098 8625 1406 6099 8626 1404 6100 8627 1350 6101 8628 1404 6102 8629 1365 6103 8630 1365 6104 8631 1404 6105 8632 1400 6106 8633 1400 6107 8634 1381 6108 8635 1365 6109 8636 1403 6110 8637 1349 6111 8638 1381 6112 8639 1403 6113 8640 1381 6114 8641 1400 6115 8642 1012 2051 8643 958 2051 8644 1011 2051 8645 1011 2051 8646 958 2051 8647 957 2051 8648 1394 6116 8649 1409 6116 8650 1393 6116 8651 1393 6117 8652 1409 6117 8653 1397 6117 8654 1040 6118 8655 989 6118 8656 1041 6118 8657 1041 6119 8658 989 6119 8659 1009 6119 8660 1290 6120 8661 1251 6121 8662 1305 6122 8663 1290 6123 8664 1305 6124 8665 1330 6125 8666 1395 6126 8667 1424 6126 8668 1306 6126 8669 1306 6127 8670 1424 6127 8671 1307 6127 8672 1307 6128 8673 1424 6128 8674 1425 6128 8675 1183 6129 8676 1291 6129 8677 1042 6129 8678 1249 6130 8679 1196 6130 8680 1396 6130 8681 1396 6131 8682 1196 6131 8683 1043 6131 8684 1043 6132 8685 1196 6132 8686 1160 6132 8687 1246 6133 8688 1396 6133 8689 1395 6133 8690 1396 6134 8691 1248 6134 8692 1249 6134 8693 1043 6135 8694 1160 6135 8695 1042 6135 8696 1042 6136 8697 1160 6136 8698 1185 6136 8699 1042 6137 8700 1154 6137 8701 1183 6137 8702 1291 6138 8703 1183 6138 8704 1246 6138 8705 1291 6139 8706 1246 6139 8707 1306 6139 8708 1306 6140 8709 1246 6140 8710 1395 6140 8711 1246 6141 8712 1247 6141 8713 1396 6141 8714 1248 6142 8715 1247 6142 8716 1192 6142 8717 1154 6143 8718 1042 6143 8719 1192 6143 8720 1192 6144 8721 1042 6144 8722 1185 6144 8723 1192 6145 8724 1185 6145 8725 1248 6145 8726 1247 6146 8727 1248 6146 8728 1396 6146 8729 1203 6147 8730 1135 6147 8731 1054 6147 8732 1322 6148 8733 1284 6148 8734 1054 6148 8735 1054 6149 8736 1284 6149 8737 1203 6149 8738 1054 6150 8739 1341 6150 8740 1322 6150 8741 1054 6151 8742 1342 6151 8743 1387 6151 8744 1054 6152 8745 1387 6152 8746 1341 6152 8747 1285 6153 8748 1323 6153 8749 1054 6153 8750 1054 6154 8751 1323 6154 8752 1342 6154 8753 1136 6155 8754 1204 6155 8755 1054 6155 8756 1054 6156 8757 1204 6156 8758 1285 6156 8759 1054 6157 8760 1119 6157 8761 1136 6157 8762 1054 6158 8763 1100 6158 8764 1119 6158 8765 1054 6159 8766 1135 6159 8767 1118 6159 8768 1205 6160 8769 1137 6160 8770 1055 6160 8771 1324 6161 8772 1286 6161 8773 1055 6161 8774 1055 6162 8775 1286 6162 8776 1205 6162 8777 1055 6163 8778 1343 6163 8779 1324 6163 8780 1055 6164 8781 1344 6164 8782 1388 6164 8783 1055 6165 8784 1388 6165 8785 1343 6165 8786 1287 6166 8787 1325 6166 8788 1055 6166 8789 1055 6167 8790 1325 6167 8791 1344 6167 8792 1138 6168 8793 1206 6168 8794 1055 6168 8795 1055 6169 8796 1206 6169 8797 1287 6169 8798 1055 6170 8799 1121 6170 8800 1138 6170 8801 1055 6171 8802 1101 6171 8803 1121 6171 8804 1055 6172 8805 1137 6172 8806 1120 6172 8807 1244 6173 8808 1270 6174 8809 1239 6175 8810 1239 6176 8811 1270 6177 8812 1226 6178 8813 1239 6179 8814 1226 6180 8815 1197 6181 8816 1197 6182 8817 1226 6183 8818 1178 6184 8819 1197 6185 8820 1178 6186 8821 1162 6187 8822 1162 6188 8823 1178 6189 8824 1163 6190 8825 1162 6191 8826 1163 6192 8827 1209 6193 8828 1209 6194 8829 1163 6195 8830 1223 6196 8831 1209 6197 8832 1223 6198 8833 1244 6199 8834 1244 6200 8835 1223 6201 8836 1270 6202 8837 1245 6203 8838 1195 6204 8839 1271 6205 8840 1245 6206 8841 1271 6207 8842 1273 6208 8843 1273 6209 8844 1271 6210 8845 1224 6211 8846 1273 6212 8847 1224 6213 8848 1211 6214 8849 1211 6215 8850 1224 6216 8851 1186 6217 8852 1211 6218 8853 1186 6219 8854 1164 6220 8855 1164 6221 8856 1186 6222 8857 1165 6223 8858 1164 6224 8859 1165 6225 8860 1176 6226 8861 1176 6227 8862 1165 6228 8863 1195 6229 8864 1245 6230 8865 1176 6231 8866 1195 6232 8867 1204 6233 8868 1266 6234 8869 1265 6235 8870 1265 6236 8871 1266 6237 8872 1225 6238 8873 1265 6239 8874 1225 6240 8875 1238 6241 8876 1238 6242 8877 1225 6243 8878 1193 6244 8879 1193 6245 8880 1225 6246 8881 1194 6247 8882 1193 6248 8883 1194 6249 8884 1157 6250 8885 1193 6251 8886 1157 6252 8887 1156 6253 8888 1156 6254 8889 1157 6255 8890 1205 6256 8891 1156 6257 8892 1205 6258 8893 1204 6259 8894 1204 6260 8895 1205 6261 8896 1266 6262 8897 1206 6263 8898 1220 6264 8899 1267 6265 8900 1267 6266 8901 1220 6267 8902 1278 6268 8903 1267 6269 8904 1278 6270 8905 1269 6271 8906 1269 6272 8907 1278 6273 8908 1221 6274 8909 1269 6275 8910 1221 6276 8911 1208 6277 8912 1208 6278 8913 1221 6279 8914 1184 6280 8915 1208 6281 8916 1184 6282 8917 1158 6283 8918 1158 6284 8919 1184 6285 8920 1159 6286 8921 1158 6287 8922 1159 6288 8923 1174 6289 8924 1174 6290 8925 1159 6291 8926 1206 6292 8927 1220 6293 8928 1206 6294 8929 1159 6295 8930 1161 6296 8931 1185 6297 8932 1160 6298 8933 1161 6299 8934 1160 6300 8935 1177 6301 8936 1177 6302 8937 1160 6303 8938 1196 6304 8939 1177 6305 8940 1196 6306 8941 1210 6307 8942 1210 6308 8943 1196 6309 8944 1249 6310 8945 1210 6311 8946 1249 6312 8947 1272 6313 8948 1272 6314 8949 1249 6315 8950 1248 6316 8951 1272 6317 8952 1248 6318 8953 1222 6319 8954 1185 6320 8955 1222 6321 8956 1248 6322 8957 1161 6323 8958 1222 6324 8959 1185 6325 8960 1203 6326 8961 1183 6327 8962 1155 6328 8963 1155 6329 8964 1183 6330 8965 1154 6331 8966 1155 6332 8967 1154 6333 8968 1175 6334 8969 1175 6335 8970 1154 6336 8971 1192 6337 8972 1175 6338 8973 1192 6339 8974 1207 6340 8975 1207 6341 8976 1192 6342 8977 1247 6343 8978 1207 6344 8979 1247 6345 8980 1268 6346 8981 1268 6347 8982 1247 6348 8983 1246 6349 8984 1268 6350 8985 1246 6351 8986 1264 6352 8987 1264 6353 8988 1246 6354 8989 1203 6355 8990 1183 6356 8991 1203 6357 8992 1246 6358 8993 1380 6359 8994 1363 6360 8995 1439 6361 8996 1380 6362 8997 1439 6363 8998 1392 6364 8999 1441 6365 9000 1392 6366 9001 1439 6367 9002 1392 6368 9003 1441 6369 9004 1364 6370 9005 1364 6371 9006 1441 6372 9007 1437 6373 9008 1364 6374 9009 1437 6375 9010 1378 6376 9011 1435 6377 9012 1378 6378 9013 1437 6379 9014 1435 6380 9015 1363 6381 9016 1378 6382 9017 1439 6383 9018 1363 6384 9019 1435 6385 9020 1375 6386 9021 1357 6387 9022 1430 6388 9023 1375 6389 9024 1430 6390 9025 1389 6391 9026 1432 6392 9027 1389 6393 9028 1430 6394 9029 1389 6395 9030 1432 6396 9031 1358 6397 9032 1358 6398 9033 1432 6399 9034 1428 6400 9035 1358 6401 9036 1428 6402 9037 1373 6403 9038 1373 6404 9039 1428 6405 9040 1387 6406 9041 1426 6407 9042 1387 6408 9043 1428 6409 9044 1426 6410 9045 1357 6411 9046 1387 6412 9047 1430 6413 9048 1357 6414 9049 1426 6415 9050 1379 6416 9051 1361 6417 9052 1438 6418 9053 1379 6419 9054 1438 6420 9055 1391 6421 9056 1440 6422 9057 1391 6423 9058 1438 6424 9059 1391 6425 9060 1440 6426 9061 1362 6427 9062 1362 6428 9063 1440 6429 9064 1436 6430 9065 1362 6431 9066 1436 6432 9067 1377 6433 9068 1434 6434 9069 1377 6435 9070 1436 6436 9071 1434 6437 9072 1361 6438 9073 1377 6439 9074 1438 6440 9075 1361 6441 9076 1434 6442 9077 1376 6443 9078 1359 6444 9079 1431 6445 9080 1376 6446 9081 1431 6447 9082 1390 6448 9083 1433 6449 9084 1390 6450 9085 1431 6451 9086 1390 6452 9087 1433 6453 9088 1360 6454 9089 1360 6455 9090 1433 6456 9091 1429 6457 9092 1360 6458 9093 1429 6459 9094 1374 6460 9095 1374 6461 9096 1429 6462 9097 1388 6463 9098 1427 6464 9099 1388 6465 9100 1429 6466 9101 1427 6467 9102 1359 6468 9103 1388 6469 9104 1431 6470 9105 1359 6471 9106 1427 6472 9107 1090 6473 9108 1093 6474 9109 1033 6475 9110 1090 6476 9111 1033 6477 9112 1029 6478 9113 1090 6479 9114 1029 6480 9115 1061 6481 9116 1061 6482 9117 1029 6483 9118 1031 6484 9119 1061 6485 9120 1031 6486 9121 1091 6487 9122 1091 6488 9123 1031 6489 9124 1069 6490 9125 1069 6491 9126 1031 6492 9127 1037 6493 9128 1035 6494 9129 1069 6495 9130 1037 6496 9131 1035 6497 9132 1063 6498 9133 1069 6499 9134 1035 6500 9135 1093 6501 9136 1063 6502 9137 1033 6503 9138 1093 6504 9139 1035 6505 9140 1066 6506 9141 1072 6507 9142 1021 6508 9143 1019 6509 9144 1066 6510 9145 1021 6511 9146 1066 6512 9147 1019 6513 9148 1056 6514 9149 1056 6515 9150 1019 6516 9151 1086 6517 9152 1086 6518 9153 1019 6519 9154 1024 6520 9155 1086 6521 9156 1024 6522 9157 1058 6523 9158 1026 6524 9159 1058 6525 9160 1024 6526 9161 1026 6527 9162 1072 6528 9163 1058 6529 9164 1021 6530 9165 1072 6531 9166 1026 6532 9167 1088 6533 9168 1092 6534 9169 1032 6535 9170 1088 6536 9171 1032 6537 9172 1028 6538 9173 1088 6539 9174 1028 6540 9175 1060 6541 9176 1060 6542 9177 1028 6543 9178 1030 6544 9179 1060 6545 9180 1030 6546 9181 1089 6547 9182 1089 6548 9183 1030 6549 9184 1068 6550 9185 1068 6551 9186 1030 6552 9187 1036 6553 9188 1034 6554 9189 1068 6555 9190 1036 6556 9191 1034 6557 9192 1062 6558 9193 1068 6559 9194 1034 6560 9195 1092 6561 9196 1062 6562 9197 1032 6563 9198 1092 6564 9199 1034 6565 9200 1067 6566 9201 1073 6567 9202 1023 6568 9203 1067 6569 9204 1023 6570 9205 1022 6571 9206 1020 6572 9207 1067 6573 9208 1022 6574 9209 1067 6575 9210 1020 6576 9211 1057 6577 9212 1057 6578 9213 1020 6579 9214 1087 6580 9215 1087 6581 9216 1020 6582 9217 1025 6583 9218 1087 6584 9219 1025 6585 9220 1059 6586 9221 1059 6587 9222 1025 6588 9223 1027 6589 9224 1023 6590 9225 1073 6591 9226 1027 6592 9227 1027 6593 9228 1073 6594 9229 1059 6595 9230 964 2106 9231 1018 2106 9232 963 2106 9233 963 2106 9234 1018 2106 9235 1017 2106 9236 1396 6596 9237 1442 6596 9238 1395 6596 9239 1395 6597 9240 1442 6597 9241 1424 6597 9242 1042 6118 9243 1015 6118 9244 1043 6118 9245 1043 6119 9246 1015 6119 9247 1038 6119 9248 1306 6598 9249 1307 6599 9250 1291 6600 9251 1291 6601 9252 1307 6602 9253 1255 6603 9254 1038 6604 9255 1102 6604 9256 1122 6604 9257 1038 6605 9258 1122 6605 9259 1043 6605 9260 1043 6606 9261 1122 6606 9262 1139 6606 9263 1043 6607 9264 1139 6607 9265 1396 6607 9266 1396 6608 9267 1139 6608 9268 1288 6608 9269 1345 6609 9270 1442 6609 9271 1326 6609 9272 1326 2106 9273 1442 2106 9274 1396 2106 9275 1326 6610 9276 1396 6610 9277 1288 6610 9278 1346 6611 9279 1327 6611 9280 1443 6611 9281 1039 6612 9282 1141 6612 9283 1125 6612 9284 1124 6613 9285 1140 6613 9286 1123 6613 9287 1123 6614 9288 1064 6614 9289 1039 6614 9290 1039 6615 9291 1064 6615 9292 1038 6615 9293 1038 6616 9294 1064 6616 9295 1102 6616 9296 1328 6617 9297 1289 6617 9298 1234 6617 9299 1347 6618 9300 1443 6618 9301 1328 6618 9302 1328 6619 9303 1443 6619 9304 1327 6619 9305 1328 6620 9306 1327 6620 9307 1289 6620 9308 1348 6621 9309 1329 6621 9310 1444 6621 9311 1444 6622 9312 1329 6622 9313 1235 6622 9314 1039 6623 9315 1125 6623 9316 1065 6623 9317 1065 6624 9318 1103 6624 9319 1039 6624 9320 1039 6625 9321 1103 6625 9322 1123 6625 9323 1123 6626 9324 1103 6626 9325 1124 6626 9326 1442 6627 9327 1345 6627 9328 1443 6627 9329 1443 6628 9330 1345 6628 9331 1346 6628 9332 1234 6629 9333 1289 6629 9334 1167 6629 9335 1234 6630 9336 1167 6630 9337 1140 6630 9338 1140 6631 9339 1167 6631 9340 1123 6631 9341 1443 6632 9342 1347 6632 9343 1444 6632 9344 1444 6633 9345 1347 6633 9346 1348 6633 9347 1444 6634 9348 1235 6634 9349 1039 6634 9350 1039 6635 9351 1235 6635 9352 1141 6635 9353 1397 6636 9354 1335 6636 9355 1315 6636 9356 1397 6637 9357 1315 6637 9358 1393 6637 9359 1393 6638 9360 1315 6638 9361 1229 6638 9362 1128 6639 9363 1040 6639 9364 1229 6639 9365 1229 6640 9366 1040 6640 9367 1393 6640 9368 1317 6641 9369 1316 6641 9370 1337 6641 9371 1040 6642 9372 1128 6642 9373 1110 6642 9374 1040 2051 9375 1110 2051 9376 989 2051 9377 989 6643 9378 1110 6643 9379 1044 6643 9380 1113 6644 9381 1131 6644 9382 990 6644 9383 1337 6645 9384 1316 6645 9385 1398 6645 9386 1337 6646 9387 1398 6646 9388 1338 6646 9389 1316 6647 9390 1317 6647 9391 1279 6647 9392 1316 6648 9393 1279 6648 9394 1230 6648 9395 1316 6649 9396 1336 6649 9397 1398 6649 9398 1398 6650 9399 1336 6650 9400 1397 6650 9401 1397 6651 9402 1336 6651 9403 1335 6651 9404 1094 6652 9405 1111 6652 9406 990 6652 9407 990 6653 9408 1131 6653 9409 1398 6653 9410 1398 6654 9411 1131 6654 9412 1280 6654 9413 989 6655 9414 1044 6655 9415 990 6655 9416 990 6656 9417 1044 6656 9418 1094 6656 9419 1280 6657 9420 1318 6657 9421 1398 6657 9422 1398 6658 9423 1318 6658 9424 1338 6658 9425 1230 6659 9426 1279 6659 9427 1130 6659 9428 1230 6660 9429 1130 6660 9430 1129 6660 9431 990 6661 9432 1095 6661 9433 1113 6661 9434 1129 6662 9435 1130 6662 9436 1111 6662 9437 1111 6663 9438 1130 6663 9439 1112 6663 9440 1111 6664 9441 1112 6664 9442 1045 6664 9443 1111 6665 9444 1045 6665 9445 990 6665 9446 990 6666 9447 1045 6666 9448 1095 6666 9449</p>
        </triangles>
        <triangles material="Shape_008-material" count="996">
          <input semantic="VERTEX" source="#Shape_IndexedFaceSet_006-mesh-vertices" offset="0"/>
          <input semantic="NORMAL" source="#Shape_IndexedFaceSet_006-mesh-normals" offset="1"/>
          <input semantic="TEXCOORD" source="#Shape_IndexedFaceSet_006-mesh-map-0" offset="2" set="0"/>
          <p>1574 6667 9450 1537 6668 9451 1530 6669 9452 1574 6670 9453 1530 6671 9454 1573 6672 9455 1573 6673 9456 1530 6674 9457 1528 6675 9458 1573 6676 9459 1528 6677 9460 1565 6678 9461 1565 6679 9462 1528 6680 9463 1593 6681 9464 1593 6682 9465 1528 6683 9466 1533 6684 9467 1593 6685 9468 1533 6686 9469 1539 6687 9470 1593 6688 9471 1539 6689 9472 1567 6690 9473 1537 6691 9474 1574 6692 9475 1567 6693 9476 1537 6694 9477 1567 6695 9478 1539 6696 9479 1575 6697 9480 1512 6698 9481 1504 6699 9482 1575 6700 9483 1504 6701 9484 1570 6702 9485 1570 6703 9486 1504 6704 9487 1502 6705 9488 1570 6706 9489 1502 6707 9490 1560 6708 9491 1560 6709 9492 1502 6710 9493 1590 6711 9494 1590 6712 9495 1502 6713 9496 1508 6714 9497 1590 6715 9498 1508 6716 9499 1514 6717 9500 1590 6718 9501 1514 6719 9502 1562 6720 9503 1575 6721 9504 1562 6722 9505 1512 6723 9506 1512 6724 9507 1562 6725 9508 1514 6726 9509 1577 6727 9510 1536 6728 9511 1529 6729 9512 1577 6730 9513 1529 6731 9514 1572 6732 9515 1572 6733 9516 1529 6734 9517 1527 6735 9518 1572 6736 9519 1527 6737 9520 1564 6738 9521 1564 6739 9522 1527 6740 9523 1592 6741 9524 1592 6742 9525 1527 6743 9526 1532 6744 9527 1592 6745 9528 1532 6746 9529 1538 6747 9530 1592 6748 9531 1538 6749 9532 1566 6750 9533 1577 6751 9534 1566 6752 9535 1536 6753 9536 1536 6754 9537 1566 6755 9538 1538 6756 9539 1576 6757 9540 1513 6758 9541 1505 6759 9542 1576 6760 9543 1505 6761 9544 1571 6762 9545 1571 6763 9546 1505 6764 9547 1503 6765 9548 1571 6766 9549 1503 6767 9550 1561 6768 9551 1561 6769 9552 1503 6770 9553 1591 6771 9554 1591 6772 9555 1503 6773 9556 1509 6774 9557 1591 6775 9558 1509 6776 9559 1515 6777 9560 1591 6778 9561 1515 6779 9562 1563 6780 9563 1576 6781 9564 1563 6782 9565 1513 6783 9566 1513 6784 9567 1563 6785 9568 1515 6786 9569 1770 6787 9570 1844 6788 9571 1777 6789 9572 1777 6790 9573 1844 6791 9574 1840 6792 9575 1840 6793 9576 1791 6794 9577 1777 6795 9578 1791 6796 9579 1840 6797 9580 1769 6798 9581 1769 6799 9582 1840 6800 9583 1848 6801 9584 1769 6802 9585 1848 6803 9586 1781 6804 9587 1781 6805 9588 1848 6806 9589 1852 6807 9590 1849 6808 9591 1793 6809 9592 1852 6810 9593 1852 6811 9594 1793 6812 9595 1781 6813 9596 1849 6814 9597 1770 6815 9598 1793 6816 9599 1844 6817 9600 1770 6818 9601 1849 6819 9602 1764 6820 9603 1822 6821 9604 1813 6822 9605 1764 6823 9606 1813 6824 9607 1784 6825 9608 1784 6826 9609 1813 6827 9610 1814 6828 9611 1784 6829 9612 1814 6830 9613 1774 6831 9614 1774 6832 9615 1814 6833 9616 1821 6834 9617 1774 6835 9618 1821 6836 9619 1763 6837 9620 1763 6838 9621 1821 6839 9622 1825 6840 9623 1763 6841 9624 1825 6842 9625 1788 6843 9626 1826 6844 9627 1788 6845 9628 1825 6846 9629 1826 6847 9630 1771 6848 9631 1788 6849 9632 1822 6850 9633 1771 6851 9634 1826 6852 9635 1822 6853 9636 1764 6854 9637 1771 6855 9638 1768 6856 9639 1847 6857 9640 1839 6858 9641 1839 6859 9642 1790 6860 9643 1768 6861 9644 1790 6862 9645 1839 6863 9646 1841 6864 9647 1790 6865 9648 1841 6866 9649 1776 6867 9650 1776 6868 9651 1841 6869 9652 1846 6870 9653 1776 6871 9654 1846 6872 9655 1767 6873 9656 1767 6874 9657 1846 6875 9658 1850 6876 9659 1767 6877 9660 1850 6878 9661 1792 6879 9662 1851 6880 9663 1792 6881 9664 1850 6882 9665 1851 6883 9666 1773 6884 9667 1792 6885 9668 1847 6886 9669 1773 6887 9670 1851 6888 9671 1847 6889 9672 1768 6890 9673 1773 6891 9674 1766 6892 9675 1824 6893 9676 1815 6894 9677 1766 6895 9678 1815 6896 9679 1785 6897 9680 1785 6898 9681 1815 6899 9682 1816 6900 9683 1785 6901 9684 1816 6902 9685 1775 6903 9686 1775 6904 9687 1816 6905 9688 1823 6906 9689 1775 6907 9690 1823 6908 9691 1765 6909 9692 1765 6910 9693 1823 6911 9694 1827 6912 9695 1765 6913 9696 1827 6914 9697 1789 6915 9698 1828 6916 9699 1789 6917 9700 1827 6918 9701 1828 6919 9702 1772 6920 9703 1789 6921 9704 1824 6922 9705 1772 6923 9706 1828 6924 9707 1824 6925 9708 1766 6926 9709 1772 6927 9710 1464 6928 9711 1461 6928 9712 1462 6928 9713 1461 6929 9714 1451 6929 9715 1455 6929 9716 1445 6930 9717 1448 6930 9718 1451 6930 9719 1461 6931 9720 1455 6931 9721 1460 6931 9722 1461 6932 9723 1464 6932 9724 1467 6932 9725 1467 6933 9726 1464 6933 9727 1470 6933 9728 1461 6934 9729 1456 6934 9730 1451 6934 9731 1456 6935 9732 1445 6935 9733 1451 6935 9734 1460 6936 9735 1462 6936 9736 1461 6936 9737 1476 6937 9738 1478 6937 9739 1471 6937 9740 1448 6938 9741 1445 6938 9742 1446 6938 9743 1448 6939 9744 1446 6939 9745 1450 6939 9746 1449 6940 9747 1446 6940 9748 1454 6940 9749 1446 6941 9750 1449 6941 9751 1447 6941 9752 1457 6942 9753 1465 6942 9754 1463 6942 9755 1459 4391 9756 1463 4391 9757 1468 4391 9758 1457 6943 9759 1454 6943 9760 1446 6943 9761 1447 4391 9762 1453 4391 9763 1450 4391 9764 1447 6944 9765 1450 6944 9766 1446 6944 9767 1477 6945 9768 1476 6945 9769 1473 6945 9770 1473 6946 9771 1476 6946 9772 1474 6946 9773 1476 6947 9774 1477 6947 9775 1478 6947 9776 1478 6948 9777 1477 6948 9778 1475 6948 9779 1478 6949 9780 1475 6949 9781 1472 6949 9782 1447 4391 9783 1452 4391 9784 1453 4391 9785 1465 6950 9786 1457 6950 9787 1446 6950 9788 1465 6951 9789 1446 6951 9790 1472 6951 9791 1472 6952 9792 1446 6952 9793 1478 6952 9794 1467 6953 9795 1470 6953 9796 1476 6953 9797 1467 6954 9798 1476 6954 9799 1471 6954 9800 1459 4391 9801 1469 4391 9802 1458 4391 9803 1458 4391 9804 1469 4391 9805 1466 4391 9806 1458 4391 9807 1466 4391 9808 1462 4391 9809 1459 6955 9810 1458 6955 9811 1452 6955 9812 1452 6956 9813 1458 6956 9814 1453 6956 9815 1459 4391 9816 1468 4391 9817 1469 4391 9818 1469 6957 9819 1468 6957 9820 1473 6957 9821 1469 4391 9822 1473 4391 9823 1474 4391 9824 1660 6958 9825 1631 6958 9826 1668 6958 9827 1660 6959 9828 1668 6959 9829 1708 6959 9830 1554 6960 9831 1657 6960 9832 1631 6960 9833 1799 6961 9834 1683 6961 9835 1554 6961 9836 1554 6962 9837 1683 6962 9838 1657 6962 9839 1555 6963 9840 1647 6963 9841 1800 6963 9842 1800 6964 9843 1647 6964 9844 1701 6964 9845 1635 6965 9846 1647 6965 9847 1555 6965 9848 1554 6966 9849 1635 6966 9850 1555 6966 9851 1631 6967 9852 1660 6967 9853 1554 6967 9854 1554 6968 9855 1660 6968 9856 1635 6968 9857 1800 6969 9858 1701 6969 9859 1708 6969 9860 1799 6970 9861 1716 6970 9862 1683 6970 9863 1708 6971 9864 1668 6971 9865 1800 6971 9866 1668 6972 9867 1716 6972 9868 1800 6972 9869 1800 6973 9870 1716 6973 9871 1799 6973 9872 1885 6974 9873 1881 6974 9874 1872 6974 9875 1872 6975 9876 1881 6975 9877 1877 6975 9878 1890 6976 9879 1886 6976 9880 1885 6976 9881 1871 6977 9882 1897 6977 9883 1885 6977 9884 1885 6978 9885 1897 6978 9886 1893 6978 9887 1895 5259 9888 1898 5259 9889 1892 5259 9890 1888 5259 9891 1883 5259 9892 1886 5259 9893 1885 6979 9894 1893 6979 9895 1890 6979 9896 1900 6980 9897 1896 6980 9898 1898 6980 9899 1886 6981 9900 1881 6981 9901 1885 6981 9902 1884 5259 9903 1889 5259 9904 1887 5259 9905 1882 5259 9906 1887 5259 9907 1891 5259 9908 1899 6982 9909 1867 6982 9910 1900 6982 9911 1899 5259 9912 1900 5259 9913 1898 5259 9914 1899 6983 9915 1898 6983 9916 1895 6983 9917 1897 6984 9918 1871 6984 9919 1867 6984 9920 1899 6985 9921 1897 6985 9922 1867 6985 9923 1898 5259 9924 1894 5259 9925 1892 5259 9926 1892 6986 9927 1894 6986 9928 1889 6986 9929 1874 6987 9930 1873 6987 9931 1869 6987 9932 1874 6988 9933 1869 6988 9934 1875 6988 9935 1900 5259 9936 1891 5259 9937 1896 5259 9938 1892 6989 9939 1880 6989 9940 1883 6989 9941 1889 6990 9942 1884 6990 9943 1892 6990 9944 1892 6991 9945 1884 6991 9946 1880 6991 9947 1883 5259 9948 1888 5259 9949 1892 5259 9950 1873 5259 9951 1874 5259 9952 1878 5259 9953 1882 5259 9954 1891 5259 9955 1900 5259 9956 1869 6992 9957 1877 6992 9958 1875 6992 9959 1873 5259 9960 1878 5259 9961 1900 5259 9962 1900 6993 9963 1878 6993 9964 1882 6993 9965 1880 6994 9966 1879 6994 9967 1883 6994 9968 1879 6995 9969 1880 6995 9970 1876 6995 9971 1874 6996 9972 1875 6996 9973 1879 6996 9974 1874 6997 9975 1879 6997 9976 1876 6997 9977 1872 6998 9978 1877 6998 9979 1869 6998 9980 1624 6999 9981 1605 6999 9982 1616 6999 9983 1688 7000 9984 1677 7000 9985 1710 7000 9986 1710 7001 9987 1677 7001 9988 1733 7001 9989 1677 7002 9990 1688 7002 9991 1616 7002 9992 1616 7003 9993 1688 7003 9994 1624 7003 9995 1749 7004 9996 1796 7004 9997 1710 7004 9998 1605 7005 9999 1624 7005 10000 1552 7005 10001 1606 7006 10002 1568 7006 10003 1555 7006 10004 1555 7007 10005 1568 7007 10006 1552 7007 10007 1568 7008 10008 1605 7008 10009 1552 7008 10010 1749 7009 10011 1710 7009 10012 1733 7009 10013 1749 7010 10014 1782 7010 10015 1796 7010 10016 1796 7011 10017 1782 7011 10018 1800 7011 10019 1800 7012 10020 1782 7012 10021 1736 7012 10022 1800 7013 10023 1744 7013 10024 1726 7013 10025 1606 7014 10026 1569 7014 10027 1607 7014 10028 1736 7015 10029 1750 7015 10030 1783 7015 10031 1736 7016 10032 1783 7016 10033 1800 7016 10034 1800 7017 10035 1783 7017 10036 1744 7017 10037 1800 7018 10038 1726 7018 10039 1679 7018 10040 1800 7019 10041 1679 7019 10042 1555 7019 10043 1555 7020 10044 1679 7020 10045 1613 7020 10046 1736 7021 10047 1725 7021 10048 1750 7021 10049 1607 7022 10050 1617 7022 10051 1623 7022 10052 1555 7023 10053 1613 7023 10054 1594 7023 10055 1606 7024 10056 1607 7024 10057 1623 7024 10058 1569 7025 10059 1606 7025 10060 1555 7025 10061 1569 7026 10062 1555 7026 10063 1594 7026 10064 1725 7027 10065 1736 7027 10066 1724 7027 10067 1725 7028 10068 1724 7028 10069 1678 7028 10070 1678 7029 10071 1724 7029 10072 1623 7029 10073 1678 7030 10074 1623 7030 10075 1617 7030 10076 1623 7031 10077 1694 7032 10078 1669 7033 10079 1721 7034 10080 1691 7035 10081 1714 7036 10082 1714 7037 10083 1693 7038 10084 1724 7039 10085 1693 7040 10086 1707 7041 10087 1724 7042 10088 1707 7043 10089 1694 7044 10090 1724 7045 10091 1724 7046 10092 1694 7047 10093 1623 7048 10094 1693 7049 10095 1658 7050 10096 1707 7051 10097 1658 7052 10098 1693 7053 10099 1666 7054 10100 1623 7055 10101 1669 7056 10102 1632 7057 10103 1632 7058 10104 1640 7059 10105 1622 7060 10106 1658 7061 10107 1628 7062 10108 1640 7063 10109 1640 7064 10110 1628 7065 10111 1622 7066 10112 1622 7067 10113 1628 7068 10114 1639 7069 10115 1658 7070 10116 1666 7071 10117 1628 7072 10118 1622 7073 10119 1639 7074 10120 1674 7075 10121 1674 7076 10122 1639 7077 10123 1691 7078 10124 1674 7079 10125 1691 7080 10126 1721 7081 10127 1782 7082 10128 1773 7083 10129 1736 7084 10130 1736 7085 10131 1773 7086 10132 1768 7087 10133 1736 7088 10134 1768 7089 10135 1772 7090 10136 1792 7091 10137 1773 7092 10138 1782 7093 10139 1767 7094 10140 1792 7095 10141 1782 7096 10142 1775 7097 10143 1765 7098 10144 1753 7099 10145 1765 7100 10146 1776 7101 10147 1767 7102 10148 1765 7103 10149 1767 7104 10150 1749 7105 10151 1749 7106 10152 1767 7107 10153 1782 7108 10154 1789 7109 10155 1790 7110 10156 1765 7111 10157 1765 7112 10158 1790 7113 10159 1776 7114 10160 1768 7115 10161 1790 7116 10162 1772 7117 10163 1772 7118 10164 1790 7119 10165 1789 7120 10166 1558 7121 10167 1591 7122 10168 1604 7123 10169 1591 7124 10170 1592 7125 10171 1606 7126 10172 1606 7127 10173 1592 7128 10174 1568 7129 10175 1568 7130 10176 1592 7131 10177 1566 7132 10178 1563 7133 10179 1564 7134 10180 1592 7135 10181 1563 7136 10182 1592 7137 10183 1591 7138 10184 1564 7139 10185 1563 7140 10186 1572 7141 10187 1576 7142 10188 1572 7143 10189 1563 7144 10190 1568 7145 10191 1577 7146 10192 1605 7147 10193 1605 7148 10194 1577 7149 10195 1576 7150 10196 1577 7151 10197 1572 7152 10198 1576 7153 10199 1603 7154 10200 1576 7155 10201 1571 7156 10202 1571 7157 10203 1558 7158 10204 1603 7159 10205 1566 7160 10206 1577 7161 10207 1568 7162 10208 1785 7163 10209 1775 7164 10210 1753 7165 10211 1766 7166 10212 1785 7167 10213 1747 7168 10214 1747 7169 10215 1785 7170 10216 1753 7171 10217 1558 7172 10218 1561 7173 10219 1591 7174 10220 1558 7175 10221 1571 7176 10222 1561 7177 10223 1605 7178 10224 1576 7179 10225 1603 7180 10226 1605 7181 10227 1603 7182 10228 1611 7183 10229 1605 7184 10230 1611 7185 10231 1616 7186 10232 1616 7187 10233 1611 7188 10234 1625 7189 10235 1616 7190 10236 1625 7191 10237 1677 7192 10238 1677 7193 10239 1625 7194 10240 1720 7195 10241 1677 7196 10242 1720 7197 10243 1733 7198 10244 1733 7199 10245 1720 7200 10246 1742 7201 10247 1733 7202 10248 1742 7203 10249 1749 7204 10250 1749 7205 10251 1742 7206 10252 1753 7207 10253 1749 7208 10254 1753 7209 10255 1765 7210 10256 1772 7211 10257 1766 7212 10258 1736 7213 10259 1736 7214 10260 1766 7215 10261 1747 7216 10262 1736 7217 10263 1747 7218 10264 1721 7219 10265 1736 7220 10266 1721 7221 10267 1724 7222 10268 1724 7223 10269 1721 7224 10270 1714 7225 10271 1623 7226 10272 1632 7227 10273 1622 7228 10274 1623 7229 10275 1622 7230 10276 1606 7231 10277 1606 7232 10278 1622 7233 10279 1604 7234 10280 1606 7235 10281 1604 7236 10282 1591 7237 10283 1715 7238 10284 1684 7239 10285 1686 7240 10286 1676 7241 10287 1682 7242 10288 1723 7243 10289 1723 7244 10290 1682 7245 10291 1715 7246 10292 1715 7247 10293 1686 7248 10294 1723 7249 10295 1723 7250 10296 1686 7251 10297 1718 7252 10298 1718 7253 10299 1687 7254 10300 1726 7255 10301 1726 7256 10302 1687 7257 10303 1679 7258 10304 1686 7259 10305 1684 7260 10306 1630 7261 10307 1686 7262 10308 1630 7263 10309 1645 7264 10310 1679 7265 10311 1687 7266 10312 1634 7267 10313 1679 7268 10314 1634 7269 10315 1613 7270 10316 1645 7271 10317 1630 7272 10318 1634 7273 10319 1634 7274 10320 1630 7275 10321 1613 7276 10322 1630 7277 10323 1644 7278 10324 1615 7279 10325 1659 7280 10326 1629 7281 10327 1667 7282 10328 1675 7283 10329 1656 7284 10330 1612 7285 10331 1612 7286 10332 1656 7287 10333 1629 7288 10334 1629 7289 10335 1659 7290 10336 1633 7291 10337 1629 7292 10338 1633 7293 10339 1612 7294 10340 1617 7295 10341 1633 7296 10342 1670 7297 10343 1617 7298 10344 1670 7299 10345 1678 7300 10346 1685 7301 10347 1667 7302 10348 1699 7303 10349 1659 7304 10350 1667 7305 10351 1685 7306 10352 1699 7307 10353 1717 7308 10354 1685 7309 10355 1678 7310 10356 1670 7311 10357 1700 7312 10358 1678 7313 10359 1700 7314 10360 1725 7315 10361 1725 7316 10362 1700 7317 10363 1717 7318 10364 1717 7319 10365 1699 7320 10366 1725 7321 10367 1699 7322 10368 1698 7323 10369 1722 7324 10370 1615 7325 10371 1644 7326 10372 1676 7327 10373 1676 7328 10374 1644 7329 10375 1682 7330 10376 1722 7331 10377 1698 7332 10378 1675 7333 10379 1675 7334 10380 1698 7335 10381 1656 7336 10382 1783 7337 10383 1770 7338 10384 1744 7339 10385 1744 7340 10386 1770 7341 10387 1771 7342 10388 1771 7343 10389 1770 7344 10390 1777 7345 10391 1783 7346 10392 1793 7347 10393 1770 7348 10394 1783 7349 10395 1781 7350 10396 1793 7351 10397 1774 7352 10398 1763 7353 10399 1754 7354 10400 1763 7355 10401 1769 7356 10402 1750 7357 10403 1750 7358 10404 1769 7359 10405 1781 7360 10406 1750 7361 10407 1781 7362 10408 1783 7363 10409 1788 7364 10410 1791 7365 10411 1763 7366 10412 1763 7367 10413 1791 7368 10414 1769 7369 10415 1777 7370 10416 1791 7371 10417 1771 7372 10418 1771 7373 10419 1791 7374 10420 1788 7375 10421 1590 7376 10422 1593 7377 10423 1594 7378 10424 1594 7379 10425 1593 7380 10426 1567 7381 10427 1562 7382 10428 1565 7383 10429 1593 7384 10430 1562 7385 10431 1593 7386 10432 1590 7387 10433 1565 7388 10434 1562 7389 10435 1573 7390 10436 1575 7391 10437 1573 7392 10438 1562 7393 10439 1569 7394 10440 1574 7395 10441 1607 7396 10442 1607 7397 10443 1574 7398 10444 1575 7399 10445 1574 7400 10446 1573 7401 10447 1575 7402 10448 1559 7403 10449 1575 7404 10450 1570 7405 10451 1594 7406 10452 1567 7407 10453 1569 7408 10454 1569 7409 10455 1567 7410 10456 1574 7411 10457 1784 7412 10458 1774 7413 10459 1754 7414 10460 1764 7415 10461 1784 7416 10462 1748 7417 10463 1748 7418 10464 1784 7419 10465 1754 7420 10466 1589 7421 10467 1560 7422 10468 1590 7423 10469 1559 7424 10470 1570 7425 10471 1560 7426 10472 1559 7427 10473 1560 7428 10474 1589 7429 10475 1607 7430 10476 1575 7431 10477 1559 7432 10478 1607 7433 10479 1559 7434 10480 1612 7435 10481 1607 7436 10482 1612 7437 10483 1617 7438 10484 1617 7439 10485 1612 7440 10486 1633 7441 10487 1725 7442 10488 1699 7443 10489 1722 7444 10490 1725 7445 10491 1722 7446 10492 1743 7447 10493 1725 7448 10494 1743 7449 10495 1750 7450 10496 1750 7451 10497 1743 7452 10498 1754 7453 10499 1750 7454 10500 1754 7455 10501 1763 7456 10502 1771 7457 10503 1764 7458 10504 1744 7459 10505 1744 7460 10506 1764 7461 10507 1748 7462 10508 1744 7463 10509 1748 7464 10510 1723 7465 10511 1744 7466 10512 1723 7467 10513 1726 7468 10514 1726 7469 10515 1723 7470 10516 1718 7471 10517 1613 7472 10518 1630 7473 10519 1615 7474 10520 1613 7475 10521 1615 7476 10522 1589 7477 10523 1613 7478 10524 1589 7479 10525 1594 7480 10526 1594 7481 10527 1589 7482 10528 1590 7483 10529 1663 7484 10530 1742 7484 10531 1720 7484 10532 1742 7485 10533 1663 7485 10534 1713 7485 10535 1663 7486 10536 1625 7486 10537 1608 7486 10538 1608 7487 10539 1625 7487 10540 1611 7487 10541 1625 7488 10542 1663 7488 10543 1720 7488 10544 1742 7489 10545 1713 7489 10546 1745 7489 10547 1799 7490 10548 1747 7490 10549 1745 7490 10550 1745 7491 10551 1747 7491 10552 1753 7491 10553 1745 7492 10554 1753 7492 10555 1742 7492 10556 1799 7493 10557 1748 7493 10558 1754 7493 10559 1799 7494 10560 1754 7494 10561 1747 7494 10562 1747 7495 10563 1754 7495 10564 1721 7495 10565 1799 7496 10566 1723 7496 10567 1748 7496 10568 1604 7497 10569 1559 7497 10570 1554 7497 10571 1559 7498 10572 1589 7498 10573 1554 7498 10574 1721 7499 10575 1754 7499 10576 1743 7499 10577 1554 7500 10578 1615 7500 10579 1676 7500 10580 1554 7501 10581 1676 7501 10582 1799 7501 10583 1799 7502 10584 1676 7502 10585 1723 7502 10586 1603 7503 10587 1558 7503 10588 1546 7503 10589 1546 7504 10590 1558 7504 10591 1554 7504 10592 1554 7505 10593 1558 7505 10594 1604 7505 10595 1554 7506 10596 1589 7506 10597 1615 7506 10598 1559 7507 10599 1604 7507 10600 1622 7507 10601 1559 7508 10602 1622 7508 10603 1612 7508 10604 1743 7509 10605 1722 7509 10606 1721 7509 10607 1603 7510 10608 1546 7510 10609 1608 7510 10610 1612 7511 10611 1622 7511 10612 1675 7511 10613 1675 7512 10614 1622 7512 10615 1674 7512 10616 1675 7513 10617 1674 7513 10618 1722 7513 10619 1722 7514 10620 1674 7514 10621 1721 7514 10622 1603 7515 10623 1608 7515 10624 1611 7515 10625 1621 7516 10626 1652 7516 10627 1610 7516 10628 1602 7517 10629 1621 7517 10630 1610 7517 10631 1652 7518 10632 1719 7518 10633 1730 7518 10634 1652 7519 10635 1621 7519 10636 1719 7519 10637 1689 7520 10638 1650 7520 10639 1728 7520 10640 1610 7521 10641 1551 7521 10642 1602 7521 10643 1582 7522 10644 1493 7522 10645 1494 7522 10646 1582 7523 10647 1494 7523 10648 1600 7523 10649 1650 7524 10650 1614 7524 10651 1619 7524 10652 1735 7525 10653 1689 7525 10654 1728 7525 10655 1598 7526 10656 1493 7526 10657 1582 7526 10658 1598 7527 10659 1550 7527 10660 1493 7527 10661 1557 7528 10662 1619 7528 10663 1614 7528 10664 1650 7529 10665 1689 7529 10666 1614 7529 10667 1730 7530 10668 1719 7530 10669 1746 7530 10670 1600 7531 10671 1494 7531 10672 1551 7531 10673 1600 7532 10674 1551 7532 10675 1610 7532 10676 1619 7533 10677 1557 7533 10678 1598 7533 10679 1728 7534 10680 1794 7534 10681 1735 7534 10682 1794 7535 10683 1728 7535 10684 1751 7535 10685 1794 7536 10686 1751 7536 10687 1804 7536 10688 1751 7537 10689 1806 7537 10690 1804 7537 10691 1739 7538 10692 1806 7538 10693 1751 7538 10694 1730 7539 10695 1746 7539 10696 1739 7539 10697 1739 7540 10698 1798 7540 10699 1806 7540 10700 1598 7541 10701 1557 7541 10702 1550 7541 10703 1739 7542 10704 1746 7542 10705 1798 7542 10706 1734 7543 10707 1732 7544 10708 1805 7545 10709 1734 7546 10710 1805 7547 10711 1737 7548 10712 1681 7549 10713 1680 7550 10714 1710 7551 10715 1681 7552 10716 1710 7553 10717 1732 7554 10718 1556 7555 10719 1638 7556 10720 1642 7557 10721 1681 7558 10722 1638 7559 10723 1588 7560 10724 1588 7561 10725 1638 7562 10726 1556 7563 10727 1703 7564 10728 1711 7565 10729 1719 7566 10730 1719 7567 10731 1662 7568 10732 1703 7569 10733 1621 7570 10734 1642 7571 10735 1662 7572 10736 1621 7573 10737 1662 7574 10738 1719 7575 10739 1556 7576 10740 1642 7577 10741 1621 7578 10742 1485 7579 10743 1548 7580 10744 1547 7581 10745 1551 7582 10746 1547 7583 10747 1602 7584 10748 1548 7585 10749 1602 7586 10750 1547 7587 10751 1556 7588 10752 1602 7589 10753 1548 7590 10754 1556 7591 10755 1621 7592 10756 1602 7593 10757 1732 7594 10758 1734 7595 10759 1711 7596 10760 1711 7597 10761 1734 7598 10762 1719 7599 10763 1797 7600 10764 1746 7601 10765 1737 7602 10766 1719 7603 10767 1737 7604 10768 1746 7605 10769 1796 7606 10770 1732 7607 10771 1710 7608 10772 1732 7609 10773 1711 7610 10774 1681 7611 10775 1737 7612 10776 1719 7613 10777 1734 7614 10778 1588 7615 10779 1552 7616 10780 1624 7617 10781 1588 7618 10782 1556 7619 10783 1552 7620 10784 1552 7621 10785 1556 7622 10786 1485 7623 10787 1556 7624 10788 1548 7625 10789 1485 7626 10790 1805 7627 10791 1797 7628 10792 1737 7629 10793 1680 7630 10794 1681 7631 10795 1588 7632 10796 1859 7633 10797 1865 7634 10798 1863 7635 10799 1866 7636 10800 1865 7637 10801 1868 7638 10802 1868 7639 10803 1865 7640 10804 1859 7641 10805 1862 7642 10806 1864 7643 10807 1804 7644 10808 1863 7645 10809 1861 7646 10810 1806 7647 10811 1806 7648 10812 1861 7649 10813 1804 7650 10814 1804 7651 10815 1861 7652 10816 1862 7653 10817 1859 7654 10818 1863 7655 10819 1806 7656 10820 1858 7657 10821 1860 7658 10822 1801 7659 10823 1858 7660 10824 1801 7661 10825 1802 7662 10826 1869 7663 10827 1860 7664 10828 1872 7665 10829 1866 7666 10830 1868 7667 10831 1870 7668 10832 1866 7669 10833 1870 7670 10834 1860 7671 10835 1860 7672 10836 1870 7673 10837 1872 7674 10838 1805 7675 10839 1803 7676 10840 1797 7677 10841 1746 7678 10842 1797 7679 10843 1798 7680 10844 1803 7681 10845 1798 7682 10846 1797 7683 10847 1859 7684 10848 1798 7685 10849 1803 7686 10850 1859 7687 10851 1806 7688 10852 1798 7689 10853 1860 7690 10854 1858 7691 10855 1864 7692 10856 1864 7693 10857 1858 7694 10858 1804 7695 10859 1795 7696 10860 1794 7697 10861 1802 7698 10862 1804 7699 10863 1802 7700 10864 1794 7701 10865 1860 7702 10866 1864 7703 10867 1866 7704 10868 1802 7705 10869 1804 7706 10870 1858 7707 10871 1868 7708 10872 1867 7709 10873 1871 7710 10874 1868 7711 10875 1859 7712 10876 1867 7713 10877 1867 7714 10878 1859 7715 10879 1805 7716 10880 1859 7717 10881 1803 7718 10882 1805 7719 10883 1801 7720 10884 1795 7721 10885 1802 7722 10886 1493 7723 10887 1490 7724 10888 1491 7725 10889 1490 7726 10890 1493 7727 10891 1486 7728 10892 1471 7729 10893 1482 7730 10894 1467 7731 10895 1481 7732 10896 1480 7733 10897 1482 7734 10898 1482 7735 10899 1480 7736 10900 1479 7737 10901 1482 7738 10902 1479 7739 10903 1467 7740 10904 1484 7741 10905 1485 7742 10906 1495 7743 10907 1488 7744 10908 1492 7745 10909 1545 7746 10910 1557 7747 10911 1545 7748 10912 1550 7749 10913 1492 7750 10914 1550 7751 10915 1545 7752 10916 1483 7753 10917 1493 7754 10918 1550 7755 10919 1493 7756 10920 1491 7757 10921 1489 7758 10922 1493 7759 10923 1489 7760 10924 1494 7761 10925 1494 7762 10926 1489 7763 10927 1487 7764 10928 1547 7765 10929 1551 7766 10930 1495 7767 10931 1494 7768 10932 1495 7769 10933 1551 7770 10934 1495 7771 10935 1487 7772 10936 1484 7773 10937 1495 7774 10938 1494 7775 10939 1487 7776 10940 1484 7777 10941 1487 7778 10942 1482 7779 10943 1484 7780 10944 1482 7781 10945 1471 7782 10946 1484 7783 10947 1471 7784 10948 1485 7785 10949 1480 7786 10950 1445 7787 10951 1456 7788 10952 1445 7789 10953 1480 7790 10954 1483 7791 10955 1445 7792 10956 1483 7793 10957 1488 7794 10958 1483 7795 10959 1486 7796 10960 1493 7797 10961 1480 7798 10962 1486 7799 10963 1483 7800 10964 1483 7801 10965 1492 7802 10966 1488 7803 10967 1492 7804 10968 1483 7805 10969 1550 7806 10970 1485 7807 10971 1547 7808 10972 1495 7809 10973 1480 7810 10974 1481 7811 10975 1486 7812 10976 1661 7813 10977 1654 7814 10978 1618 7815 10979 1618 7816 10980 1654 7817 10981 1608 7818 10982 1702 7819 10983 1654 7820 10984 1661 7821 10985 1549 7822 10986 1546 7823 10987 1488 7824 10988 1549 7825 10989 1488 7826 10990 1553 7827 10991 1641 7828 10992 1618 7829 10993 1614 7830 10994 1689 7831 10995 1655 7832 10996 1614 7833 10997 1689 7834 10998 1695 7835 10999 1655 7836 11000 1695 7837 11001 1689 7838 11002 1727 7839 11003 1727 7840 11004 1704 7841 11005 1695 7842 11006 1661 7843 11007 1704 7844 11008 1727 7845 11009 1801 7846 11010 1740 7847 11011 1795 7848 11012 1794 7849 11013 1795 7850 11014 1735 7851 11015 1740 7852 11016 1735 7853 11017 1795 7854 11018 1727 7855 11019 1689 7856 11020 1735 7857 11021 1549 7858 11022 1614 7859 11023 1618 7860 11024 1614 7861 11025 1655 7862 11026 1641 7863 11027 1545 7864 11028 1557 7865 11029 1553 7866 11030 1614 7867 11031 1553 7868 11032 1557 7869 11033 1546 7870 11034 1549 7871 11035 1608 7872 11036 1608 7873 11037 1549 7874 11038 1618 7875 11039 1553 7876 11040 1614 7877 11041 1549 7878 11042 1702 7879 11043 1745 7880 11044 1713 7881 11045 1745 7882 11046 1702 7883 11047 1741 7884 11048 1745 7885 11049 1741 7886 11050 1801 7887 11051 1702 7888 11052 1727 7889 11053 1741 7890 11054 1741 7891 11055 1740 7892 11056 1801 7893 11057 1740 7894 11058 1741 7895 11059 1727 7896 11060 1740 7897 11061 1727 7898 11062 1735 7899 11063 1488 7900 11064 1545 7901 11065 1553 7902 11066 1702 7903 11067 1661 7904 11068 1727 7905 11069 1581 7906 11070 1587 7907 11071 1583 7908 11072 1787 7909 11073 1761 7910 11074 1751 7911 11075 1646 7912 11076 1636 7913 11077 1610 7914 11078 1652 7915 11079 1646 7916 11080 1610 7917 11081 1610 7918 11082 1636 7919 11083 1637 7920 11084 1620 7921 11085 1637 7922 11086 1649 7923 11087 1620 7924 11088 1649 7925 11089 1653 7926 11090 1637 7927 11091 1636 7928 11092 1672 7929 11093 1637 7930 11094 1672 7931 11095 1673 7932 11096 1673 7933 11097 1672 7934 11098 1697 7935 11099 1653 7936 11100 1709 7937 11101 1731 7938 11102 1697 7939 11103 1672 7940 11104 1712 7941 11105 1697 7942 11106 1712 7943 11107 1709 7944 11108 1709 7945 11109 1712 7946 11110 1730 7947 11111 1730 7948 11112 1712 7949 11113 1652 7950 11114 1653 7951 11115 1692 7952 11116 1709 7953 11117 1653 7954 11118 1649 7955 11119 1692 7956 11120 1651 7957 11121 1706 7958 11122 1665 7959 11123 1728 7960 11124 1690 7961 11125 1705 7962 11126 1650 7963 11127 1690 7964 11128 1728 7965 11129 1705 7966 11130 1706 7967 11131 1729 7968 11132 1729 7969 11133 1706 7970 11134 1651 7971 11135 1664 7972 11136 1643 7973 11137 1696 7974 11138 1664 7975 11139 1696 7976 11140 1705 7977 11141 1705 7978 11142 1696 7979 11143 1706 7980 11144 1643 7981 11145 1664 7982 11146 1626 7983 11147 1651 7984 11148 1627 7985 11149 1609 7986 11150 1609 7987 11151 1627 7988 11152 1626 7989 11153 1627 7990 11154 1643 7991 11155 1626 7992 11156 1619 7993 11157 1626 7994 11158 1648 7995 11159 1619 7996 11160 1648 7997 11161 1650 7998 11162 1651 7999 11163 1665 8000 11164 1627 8001 11165 1652 8002 11166 1671 8003 11167 1646 8004 11168 1652 8005 11169 1712 8006 11170 1671 8007 11171 1650 8008 11172 1648 8009 11173 1690 8010 11174 1583 8011 11175 1587 8012 11176 1601 8013 11177 1601 8014 11178 1587 8015 11179 1586 8016 11180 1586 8017 11181 1585 8018 11182 1584 8019 11183 1586 8020 11184 1584 8021 11185 1600 8022 11186 1584 8023 11187 1582 8024 11188 1600 8025 11189 1585 8026 11190 1586 8027 11191 1580 8028 11192 1585 8029 11193 1580 8030 11194 1579 8031 11195 1596 8032 11196 1595 8033 11197 1579 8034 11198 1596 8035 11199 1579 8036 11200 1580 8037 11201 1596 8038 11202 1597 8039 11203 1598 8040 11204 1595 8041 11205 1596 8042 11206 1598 8043 11207 1582 8044 11208 1578 8045 11209 1598 8046 11210 1598 8047 11211 1578 8048 11212 1595 8049 11213 1584 8050 11214 1578 8051 11215 1582 8052 11216 1751 8053 11217 1761 8054 11218 1739 8055 11219 1739 8056 11220 1761 8057 11221 1757 8058 11222 1757 8059 11223 1762 8060 11224 1758 8061 11225 1757 8062 11226 1758 8063 11227 1752 8064 11228 1780 8065 11229 1786 8066 11230 1752 8067 11231 1780 8068 11232 1752 8069 11233 1758 8070 11234 1760 8071 11235 1756 8072 11236 1738 8073 11237 1756 8074 11238 1778 8075 11239 1738 8076 11240 1738 8077 11241 1778 8078 11242 1755 8079 11243 1755 8080 11244 1759 8081 11245 1751 8082 11246 1751 8083 11247 1759 8084 11248 1787 8085 11249 1762 8086 11250 1757 8087 11251 1778 8088 11252 1778 8089 11253 1756 8090 11254 1779 8091 11255 1778 8092 11256 1779 8093 11257 1762 8094 11258 1597 8095 11259 1581 8096 11260 1599 8097 11261 1599 8098 11262 1581 8099 11263 1583 8100 11264 1786 8101 11265 1780 8102 11266 1760 8103 11267 1786 8104 11268 1760 8105 11269 1738 8106 11270 1609 8107 11271 1626 8108 11272 1619 8109 11273 1609 8110 11274 1619 8111 11275 1598 8112 11276 1609 8113 11277 1598 8114 11278 1599 8115 11279 1599 8116 11280 1598 8117 11281 1597 8118 11282 1601 8119 11283 1586 8120 11284 1600 8121 11285 1601 8122 11286 1600 8123 11287 1610 8124 11288 1601 8125 11289 1610 8126 11290 1620 8127 11291 1620 8128 11292 1610 8129 11293 1637 8130 11294 1731 8131 11295 1709 8132 11296 1730 8133 11297 1731 8134 11298 1730 8135 11299 1739 8136 11300 1731 8137 11301 1739 8138 11302 1752 8139 11303 1752 8140 11304 1739 8141 11305 1757 8142 11306 1738 8143 11307 1755 8144 11308 1751 8145 11309 1738 8146 11310 1751 8147 11311 1728 8148 11312 1738 8149 11313 1728 8150 11314 1729 8151 11315 1729 8152 11316 1728 8153 11317 1705 8154 11318 1653 8155 11319 1729 8155 11320 1651 8155 11321 1653 8156 11322 1738 8156 11323 1729 8156 11324 1653 8157 11325 1786 8157 11326 1738 8157 11327 1731 8158 11328 1752 8158 11329 1653 8158 11330 1653 8159 11331 1752 8159 11332 1786 8159 11333 1601 8160 11334 1620 8160 11335 1653 8160 11336 1599 8161 11337 1583 8161 11338 1653 8161 11339 1653 8162 11340 1583 8162 11341 1601 8162 11342 1653 8163 11343 1609 8163 11344 1599 8163 11345 1651 8164 11346 1609 8164 11347 1653 8164 11348 1680 8165 11349 1588 8166 11350 1673 8167 11351 1637 8168 11352 1588 8169 11353 1624 8170 11354 1588 8171 11355 1637 8172 11356 1673 8173 11357 1697 8174 11358 1680 8175 11359 1673 8176 11360 1709 8177 11361 1710 8178 11362 1697 8179 11363 1697 8180 11364 1710 8181 11365 1680 8182 11366 1637 8183 11367 1624 8184 11368 1649 8185 11369 1688 8186 11370 1649 8187 11371 1624 8188 11372 1649 8189 11373 1688 8190 11374 1692 8191 11375 1692 8192 11376 1688 8193 11377 1710 8194 11378 1692 8195 11379 1710 8196 11380 1709 8197 11381 1608 8198 11382 1665 8199 11383 1663 8200 11384 1608 8201 11385 1627 8202 11386 1665 8203 11387 1627 8204 11388 1608 8205 11389 1643 8206 11390 1643 8207 11391 1608 8208 11392 1654 8209 11393 1654 8210 11394 1696 8211 11395 1643 8212 11396 1696 8213 11397 1654 8214 11398 1702 8215 11399 1696 8216 11400 1702 8217 11401 1706 8218 11402 1702 8219 11403 1713 8220 11404 1706 8221 11405 1706 8222 11406 1713 8223 11407 1663 8224 11408 1706 8225 11409 1663 8226 11410 1665 8227 11411 1638 8228 11412 1672 8229 11413 1636 8230 11414 1672 8231 11415 1638 8232 11416 1681 8233 11417 1672 8234 11418 1681 8235 11419 1711 8236 11420 1672 8237 11421 1711 8238 11422 1712 8239 11423 1712 8240 11424 1711 8241 11425 1703 8242 11426 1712 8243 11427 1703 8244 11428 1671 8245 11429 1671 8246 11430 1703 8247 11431 1662 8248 11432 1662 8249 11433 1646 8250 11434 1671 8251 11435 1662 8252 11436 1642 8253 11437 1646 8254 11438 1646 8255 11439 1642 8256 11440 1636 8257 11441 1642 8258 11442 1638 8259 11443 1636 8260 11444 1618 8261 11445 1626 8262 11446 1661 8263 11447 1661 8264 11448 1626 8265 11449 1664 8266 11450 1626 8267 11451 1618 8268 11452 1641 8269 11453 1626 8270 11454 1641 8271 11455 1648 8272 11456 1641 8273 11457 1655 8274 11458 1648 8275 11459 1655 8276 11460 1690 8277 11461 1648 8278 11462 1690 8279 11463 1655 8280 11464 1695 8281 11465 1695 8282 11466 1704 8283 11467 1690 8284 11468 1690 8285 11469 1704 8286 11470 1705 8287 11471 1661 8288 11472 1664 8289 11473 1704 8290 11474 1704 8291 11475 1664 8292 11476 1705 8293 11477 1489 8294 11478 1491 8295 11479 1584 8296 11480 1584 8297 11481 1491 8298 11482 1578 8299 11483 1578 8300 11484 1491 8301 11485 1490 8302 11486 1578 8303 11487 1490 8304 11488 1595 8305 11489 1490 8306 11490 1486 8307 11491 1595 8308 11492 1595 8309 11493 1486 8310 11494 1481 8311 11495 1595 8312 11496 1481 8313 11497 1579 8314 11498 1579 8315 11499 1481 8316 11500 1482 8317 11501 1487 8318 11502 1585 8319 11503 1482 8320 11504 1482 8321 11505 1585 8322 11506 1579 8323 11507 1585 8324 11508 1487 8325 11509 1584 8326 11510 1584 8327 11511 1487 8328 11512 1489 8329 11513 1757 8330 11514 1865 8331 11515 1866 8332 11516 1757 8333 11517 1866 8334 11518 1778 8335 11519 1864 8336 11520 1755 8337 11521 1778 8338 11522 1864 8339 11523 1778 8340 11524 1866 8341 11525 1755 8342 11526 1864 8343 11527 1862 8344 11528 1755 8345 11529 1862 8346 11530 1759 8347 11531 1759 8348 11532 1862 8349 11533 1787 8350 11534 1787 8351 11535 1862 8352 11536 1861 8353 11537 1787 8354 11538 1861 8355 11539 1761 8356 11540 1761 8357 11541 1861 8358 11542 1863 8359 11543 1761 8360 11544 1863 8361 11545 1757 8362 11546 1863 8363 11547 1865 8364 11548 1757 8365 11549 1586 8366 11550 1479 8367 11551 1580 8368 11552 1580 8369 11553 1479 8370 11554 1480 8371 11555 1480 8372 11556 1596 8373 11557 1580 8374 11558 1480 8375 11559 1456 8376 11560 1596 8377 11561 1596 8378 11562 1456 8379 11563 1597 8380 11564 1597 8381 11565 1456 8382 11566 1461 8383 11567 1597 8384 11568 1461 8385 11569 1581 8386 11570 1467 8387 11571 1587 8388 11572 1461 8389 11573 1461 8390 11574 1587 8391 11575 1581 8392 11576 1587 8393 11577 1467 8394 11578 1586 8395 11579 1586 8396 11580 1467 8397 11581 1479 8398 11582 1758 8399 11583 1871 8400 11584 1885 8401 11585 1758 8402 11586 1885 8403 11587 1780 8404 11588 1872 8405 11589 1760 8406 11590 1885 8407 11591 1885 8408 11592 1760 8409 11593 1780 8410 11594 1760 8411 11595 1872 8412 11596 1756 8413 11597 1870 8414 11598 1779 8415 11599 1756 8416 11600 1870 8417 11601 1756 8418 11602 1872 8419 11603 1779 8420 11604 1870 8421 11605 1868 8422 11606 1779 8423 11607 1868 8424 11608 1762 8425 11609 1868 8426 11610 1871 8427 11611 1762 8428 11612 1762 8429 11613 1871 8430 11614 1758 8431 11615 1634 8432 11616 1647 8433 11617 1635 8434 11618 1634 8435 11619 1635 8436 11620 1645 8437 11621 1645 8438 11622 1635 8439 11623 1660 8440 11624 1660 8441 11625 1686 8442 11626 1645 8443 11627 1686 8444 11628 1660 8445 11629 1708 8446 11630 1686 8447 11631 1708 8448 11632 1718 8449 11633 1718 8450 11634 1708 8451 11635 1701 8452 11636 1718 8453 11637 1701 8454 11638 1687 8455 11639 1647 8456 11640 1687 8457 11641 1701 8458 11642 1634 8459 11643 1687 8460 11644 1647 8461 11645 1700 8462 11646 1694 8463 11647 1717 8464 11648 1717 8465 11649 1694 8466 11650 1707 8467 11651 1658 8468 11652 1685 8469 11653 1707 8470 11654 1707 8471 11655 1685 8472 11656 1717 8473 11657 1685 8474 11658 1658 8475 11659 1659 8476 11660 1659 8477 11661 1658 8478 11662 1640 8479 11663 1659 8480 11664 1640 8481 11665 1633 8482 11666 1640 8483 11667 1632 8484 11668 1633 8485 11669 1669 8486 11670 1670 8487 11671 1633 8488 11672 1669 8489 11673 1633 8490 11674 1632 8491 11675 1670 8492 11676 1669 8493 11677 1694 8494 11678 1670 8495 11679 1694 8496 11680 1700 8497 11681 1630 8498 11682 1668 8499 11683 1631 8500 11684 1630 8501 11685 1631 8502 11686 1644 8503 11687 1644 8504 11688 1631 8505 11689 1657 8506 11690 1683 8507 11691 1682 8508 11692 1657 8509 11693 1657 8510 11694 1682 8511 11695 1644 8512 11696 1682 8513 11697 1683 8514 11698 1716 8515 11699 1682 8516 11700 1716 8517 11701 1715 8518 11702 1715 8519 11703 1716 8520 11704 1668 8521 11705 1715 8522 11706 1668 8523 11707 1684 8524 11708 1630 8525 11709 1684 8526 11710 1668 8527 11711 1699 8528 11712 1693 8529 11713 1714 8530 11714 1699 8531 11715 1714 8532 11716 1698 8533 11717 1691 8534 11718 1698 8535 11719 1714 8536 11720 1698 8537 11721 1691 8538 11722 1656 8539 11723 1656 8540 11724 1691 8541 11725 1639 8542 11726 1656 8543 11727 1639 8544 11728 1629 8545 11729 1629 8546 11730 1639 8547 11731 1628 8548 11732 1666 8549 11733 1667 8550 11734 1629 8551 11735 1666 8552 11736 1629 8553 11737 1628 8554 11738 1667 8555 11739 1666 8556 11740 1693 8557 11741 1667 8558 11742 1693 8559 11743 1699 8560 11744 1554 8561 11745 1446 8561 11746 1546 8561 11747 1546 8562 11748 1446 8562 11749 1445 8562 11750 1546 8563 11751 1445 8563 11752 1488 8563 11753 1555 8564 11754 1478 8564 11755 1554 8564 11756 1554 8565 11757 1478 8565 11758 1446 8565 11759 1478 8566 11760 1555 8566 11761 1471 8566 11762 1471 8567 11763 1555 8567 11764 1552 8567 11765 1471 8568 11766 1552 8568 11767 1485 8568 11768 1873 8569 11769 1799 8569 11770 1869 8569 11771 1869 8570 11772 1799 8570 11773 1745 8570 11774 1869 8571 11775 1801 8571 11776 1860 8571 11777 1869 8572 11778 1745 8572 11779 1801 8572 11780 1900 8573 11781 1800 8573 11782 1873 8573 11783 1873 8574 11784 1800 8574 11785 1799 8574 11786 1800 8575 11787 1900 8575 11788 1796 8575 11789 1796 8576 11790 1900 8576 11791 1867 8576 11792 1796 8577 11793 1805 8577 11794 1732 8577 11795 1796 8578 11796 1867 8578 11797 1805 8578 11798 1823 8579 11799 1818 8579 11800 1830 8579 11801 1823 8580 11802 1830 8580 11803 1827 8580 11804 1827 8581 11805 1830 8581 11806 1832 8581 11807 1827 8582 11808 1832 8582 11809 1828 8582 11810 1828 8583 11811 1832 8583 11812 1820 8583 11813 1828 8584 11814 1820 8584 11815 1824 8584 11816 1824 8585 11817 1820 8585 11818 1812 8585 11819 1824 8586 11820 1812 8586 11821 1815 8586 11822 1815 8587 11823 1812 8587 11824 1808 8587 11825 1815 8588 11826 1808 8588 11827 1816 8588 11828 1816 8589 11829 1808 8589 11830 1810 8589 11831 1816 8590 11832 1810 8590 11833 1823 8590 11834 1823 8591 11835 1810 8591 11836 1818 8591 11837 1820 8592 11838 1879 8593 11839 1812 8594 11840 1812 8595 11841 1879 8596 11842 1808 8597 11843 1808 8598 11844 1879 8599 11845 1875 8600 11846 1808 8601 11847 1875 8602 11848 1810 8603 11849 1810 8604 11850 1875 8605 11851 1877 8606 11852 1810 8607 11853 1877 8608 11854 1818 8609 11855 1818 8610 11856 1877 8611 11857 1881 8612 11858 1818 8613 11859 1881 8614 11860 1830 8615 11861 1830 8616 11862 1881 8617 11863 1832 8618 11864 1832 8619 11865 1881 8620 11866 1886 8621 11867 1832 8622 11868 1886 8623 11869 1883 8624 11870 1832 8625 11871 1883 8626 11872 1820 8627 11873 1820 8628 11874 1883 8629 11875 1879 8630 11876 1846 8631 11877 1842 8631 11878 1853 8631 11879 1846 8632 11880 1853 8632 11881 1850 8632 11882 1850 8633 11883 1853 8633 11884 1857 8633 11885 1850 8634 11886 1857 8634 11887 1851 8634 11888 1851 8635 11889 1857 8635 11890 1845 8635 11891 1851 8636 11892 1845 8636 11893 1847 8636 11894 1847 8637 11895 1845 8637 11896 1837 8637 11897 1847 8638 11898 1837 8638 11899 1839 8638 11900 1839 8639 11901 1837 8639 11902 1833 8639 11903 1839 8640 11904 1833 8640 11905 1841 8640 11906 1841 8641 11907 1833 8641 11908 1836 8641 11909 1841 8642 11910 1836 8642 11911 1846 8642 11912 1846 8643 11913 1836 8643 11914 1842 8643 11915 1845 8644 11916 1892 8645 11917 1837 8646 11918 1837 8647 11919 1892 8648 11920 1888 8649 11921 1837 8650 11922 1888 8651 11923 1833 8652 11924 1833 8653 11925 1888 8654 11926 1886 8655 11927 1833 8656 11928 1886 8657 11929 1836 8658 11930 1836 8659 11931 1886 8660 11932 1890 8661 11933 1836 8662 11934 1890 8663 11935 1842 8664 11936 1842 8665 11937 1890 8666 11938 1893 8667 11939 1842 8668 11940 1893 8669 11941 1853 8670 11942 1853 8671 11943 1893 8672 11944 1897 8673 11945 1853 8674 11946 1897 8675 11947 1857 8676 11948 1857 8677 11949 1897 8678 11950 1899 8679 11951 1857 8680 11952 1899 8681 11953 1845 8682 11954 1845 8683 11955 1899 8684 11956 1895 8685 11957 1845 8686 11958 1895 8687 11959 1892 8688 11960 1809 8689 11961 1817 8689 11962 1821 8689 11963 1821 8690 11964 1817 8690 11965 1829 8690 11966 1821 8691 11967 1829 8691 11968 1825 8691 11969 1825 8692 11970 1829 8692 11971 1831 8692 11972 1825 8693 11973 1831 8693 11974 1826 8693 11975 1826 8694 11976 1831 8694 11977 1819 8694 11978 1826 8695 11979 1819 8695 11980 1822 8695 11981 1822 8696 11982 1819 8696 11983 1811 8696 11984 1822 8697 11985 1811 8697 11986 1813 8697 11987 1813 8698 11988 1811 8698 11989 1807 8698 11990 1813 8699 11991 1807 8699 11992 1814 8699 11993 1814 8700 11994 1807 8700 11995 1809 8700 11996 1814 8701 11997 1809 8701 11998 1821 8701 11999 1819 8702 12000 1878 8703 12001 1811 8704 12002 1811 8705 12003 1878 8706 12004 1807 8707 12005 1807 8708 12006 1878 8709 12007 1874 8710 12008 1807 8711 12009 1874 8712 12010 1809 8713 12011 1809 8714 12012 1874 8715 12013 1876 8716 12014 1809 8717 12015 1876 8718 12016 1817 8719 12017 1817 8720 12018 1876 8721 12019 1880 8722 12020 1817 8723 12021 1880 8724 12022 1829 8725 12023 1829 8726 12024 1880 8727 12025 1884 8728 12026 1829 8729 12027 1884 8730 12028 1831 8731 12029 1831 8732 12030 1884 8733 12031 1887 8734 12032 1831 8735 12033 1887 8736 12034 1882 8737 12035 1831 8738 12036 1882 8739 12037 1819 8740 12038 1819 8741 12039 1882 8742 12040 1878 8743 12041 1835 8744 12042 1843 8744 12043 1848 8744 12044 1848 8745 12045 1843 8745 12046 1854 8745 12047 1848 8746 12048 1854 8746 12049 1852 8746 12050 1852 8747 12051 1854 8747 12052 1856 8747 12053 1852 8748 12054 1856 8748 12055 1849 8748 12056 1849 8749 12057 1856 8749 12058 1855 8749 12059 1849 8750 12060 1855 8750 12061 1838 8750 12062 1849 8751 12063 1838 8751 12064 1844 8751 12065 1844 8752 12066 1838 8752 12067 1834 8752 12068 1844 8753 12069 1834 8753 12070 1840 8753 12071 1840 8754 12072 1834 8754 12073 1835 8754 12074 1840 8755 12075 1835 8755 12076 1848 8755 12077 1838 8756 12078 1891 8757 12079 1834 8758 12080 1834 8759 12081 1891 8760 12082 1887 8761 12083 1834 8762 12084 1887 8763 12085 1835 8764 12086 1835 8765 12087 1887 8766 12088 1889 8767 12089 1835 8768 12090 1889 8769 12091 1843 8770 12092 1843 8771 12093 1889 8772 12094 1894 8773 12095 1843 8774 12096 1894 8775 12097 1854 8776 12098 1854 8777 12099 1894 8778 12100 1898 8779 12101 1854 8780 12102 1898 8781 12103 1856 8782 12104 1856 8783 12105 1898 8784 12106 1896 8785 12107 1856 8786 12108 1896 8787 12109 1855 8788 12110 1855 8789 12111 1896 8790 12112 1838 8791 12113 1838 8792 12114 1896 8793 12115 1891 8794 12116 1509 8795 12117 1511 8795 12118 1517 8795 12119 1509 8796 12120 1517 8796 12121 1515 8796 12122 1515 8797 12123 1517 8797 12124 1519 8797 12125 1515 8798 12126 1519 8798 12127 1513 8798 12128 1513 8799 12129 1519 8799 12130 1507 8799 12131 1513 8800 12132 1507 8800 12133 1505 8800 12134 1505 8801 12135 1507 8801 12136 1501 8801 12137 1505 8802 12138 1501 8802 12139 1503 8802 12140 1503 8803 12141 1501 8803 12142 1497 8803 12143 1503 8804 12144 1497 8804 12145 1499 8804 12146 1503 8805 12147 1499 8805 12148 1509 8805 12149 1509 8806 12150 1499 8806 12151 1511 8806 12152 1507 8807 12153 1455 8808 12154 1501 8809 12155 1501 8810 12156 1455 8811 12157 1451 8812 12158 1501 8813 12159 1451 8814 12160 1497 8815 12161 1497 8816 12162 1451 8817 12163 1448 8818 12164 1497 8819 12165 1448 8820 12166 1450 8821 12167 1497 8822 12168 1450 8823 12169 1499 8824 12170 1499 8825 12171 1450 8826 12172 1453 8827 12173 1499 8828 12174 1453 8829 12175 1511 8830 12176 1511 8831 12177 1453 8832 12178 1458 8833 12179 1511 8834 12180 1458 8835 12181 1517 8836 12182 1517 8837 12183 1458 8838 12184 1462 8839 12185 1517 8840 12186 1462 8841 12187 1519 8842 12188 1519 8843 12189 1462 8844 12190 1460 8845 12191 1519 8846 12192 1460 8847 12193 1507 8848 12194 1507 8849 12195 1460 8850 12196 1455 8851 12197 1532 8852 12198 1534 8852 12199 1541 8852 12200 1532 8853 12201 1541 8853 12202 1538 8853 12203 1538 8854 12204 1541 8854 12205 1543 8854 12206 1538 8855 12207 1543 8855 12208 1536 8855 12209 1536 8856 12210 1543 8856 12211 1531 8856 12212 1536 8857 12213 1531 8857 12214 1529 8857 12215 1529 8858 12216 1531 8858 12217 1525 8858 12218 1529 8859 12219 1525 8859 12220 1527 8859 12221 1527 8860 12222 1525 8860 12223 1520 8860 12224 1527 8861 12225 1520 8861 12226 1522 8861 12227 1527 8862 12228 1522 8862 12229 1532 8862 12230 1532 8863 12231 1522 8863 12232 1534 8863 12233 1531 8864 12234 1470 8865 12235 1525 8866 12236 1525 8867 12237 1470 8868 12238 1464 8869 12239 1525 8870 12240 1464 8871 12241 1520 8872 12242 1520 8873 12243 1464 8874 12244 1462 8875 12245 1520 8876 12246 1462 8877 12247 1522 8878 12248 1522 8879 12249 1462 8880 12250 1466 8881 12251 1522 8882 12252 1466 8883 12253 1469 8884 12254 1522 8885 12255 1469 8886 12256 1534 8887 12257 1534 8888 12258 1469 8889 12259 1474 8890 12260 1534 8891 12261 1474 8892 12262 1541 8893 12263 1541 8894 12264 1474 8895 12265 1476 8896 12266 1541 8897 12267 1476 8898 12268 1543 8899 12269 1543 8900 12270 1476 8901 12271 1531 8902 12272 1531 8903 12273 1476 8904 12274 1470 8905 12275 1508 8906 12276 1510 8906 12277 1516 8906 12278 1508 8907 12279 1516 8907 12280 1514 8907 12281 1514 8908 12282 1516 8908 12283 1518 8908 12284 1514 8909 12285 1518 8909 12286 1512 8909 12287 1512 8910 12288 1518 8910 12289 1506 8910 12290 1512 8911 12291 1506 8911 12292 1504 8911 12293 1504 8912 12294 1506 8912 12295 1500 8912 12296 1504 8913 12297 1500 8913 12298 1502 8913 12299 1502 8914 12300 1500 8914 12301 1496 8914 12302 1502 8915 12303 1496 8915 12304 1498 8915 12305 1502 8916 12306 1498 8916 12307 1508 8916 12308 1508 8917 12309 1498 8917 12310 1510 8917 12311 1506 8918 12312 1452 8919 12313 1500 8920 12314 1500 8921 12315 1452 8922 12316 1496 8923 12317 1496 8924 12318 1452 8925 12319 1447 8926 12320 1496 8927 12321 1447 8928 12322 1449 8929 12323 1496 8930 12324 1449 8931 12325 1498 8932 12326 1498 8933 12327 1449 8934 12328 1454 8935 12329 1498 8936 12330 1454 8937 12331 1510 8938 12332 1510 8939 12333 1454 8940 12334 1457 8941 12335 1510 8942 12336 1457 8943 12337 1516 8944 12338 1516 8945 12339 1457 8946 12340 1463 8947 12341 1516 8948 12342 1463 8949 12343 1518 8950 12344 1518 8951 12345 1463 8952 12346 1459 8953 12347 1518 8954 12348 1459 8955 12349 1506 8956 12350 1506 8957 12351 1459 8958 12352 1452 8959 12353 1533 8960 12354 1535 8960 12355 1542 8960 12356 1533 8961 12357 1542 8961 12358 1539 8961 12359 1539 8962 12360 1542 8962 12361 1544 8962 12362 1539 8963 12363 1544 8963 12364 1537 8963 12365 1537 8964 12366 1544 8964 12367 1540 8964 12368 1537 8965 12369 1540 8965 12370 1526 8965 12371 1537 8966 12372 1526 8966 12373 1530 8966 12374 1530 8967 12375 1526 8967 12376 1523 8967 12377 1530 8968 12378 1523 8968 12379 1528 8968 12380 1528 8969 12381 1523 8969 12382 1521 8969 12383 1528 8970 12384 1521 8970 12385 1524 8970 12386 1528 8971 12387 1524 8971 12388 1533 8971 12389 1533 8972 12390 1524 8972 12391 1535 8972 12392 1526 8973 12393 1473 8974 12394 1468 8975 12395 1526 8976 12396 1468 8977 12397 1523 8978 12398 1523 8979 12399 1468 8980 12400 1463 8981 12401 1523 8982 12402 1463 8983 12403 1521 8984 12404 1521 8985 12405 1463 8986 12406 1465 8987 12407 1521 8988 12408 1465 8989 12409 1524 8990 12410 1524 8991 12411 1465 8992 12412 1535 8993 12413 1535 8994 12414 1465 8995 12415 1472 8996 12416 1535 8997 12417 1472 8998 12418 1542 8999 12419 1542 9000 12420 1472 9001 12421 1475 9002 12422 1542 9003 12423 1475 9004 12424 1544 9005 12425 1544 9006 12426 1475 9007 12427 1477 9008 12428 1544 9009 12429 1477 9010 12430 1540 9011 12431 1540 9012 12432 1477 9013 12433 1473 9014 12434 1540 9015 12435 1473 9016 12436 1526 9017 12437</p>
        </triangles>
        <triangles material="Shape_009-material" count="998">
          <input semantic="VERTEX" source="#Shape_IndexedFaceSet_006-mesh-vertices" offset="0"/>
          <input semantic="NORMAL" source="#Shape_IndexedFaceSet_006-mesh-normals" offset="1"/>
          <input semantic="TEXCOORD" source="#Shape_IndexedFaceSet_006-mesh-map-0" offset="2" set="0"/>
          <p>2030 9018 12438 1993 9019 12439 1986 9020 12440 2030 9021 12441 1986 9022 12442 2029 9023 12443 2029 9024 12444 1986 9025 12445 1984 9026 12446 2029 9027 12447 1984 9028 12448 2021 9029 12449 2021 9030 12450 1984 9031 12451 2050 9032 12452 2050 9033 12453 1984 9034 12454 1989 9035 12455 2050 9036 12456 1989 9037 12457 1995 9038 12458 2050 9039 12459 1995 9040 12460 2023 9041 12461 1993 9042 12462 2030 9043 12463 2023 9044 12464 1993 9045 12465 2023 9046 12466 1995 9047 12467 2031 9048 12468 1968 9049 12469 1960 9050 12470 2031 9051 12471 1960 9052 12472 2026 9053 12473 2026 9054 12474 1960 9055 12475 1958 9056 12476 2026 9057 12477 1958 9058 12478 2016 9059 12479 2016 9060 12480 1958 9061 12481 2047 9062 12482 2047 9063 12483 1958 9064 12484 1964 9065 12485 2047 9066 12486 1964 9067 12487 1970 9068 12488 2047 9069 12489 1970 9070 12490 2018 9071 12491 2031 9072 12492 2018 9073 12493 1968 9074 12494 1968 9075 12495 2018 9076 12496 1970 9077 12497 2033 9078 12498 1992 9079 12499 1985 9080 12500 2033 9081 12501 1985 9082 12502 2028 9083 12503 2028 9084 12504 1985 9085 12505 1983 9086 12506 2028 9087 12507 1983 9088 12508 2020 9089 12509 2020 9090 12510 1983 9091 12511 2049 9092 12512 2049 9093 12513 1983 9094 12514 1988 9095 12515 2049 9096 12516 1988 9097 12517 1994 9098 12518 2049 9099 12519 1994 9100 12520 2022 9101 12521 2033 9102 12522 2022 9103 12523 1992 9104 12524 1992 9105 12525 2022 9106 12526 1994 9107 12527 2032 9108 12528 1969 9109 12529 1961 9110 12530 2032 9111 12531 1961 9112 12532 2027 9113 12533 2027 9114 12534 1961 9115 12535 1959 9116 12536 2027 9117 12537 1959 9118 12538 2017 9119 12539 2017 9120 12540 1959 9121 12541 2048 9122 12542 2048 9123 12543 1959 9124 12544 1965 9125 12545 2048 9126 12546 1965 9127 12547 1971 9128 12548 2048 9129 12549 1971 9130 12550 2019 9131 12551 2032 9132 12552 2019 9133 12553 1969 9134 12554 1969 9135 12555 2019 9136 12556 1971 9137 12557 2225 9138 12558 2300 9139 12559 2232 9140 12560 2232 9141 12561 2300 9142 12562 2296 9143 12563 2296 9144 12564 2247 9145 12565 2232 9146 12566 2247 9147 12567 2296 9148 12568 2224 9149 12569 2224 9150 12570 2296 9151 12571 2304 9152 12572 2224 9153 12573 2304 9154 12574 2236 9155 12575 2236 9156 12576 2304 9157 12577 2308 9158 12578 2305 9159 12579 2249 9160 12580 2308 9161 12581 2308 9162 12582 2249 9163 12583 2236 9164 12584 2305 9165 12585 2225 9166 12586 2249 9167 12587 2300 9168 12588 2225 9169 12589 2305 9170 12590 2219 9171 12591 2278 9172 12592 2269 9173 12593 2219 9174 12594 2269 9175 12595 2240 9176 12596 2240 9177 12597 2269 9178 12598 2270 9179 12599 2240 9180 12600 2270 9181 12601 2229 9182 12602 2229 9183 12603 2270 9184 12604 2277 9185 12605 2229 9186 12606 2277 9187 12607 2218 9188 12608 2218 9189 12609 2277 9190 12610 2281 9191 12611 2218 9192 12612 2281 9193 12613 2244 9194 12614 2282 9195 12615 2244 9196 12616 2281 9197 12617 2282 9198 12618 2226 9199 12619 2244 9200 12620 2278 9201 12621 2226 9202 12622 2282 9203 12623 2278 9204 12624 2219 9205 12625 2226 9206 12626 2223 9207 12627 2303 9208 12628 2295 9209 12629 2295 9210 12630 2246 9211 12631 2223 9212 12632 2246 9213 12633 2295 9214 12634 2297 9215 12635 2246 9216 12636 2297 9217 12637 2231 9218 12638 2231 9219 12639 2297 9220 12640 2302 9221 12641 2231 9222 12642 2302 9223 12643 2222 9224 12644 2222 9225 12645 2302 9226 12646 2306 9227 12647 2222 9228 12648 2306 9229 12649 2248 9230 12650 2307 9231 12651 2248 9232 12652 2306 9233 12653 2307 9234 12654 2228 9235 12655 2248 9236 12656 2303 9237 12657 2228 9238 12658 2307 9239 12659 2303 9240 12660 2223 9241 12661 2228 9242 12662 2221 9243 12663 2280 9244 12664 2271 9245 12665 2221 9246 12666 2271 9247 12667 2241 9248 12668 2241 9249 12669 2271 9250 12670 2272 9251 12671 2241 9252 12672 2272 9253 12673 2230 9254 12674 2230 9255 12675 2272 9256 12676 2279 9257 12677 2230 9258 12678 2279 9259 12679 2220 9260 12680 2220 9261 12681 2279 9262 12682 2283 9263 12683 2220 9264 12684 2283 9265 12685 2245 9266 12686 2284 9267 12687 2245 9268 12688 2283 9269 12689 2284 9270 12690 2227 9271 12691 2245 9272 12692 2280 9273 12693 2227 9274 12694 2284 9275 12695 2280 9276 12696 2221 9277 12697 2227 9278 12698 1917 9279 12699 1918 9279 12700 1920 9279 12701 1917 9280 12702 1907 9280 12703 1911 9280 12704 1901 9281 12705 1904 9281 12706 1907 9281 12707 1917 9282 12708 1911 9282 12709 1916 9282 12710 1917 9283 12711 1920 9283 12712 1923 9283 12713 1923 9284 12714 1920 9284 12715 1926 9284 12716 1916 9285 12717 1918 9285 12718 1917 9285 12719 1932 9286 12720 1934 9286 12721 1927 9286 12722 1917 9287 12723 1912 9287 12724 1907 9287 12725 1912 9288 12726 1901 9288 12727 1907 9288 12728 1904 9289 12729 1901 9289 12730 1902 9289 12731 1904 9290 12732 1902 9290 12733 1906 9290 12734 1933 4391 12735 1932 4391 12736 1929 4391 12737 1929 9291 12738 1932 9291 12739 1930 9291 12740 1913 9292 12741 1921 9292 12742 1919 9292 12743 1915 4391 12744 1919 4391 12745 1924 4391 12746 1932 9293 12747 1933 9293 12748 1934 9293 12749 1934 9294 12750 1933 9294 12751 1931 9294 12752 1903 9295 12753 1908 9295 12754 1909 9295 12755 1903 9296 12756 1909 9296 12757 1906 9296 12758 1903 9297 12759 1906 9297 12760 1902 9297 12761 1923 9298 12762 1926 9298 12763 1932 9298 12764 1923 9299 12765 1932 9299 12766 1927 9299 12767 1915 9300 12768 1925 9300 12769 1914 9300 12770 1914 4391 12771 1925 4391 12772 1922 4391 12773 1914 4391 12774 1922 4391 12775 1918 4391 12776 1902 9301 12777 1905 9301 12778 1903 9301 12779 1934 9302 12780 1931 9302 12781 1928 9302 12782 1934 9303 12783 1921 9303 12784 1913 9303 12785 1915 4391 12786 1914 4391 12787 1908 4391 12788 1908 9304 12789 1914 9304 12790 1909 9304 12791 1915 4391 12792 1924 4391 12793 1925 4391 12794 1925 9305 12795 1924 9305 12796 1929 9305 12797 1925 4391 12798 1929 4391 12799 1930 4391 12800 1902 9306 12801 1910 9306 12802 1905 9306 12803 1934 9307 12804 1928 9307 12805 1921 9307 12806 1934 9308 12807 1913 9308 12808 1902 9308 12809 1902 9309 12810 1913 9309 12811 1910 9309 12812 2119 9310 12813 2090 9310 12814 2127 9310 12815 2119 9311 12816 2127 9311 12817 2168 9311 12818 2010 9312 12819 2114 9312 12820 2090 9312 12821 2255 9313 12822 2175 9313 12823 2143 9313 12824 2255 9314 12825 2143 9314 12826 2010 9314 12827 2010 9315 12828 2143 9315 12829 2114 9315 12830 2160 9316 12831 2168 9316 12832 2256 9316 12833 2094 9317 12834 2105 9317 12835 2011 9317 12836 2256 9318 12837 2175 9318 12838 2255 9318 12839 2010 9319 12840 2094 9319 12841 2011 9319 12842 2090 9320 12843 2119 9320 12844 2010 9320 12845 2010 9321 12846 2119 9321 12847 2094 9321 12848 2011 9322 12849 2105 9322 12850 2256 9322 12851 2256 9323 12852 2105 9323 12853 2160 9323 12854 2168 9324 12855 2127 9324 12856 2256 9324 12857 2256 9325 12858 2127 9325 12859 2175 9325 12860 2341 9326 12861 2337 9326 12862 2328 9326 12863 2328 9327 12864 2337 9327 12865 2333 9327 12866 2346 9328 12867 2342 9328 12868 2341 9328 12869 2327 9329 12870 2354 9329 12871 2341 9329 12872 2341 9330 12873 2354 9330 12874 2349 9330 12875 2344 5259 12876 2339 5259 12877 2342 5259 12878 2341 9331 12879 2349 9331 12880 2346 9331 12881 2352 5259 12882 2355 5259 12883 2348 5259 12884 2357 5259 12885 2353 5259 12886 2355 5259 12887 2342 9332 12888 2337 9332 12889 2341 9332 12890 2340 5259 12891 2345 5259 12892 2343 5259 12893 2356 9333 12894 2323 9333 12895 2357 9333 12896 2356 5259 12897 2357 5259 12898 2355 5259 12899 2356 9334 12900 2355 9334 12901 2352 9334 12902 2354 9335 12903 2327 9335 12904 2323 9335 12905 2356 9336 12906 2354 9336 12907 2323 9336 12908 2330 9337 12909 2329 9337 12910 2325 9337 12911 2330 9338 12912 2325 9338 12913 2331 9338 12914 2343 9339 12915 2347 9339 12916 2338 9339 12917 2338 9340 12918 2347 9340 12919 2357 9340 12920 2357 9341 12921 2347 9341 12922 2351 9341 12923 2329 9342 12924 2330 9342 12925 2334 9342 12926 2357 9343 12927 2351 9343 12928 2353 9343 12929 2325 9344 12930 2333 9344 12931 2331 9344 12932 2329 5259 12933 2334 5259 12934 2357 5259 12935 2357 9345 12936 2334 9345 12937 2338 9345 12938 2345 9346 12939 2340 9346 12940 2339 9346 12941 2339 9347 12942 2340 9347 12943 2336 9347 12944 2336 9348 12945 2335 9348 12946 2339 9348 12947 2335 9349 12948 2336 9349 12949 2332 9349 12950 2330 9350 12951 2331 9350 12952 2335 9350 12953 2330 9351 12954 2335 9351 12955 2332 9351 12956 2345 5259 12957 2339 5259 12958 2350 5259 12959 2328 9352 12960 2333 9352 12961 2325 9352 12962 2355 9353 12963 2350 9353 12964 2348 9353 12965 2348 9354 12966 2350 9354 12967 2339 9354 12968 2348 9355 12969 2339 9355 12970 2344 9355 12971 2075 9356 12972 2082 9356 12973 2061 9356 12974 2136 9357 12975 2146 9357 12976 2082 9357 12977 2136 9358 12978 2082 9358 12979 2075 9358 12980 2188 9359 12981 2170 9359 12982 2136 9359 12983 2136 9360 12984 2170 9360 12985 2146 9360 12986 2061 9361 12987 2082 9361 12988 2008 9361 12989 2024 9362 12990 2061 9362 12991 2008 9362 12992 2011 9363 12993 2072 9363 12994 2063 9363 12995 2205 9364 12996 2252 9364 12997 2170 9364 12998 2071 9365 12999 2062 9365 13000 2051 9365 13001 2051 9366 13002 2062 9366 13003 2024 9366 13004 2063 9367 13005 2025 9367 13006 2011 9367 13007 2011 9368 13008 2025 9368 13009 2008 9368 13010 2008 9369 13011 2025 9369 13012 2051 9369 13013 2008 9370 13014 2051 9370 13015 2024 9370 13016 2256 9371 13017 2181 9371 13018 2139 9371 13019 2256 9372 13020 2139 9372 13021 2011 9372 13022 2011 9373 13023 2139 9373 13024 2072 9373 13025 2205 9374 13026 2170 9374 13027 2188 9374 13028 2206 9375 13029 2239 9375 13030 2252 9375 13031 2252 9376 13032 2239 9376 13033 2256 9376 13034 2256 9377 13035 2239 9377 13036 2201 9377 13037 2256 9378 13038 2201 9378 13039 2181 9378 13040 2206 9379 13041 2200 9379 13042 2179 9379 13043 2205 9380 13044 2238 9380 13045 2252 9380 13046 2252 9381 13047 2238 9381 13048 2206 9381 13049 2206 9382 13050 2238 9382 13051 2200 9382 13052 2051 9383 13053 2076 9383 13054 2071 9383 13055 2179 9384 13056 2180 9384 13057 2206 9384 13058 2180 9385 13059 2179 9385 13060 2138 9385 13061 2138 9386 13062 2179 9386 13063 2137 9386 13064 2138 9387 13065 2137 9387 13066 2076 9387 13067 2076 9388 13068 2137 9388 13069 2084 9388 13070 2076 9389 13071 2084 9389 13072 2071 9389 13073 2137 9390 13074 2152 9391 13075 2128 9392 13076 2133 9393 13077 2149 9394 13078 2166 9395 13079 2166 9396 13080 2167 9397 13081 2179 9398 13082 2167 9399 13083 2152 9400 13084 2179 9401 13085 2126 9402 13086 2167 9403 13087 2166 9404 13088 2179 9405 13089 2152 9406 13090 2137 9407 13091 2126 9408 13092 2117 9409 13093 2167 9410 13094 2137 9411 13095 2128 9412 13096 2084 9413 13097 2084 9414 13098 2128 9415 13099 2091 9416 13100 2117 9417 13101 2087 9418 13102 2091 9419 13103 2091 9420 13104 2087 9421 13105 2081 9422 13106 2081 9423 13107 2087 9424 13108 2098 9425 13109 2117 9426 13110 2126 9427 13111 2087 9428 13112 2081 9429 13113 2098 9430 13114 2133 9431 13115 2133 9432 13116 2098 9433 13117 2149 9434 13118 2238 9435 13119 2228 9436 13120 2200 9437 13121 2200 9438 13122 2228 9439 13123 2223 9440 13124 2200 9441 13125 2223 9442 13126 2227 9443 13127 2248 9444 13128 2228 9445 13129 2238 9446 13130 2222 9447 13131 2248 9448 13132 2238 9449 13133 2230 9450 13134 2220 9451 13135 2209 9452 13136 2220 9453 13137 2231 9454 13138 2222 9455 13139 2220 9456 13140 2222 9457 13141 2205 9458 13142 2205 9459 13143 2222 9460 13144 2238 9461 13145 2245 9462 13146 2246 9463 13147 2220 9464 13148 2220 9465 13149 2246 9466 13150 2231 9467 13151 2223 9468 13152 2246 9469 13153 2227 9470 13154 2227 9471 13155 2246 9472 13156 2245 9473 13157 2048 9474 13158 2049 9475 13159 2062 9476 13160 2062 9477 13161 2049 9478 13162 2024 9479 13163 2024 9480 13164 2049 9481 13165 2022 9482 13166 2019 9483 13167 2020 9484 13168 2049 9485 13169 2019 9486 13170 2049 9487 13171 2048 9488 13172 2020 9489 13173 2019 9490 13174 2028 9491 13175 2032 9492 13176 2028 9493 13177 2019 9494 13178 2024 9495 13179 2033 9496 13180 2061 9497 13181 2061 9498 13182 2033 9499 13183 2032 9500 13184 2033 9501 13185 2028 9502 13186 2032 9503 13187 2060 9504 13188 2032 9505 13189 2027 9506 13190 2027 9507 13191 2014 9508 13192 2060 9509 13193 2022 9510 13194 2033 9511 13195 2024 9512 13196 2241 9513 13197 2230 9514 13198 2209 9515 13199 2221 9516 13200 2241 9517 13201 2204 9518 13202 2204 9519 13203 2241 9520 13204 2209 9521 13205 2045 9522 13206 2017 9523 13207 2048 9524 13208 2014 9525 13209 2027 9526 13210 2017 9527 13211 2014 9528 13212 2017 9529 13213 2045 9530 13214 2061 9531 13215 2032 9532 13216 2060 9533 13217 2061 9534 13218 2060 9535 13219 2069 9536 13220 2061 9537 13221 2069 9538 13222 2075 9539 13223 2075 9540 13224 2069 9541 13225 2083 9542 13226 2075 9543 13227 2083 9544 13228 2136 9545 13229 2136 7193 13230 2083 7194 13231 2178 7195 13232 2136 9546 13233 2178 9547 13234 2188 9548 13235 2188 9549 13236 2178 9550 13237 2199 9551 13238 2188 9552 13239 2199 9553 13240 2205 9554 13241 2205 7205 13242 2199 7206 13243 2209 7207 13244 2205 9555 13245 2209 9556 13246 2220 9557 13247 2227 9558 13248 2221 9559 13249 2200 9560 13250 2200 9561 13251 2221 9562 13252 2204 9563 13253 2200 9564 13254 2204 9565 13255 2191 9566 13256 2200 9567 13257 2191 9568 13258 2179 9569 13259 2179 9570 13260 2191 9571 13261 2133 9572 13262 2179 9573 13263 2133 9574 13264 2166 9575 13265 2084 9576 13266 2091 9577 13267 2081 9578 13268 2084 9579 13269 2081 9580 13270 2071 9581 13271 2071 9582 13272 2081 9583 13273 2064 9584 13274 2071 9585 13275 2064 9586 13276 2062 9587 13277 2062 9588 13278 2064 9589 13279 2045 9590 13280 2062 9591 13281 2045 9592 13282 2048 9593 13283 2135 9594 13284 2142 9595 13285 2174 9596 13286 2176 9597 13287 2145 9598 13288 2181 9599 13289 2181 9600 13290 2145 9601 13291 2139 9602 13292 2144 9603 13293 2176 9604 13294 2151 9605 13295 2151 9606 13296 2176 9607 13297 2174 9608 13298 2174 9609 13299 2176 9610 13300 2181 9611 13301 2144 9612 13302 2116 9613 13303 2103 9614 13304 2144 9615 13305 2151 9616 13306 2116 9617 13307 2139 9618 13308 2145 9619 13309 2093 9620 13310 2139 9621 13311 2093 9622 13312 2072 9623 13313 2103 9624 13314 2116 9625 13315 2093 9626 13316 2093 9627 13317 2116 9628 13318 2089 9629 13319 2093 9630 13320 2089 9631 13321 2072 9632 13322 2089 9633 13323 2102 9634 13324 2074 9635 13325 2088 9636 13326 2115 9637 13327 2118 9638 13328 2134 9639 13329 2125 9640 13330 2070 9641 13331 2070 9642 13332 2125 9643 13333 2088 9644 13334 2088 9645 13335 2118 9646 13336 2092 9647 13337 2088 9648 13338 2092 9649 13339 2070 9650 13340 2076 9651 13341 2092 9652 13342 2129 9653 13343 2076 9654 13344 2129 9655 13345 2138 9656 13346 2118 9657 13347 2115 9658 13348 2157 9659 13349 2118 9660 13350 2157 9661 13351 2158 9662 13352 2138 9663 13353 2129 9664 13354 2159 9665 13355 2138 9666 13356 2159 9667 13357 2180 9668 13358 2158 9669 13359 2157 9670 13360 2159 9671 13361 2159 9672 13362 2157 9673 13363 2180 9674 13364 2134 9675 13365 2157 9676 13366 2156 9677 13367 2074 9678 13368 2102 9679 13369 2135 9680 13370 2135 9681 13371 2102 9682 13372 2142 9683 13373 2134 9684 13374 2156 9685 13375 2125 9686 13376 2239 9687 13377 2225 9688 13378 2201 9689 13379 2201 9690 13380 2225 9691 13381 2226 9692 13382 2226 9693 13383 2225 9694 13384 2232 9695 13385 2219 9696 13386 2237 9697 13387 2193 9698 13388 2239 9699 13389 2249 9700 13390 2225 9701 13391 2239 9702 13392 2236 9703 13393 2249 9704 13394 2229 9705 13395 2218 9706 13396 2192 9707 13397 2237 9708 13398 2229 9709 13399 2192 9710 13400 2218 9711 13401 2224 9712 13402 2206 9713 13403 2206 9714 13404 2224 9715 13405 2236 9716 13406 2206 9717 13407 2236 9718 13408 2239 9719 13409 2244 9720 13410 2247 9721 13411 2218 9722 13412 2218 9723 13413 2247 9724 13414 2224 9725 13415 2232 9726 13416 2247 9727 13417 2226 9728 13418 2226 9729 13419 2247 9730 13420 2244 9731 13421 2047 9732 13422 2050 9733 13423 2063 9734 13424 2063 9735 13425 2050 9736 13426 2025 9737 13427 2025 9738 13428 2050 9739 13429 2023 9740 13430 2018 9741 13431 2021 9742 13432 2050 9743 13433 2018 9744 13434 2050 9745 13435 2047 9746 13436 2021 9747 13437 2018 9748 13438 2029 9749 13439 2031 9750 13440 2029 9751 13441 2018 9752 13442 2051 9753 13443 2030 9754 13444 2031 9755 13445 2030 9756 13446 2029 9757 13447 2031 9758 13448 2046 9759 13449 2031 9760 13450 2026 9761 13451 2025 9762 13452 2023 9763 13453 2051 9764 13454 2051 9765 13455 2023 9766 13456 2030 9767 13457 2240 9768 13458 2229 9769 13459 2237 9770 13460 2219 9771 13461 2240 9772 13462 2237 9773 13463 2015 9774 13464 2016 9775 13465 2047 9776 13466 2046 9777 13467 2026 9778 13468 2015 9779 13469 2015 9780 13470 2026 9781 13471 2016 9782 13472 2051 9783 13473 2031 9784 13474 2046 9785 13475 2051 9786 13476 2046 9787 13477 2070 9788 13478 2051 9789 13479 2070 9790 13480 2076 9791 13481 2076 9792 13482 2070 9793 13483 2092 9794 13484 2180 9795 13485 2157 9796 13486 2134 9797 13487 2180 9798 13488 2134 9799 13489 2192 9800 13490 2180 9801 13491 2192 9802 13492 2206 9803 13493 2206 9804 13494 2192 9805 13495 2218 9806 13496 2226 9807 13497 2219 9808 13498 2201 9809 13499 2201 9810 13500 2219 9811 13501 2193 9812 13502 2201 9813 13503 2193 9814 13504 2181 9815 13505 2181 9816 13506 2193 9817 13507 2135 9818 13508 2181 9819 13509 2135 9820 13510 2174 9821 13511 2072 9822 13512 2089 9823 13513 2074 9824 13514 2072 9825 13515 2074 9826 13516 2065 9827 13517 2072 9828 13518 2065 9829 13519 2063 9830 13520 2063 9831 13521 2065 9832 13522 2015 9833 13523 2063 9834 13524 2015 9835 13525 2047 9836 13526 2122 9837 13527 2199 9837 13528 2178 9837 13529 2122 9838 13530 2083 9838 13531 2069 9838 13532 2122 9839 13533 2069 9839 13534 2066 9839 13535 2083 9840 13536 2122 9840 13537 2178 9840 13538 2199 9841 13539 2122 9841 13540 2173 9841 13541 2193 9842 13542 2237 9842 13543 2255 9842 13544 2255 9843 13545 2237 9843 13546 2202 9843 13547 2202 9844 13548 2237 9844 13549 2192 9844 13550 2255 9845 13551 2135 9845 13552 2193 9845 13553 2199 9846 13554 2173 9846 13555 2202 9846 13556 2199 9847 13557 2202 9847 13558 2209 9847 13559 2015 9848 13560 2065 9848 13561 2010 9848 13562 2135 9849 13563 2255 9849 13564 2010 9849 13565 2135 9850 13566 2010 9850 13567 2074 9850 13568 2014 9851 13569 2045 9851 13570 2046 9851 13571 2046 9852 13572 2045 9852 13573 2064 9852 13574 2065 9853 13575 2074 9853 13576 2010 9853 13577 2192 9854 13578 2191 9854 13579 2204 9854 13580 2002 9855 13581 2060 9855 13582 2014 9855 13583 2014 9856 13584 2046 9856 13585 2002 9856 13586 2002 9857 13587 2046 9857 13588 2015 9857 13589 2002 9858 13590 2015 9858 13591 2010 9858 13592 2191 9859 13593 2192 9859 13594 2134 9859 13595 2191 9860 13596 2134 9860 13597 2133 9860 13598 2192 9861 13599 2204 9861 13600 2202 9861 13601 2202 9862 13602 2204 9862 13603 2209 9862 13604 2046 9863 13605 2064 9863 13606 2081 9863 13607 2046 9864 13608 2081 9864 13609 2070 9864 13610 2070 9865 13611 2081 9865 13612 2134 9865 13613 2134 9866 13614 2081 9866 13615 2133 9866 13616 2060 9867 13617 2002 9867 13618 2066 9867 13619 2060 9868 13620 2066 9868 13621 2069 9868 13622 2080 9869 13623 2110 9869 13624 2068 9869 13625 2059 9870 13626 2080 9870 13627 2068 9870 13628 2110 9871 13629 2177 9871 13630 2185 9871 13631 2110 9872 13632 2080 9872 13633 2177 9872 13634 2147 9873 13635 2108 9873 13636 2183 9873 13637 2068 9874 13638 2007 9874 13639 2059 9874 13640 2038 9875 13641 1949 9875 13642 1950 9875 13643 2038 9876 13644 1950 9876 13645 2057 9876 13646 2108 9877 13647 2073 9877 13648 2078 9877 13649 2190 9878 13650 2147 9878 13651 2183 9878 13652 2203 9879 13653 2185 9879 13654 2177 9879 13655 2055 9880 13656 1949 9880 13657 2038 9880 13658 2055 9881 13659 2006 9881 13660 1949 9881 13661 2013 9882 13662 2078 9882 13663 2073 9882 13664 2108 9883 13665 2147 9883 13666 2073 9883 13667 2185 9884 13668 2203 9884 13669 2196 9884 13670 2057 9885 13671 1950 9885 13672 2007 9885 13673 2057 9886 13674 2007 9886 13675 2068 9886 13676 2078 9887 13677 2013 9887 13678 2055 9887 13679 2183 9888 13680 2250 9888 13681 2190 9888 13682 2250 9889 13683 2183 9889 13684 2207 9889 13685 2250 9890 13686 2207 9890 13687 2260 9890 13688 2207 9891 13689 2262 9891 13690 2260 9891 13691 2196 9892 13692 2262 9892 13693 2207 9892 13694 2196 9893 13695 2254 9893 13696 2262 9893 13697 2196 9894 13698 2203 9894 13699 2254 9894 13700 2055 9895 13701 2013 9895 13702 2006 9895 13703 2189 9896 13704 2187 9897 13705 2261 9898 13706 2189 9899 13707 2261 9900 13708 2194 9901 13709 2141 9902 13710 2140 9903 13711 2170 9904 13712 2141 9905 13713 2170 9906 13714 2187 9907 13715 2012 9908 13716 2097 9909 13717 2100 9910 13718 2141 9911 13719 2097 9912 13720 2044 9913 13721 2044 9914 13722 2097 9915 13723 2012 9916 13724 2162 9917 13725 2171 9918 13726 2177 9919 13727 2177 9920 13728 2121 9921 13729 2162 9922 13730 2080 9923 13731 2100 9924 13732 2121 9925 13733 2080 9926 13734 2121 9927 13735 2177 9928 13736 2012 9929 13737 2100 9930 13738 2080 9931 13739 1941 9932 13740 2004 9933 13741 2003 9934 13742 2007 9935 13743 2003 9936 13744 2059 9937 13745 2004 9938 13746 2059 9939 13747 2003 9940 13748 2012 9941 13749 2059 9942 13750 2004 9943 13751 2012 9944 13752 2080 9945 13753 2059 9946 13754 2187 9947 13755 2189 9948 13756 2171 9949 13757 2171 9950 13758 2189 9951 13759 2177 9952 13760 2253 9953 13761 2203 9954 13762 2194 9955 13763 2177 9956 13764 2194 9957 13765 2203 9958 13766 2252 9959 13767 2187 9960 13768 2170 9961 13769 2187 9962 13770 2171 9963 13771 2141 9964 13772 2194 9965 13773 2177 9966 13774 2189 9967 13775 2044 9968 13776 2008 9969 13777 2082 9970 13778 2044 9971 13779 2012 9972 13780 2008 9973 13781 2008 9974 13782 2012 9975 13783 1941 9976 13784 2012 9977 13785 2004 9978 13786 1941 9979 13787 2261 9980 13788 2253 9981 13789 2194 9982 13790 2140 9983 13791 2141 9984 13792 2044 9985 13793 2315 9986 13794 2321 9987 13795 2319 9988 13796 2322 9989 13797 2321 9990 13798 2324 9991 13799 2324 9992 13800 2321 9993 13801 2315 9994 13802 2318 9995 13803 2320 9996 13804 2260 9997 13805 2319 9998 13806 2317 9999 13807 2262 10000 13808 2262 10001 13809 2317 10002 13810 2260 10003 13811 2260 10004 13812 2317 10005 13813 2318 10006 13814 2315 10007 13815 2319 10008 13816 2262 10009 13817 2314 10010 13818 2316 10011 13819 2257 10012 13820 2314 10013 13821 2257 10014 13822 2258 10015 13823 2325 10016 13824 2316 10017 13825 2328 10018 13826 2322 10019 13827 2324 10020 13828 2326 10021 13829 2322 10022 13830 2326 10023 13831 2316 10024 13832 2316 10025 13833 2326 10026 13834 2328 10027 13835 2261 10028 13836 2259 10029 13837 2253 10030 13838 2203 10031 13839 2253 10032 13840 2254 10033 13841 2259 10034 13842 2254 10035 13843 2253 10036 13844 2315 10037 13845 2254 10038 13846 2259 10039 13847 2315 10040 13848 2262 10041 13849 2254 10042 13850 2316 10043 13851 2314 10044 13852 2320 10045 13853 2320 10046 13854 2314 10047 13855 2260 10048 13856 2251 10049 13857 2250 10050 13858 2258 10051 13859 2260 10052 13860 2258 10053 13861 2250 10054 13862 2316 10055 13863 2320 10056 13864 2322 10057 13865 2258 10058 13866 2260 10059 13867 2314 10060 13868 2324 10061 13869 2323 10062 13870 2327 10063 13871 2324 10064 13872 2315 10065 13873 2323 10066 13874 2323 10067 13875 2315 10068 13876 2261 10069 13877 2315 10070 13878 2259 10071 13879 2261 10072 13880 2257 10073 13881 2251 10074 13882 2258 10075 13883 1949 10076 13884 1946 10077 13885 1947 10078 13886 1946 10079 13887 1949 10080 13888 1942 10081 13889 1927 10082 13890 1938 10083 13891 1923 10084 13892 1937 10085 13893 1936 10086 13894 1938 10087 13895 1938 10088 13896 1936 10089 13897 1935 10090 13898 1938 10091 13899 1935 10092 13900 1923 10093 13901 1940 10094 13902 1941 10095 13903 1951 10096 13904 1944 10097 13905 1948 10098 13906 2001 10099 13907 2013 10100 13908 2001 10101 13909 2006 10102 13910 1948 10103 13911 2006 10104 13912 2001 10105 13913 1939 10106 13914 1949 10107 13915 2006 10108 13916 1949 10109 13917 1947 10110 13918 1945 10111 13919 1949 10112 13920 1945 10113 13921 1950 10114 13922 1950 10115 13923 1945 10116 13924 1943 10117 13925 2003 10118 13926 2007 10119 13927 1951 10120 13928 1950 10121 13929 1951 10122 13930 2007 10123 13931 1951 10124 13932 1943 10125 13933 1940 10126 13934 1951 10127 13935 1950 10128 13936 1943 10129 13937 1940 10130 13938 1943 10131 13939 1938 10132 13940 1940 10133 13941 1938 10134 13942 1927 10135 13943 1940 10136 13944 1927 10137 13945 1941 10138 13946 1936 10139 13947 1901 10140 13948 1912 10141 13949 1901 10142 13950 1936 10143 13951 1939 10144 13952 1901 10145 13953 1939 10146 13954 1944 10147 13955 1939 10148 13956 1942 10149 13957 1949 10150 13958 1936 10151 13959 1942 10152 13960 1939 10153 13961 1939 10154 13962 1948 10155 13963 1944 10156 13964 1948 10157 13965 1939 10158 13966 2006 10159 13967 1941 10160 13968 2003 10161 13969 1951 10162 13970 1936 10163 13971 1937 10164 13972 1942 10165 13973 2120 10166 13974 2112 10167 13975 2077 10168 13976 2077 10169 13977 2112 10170 13978 2066 10171 13979 2161 10172 13980 2112 10173 13981 2120 10174 13982 2005 10175 13983 2002 10176 13984 1944 10177 13985 2005 10178 13986 1944 10179 13987 2009 10180 13988 2099 10181 13989 2077 10182 13990 2073 10183 13991 2147 10184 13992 2113 10185 13993 2073 10186 13994 2147 10187 13995 2153 10188 13996 2113 10189 13997 2153 10190 13998 2147 10191 13999 2182 10192 14000 2182 10193 14001 2163 10194 14002 2153 10195 14003 2120 10196 14004 2163 10197 14005 2182 10198 14006 2257 10199 14007 2197 10200 14008 2251 10201 14009 2250 10202 14010 2251 10203 14011 2190 10204 14012 2197 10205 14013 2190 10206 14014 2251 10207 14015 2182 10208 14016 2147 10209 14017 2190 10210 14018 2005 10211 14019 2073 10212 14020 2077 10213 14021 2073 10214 14022 2113 10215 14023 2099 10216 14024 2001 10217 14025 2013 10218 14026 2009 10219 14027 2073 10220 14028 2009 10221 14029 2013 10222 14030 2002 10223 14031 2005 10224 14032 2066 10225 14033 2066 10226 14034 2005 10227 14035 2077 10228 14036 2009 10229 14037 2073 10230 14038 2005 10231 14039 2161 10232 14040 2202 10233 14041 2173 10234 14042 2202 10235 14043 2161 10236 14044 2198 10237 14045 2202 10238 14046 2198 10239 14047 2257 10240 14048 2161 10241 14049 2182 10242 14050 2198 10243 14051 2198 10244 14052 2197 10245 14053 2257 10246 14054 2197 10247 14055 2198 10248 14056 2182 10249 14057 2197 10250 14058 2182 10251 14059 2190 10252 14060 1944 10253 14061 2001 10254 14062 2009 10255 14063 2161 10256 14064 2120 10257 14065 2182 10258 14066 2037 10259 14067 2043 10260 14068 2039 10261 14069 2243 10262 14070 2216 10263 14071 2207 10264 14072 2104 10265 14073 2095 10266 14074 2068 10267 14075 2110 10268 14076 2104 10269 14077 2068 10270 14078 2068 10271 14079 2095 10272 14080 2096 10273 14081 2079 10274 14082 2096 10275 14083 2107 10276 14084 2079 10277 14085 2107 10278 14086 2111 10279 14087 2096 10280 14088 2095 10281 14089 2131 10282 14090 2096 10283 14091 2131 10284 14092 2132 10285 14093 2132 10286 14094 2131 10287 14095 2155 10288 14096 2111 10289 14097 2169 10290 14098 2186 10291 14099 2155 10292 14100 2131 10293 14101 2172 10294 14102 2155 10295 14103 2172 10296 14104 2169 10297 14105 2169 10298 14106 2172 10299 14107 2185 10300 14108 2185 10301 14109 2172 10302 14110 2110 10303 14111 2111 10304 14112 2150 10305 14113 2169 10306 14114 2111 10307 14115 2107 10308 14116 2150 10309 14117 2109 10310 14118 2165 10311 14119 2124 10312 14120 2183 10313 14121 2148 10314 14122 2164 10315 14123 2108 10316 14124 2148 10317 14125 2183 10318 14126 2164 10319 14127 2165 10320 14128 2184 10321 14129 2184 10322 14130 2165 10323 14131 2109 10324 14132 2123 10325 14133 2101 10326 14134 2154 10327 14135 2123 10328 14136 2154 10329 14137 2164 10330 14138 2164 10331 14139 2154 10332 14140 2165 10333 14141 2101 10334 14142 2123 10335 14143 2085 10336 14144 2109 10337 14145 2086 10338 14146 2067 10339 14147 2067 10340 14148 2086 10341 14149 2085 10342 14150 2086 10343 14151 2101 10344 14152 2085 10345 14153 2078 10346 14154 2085 10347 14155 2106 10348 14156 2078 10349 14157 2106 10350 14158 2108 10351 14159 2109 10352 14160 2124 10353 14161 2086 10354 14162 2110 10355 14163 2130 10356 14164 2104 10357 14165 2110 10358 14166 2172 10359 14167 2130 10360 14168 2108 10361 14169 2106 10362 14170 2148 10363 14171 2039 10364 14172 2043 10365 14173 2058 10366 14174 2058 10367 14175 2043 10368 14176 2042 10369 14177 2042 10370 14178 2041 10371 14179 2040 10372 14180 2042 10373 14181 2040 10374 14182 2057 10375 14183 2040 10376 14184 2038 10377 14185 2057 10378 14186 2041 10379 14187 2042 10380 14188 2036 10381 14189 2041 10382 14190 2036 10383 14191 2035 10384 14192 2053 10385 14193 2052 10386 14194 2035 10387 14195 2053 10388 14196 2035 10389 14197 2036 10390 14198 2053 10391 14199 2054 10392 14200 2055 10393 14201 2052 10394 14202 2053 10395 14203 2055 10396 14204 2038 10397 14205 2034 10398 14206 2055 10399 14207 2055 10400 14208 2034 10401 14209 2052 10402 14210 2040 10403 14211 2034 10404 14212 2038 10405 14213 2207 10406 14214 2216 10407 14215 2196 10408 14216 2196 10409 14217 2216 10410 14218 2212 10411 14219 2212 10412 14220 2217 10413 14221 2213 10414 14222 2212 10415 14223 2213 10416 14224 2208 10417 14225 2235 10418 14226 2242 10419 14227 2208 10420 14228 2235 10421 14229 2208 10422 14230 2213 10423 14231 2215 10424 14232 2211 10425 14233 2195 10426 14234 2211 10427 14235 2233 10428 14236 2195 10429 14237 2195 10430 14238 2233 10431 14239 2210 10432 14240 2210 10433 14241 2214 10434 14242 2207 10435 14243 2207 10436 14244 2214 10437 14245 2243 10438 14246 2217 10439 14247 2212 10440 14248 2233 10441 14249 2233 10442 14250 2211 10443 14251 2234 10444 14252 2233 10445 14253 2234 10446 14254 2217 10447 14255 2054 10448 14256 2037 10449 14257 2056 10450 14258 2056 10451 14259 2037 10452 14260 2039 10453 14261 2242 10454 14262 2235 10455 14263 2215 10456 14264 2242 10457 14265 2215 10458 14266 2195 10459 14267 2067 10460 14268 2085 10461 14269 2078 10462 14270 2067 10463 14271 2078 10464 14272 2055 10465 14273 2067 10466 14274 2055 10467 14275 2056 10468 14276 2056 10469 14277 2055 10470 14278 2054 10471 14279 2058 10472 14280 2042 10473 14281 2057 10474 14282 2058 10475 14283 2057 10476 14284 2068 10477 14285 2058 10478 14286 2068 10479 14287 2079 10480 14288 2079 10481 14289 2068 10482 14290 2096 10483 14291 2186 10484 14292 2169 10485 14293 2185 10486 14294 2186 10487 14295 2185 10488 14296 2196 10489 14297 2186 10490 14298 2196 10491 14299 2208 10492 14300 2208 10493 14301 2196 10494 14302 2212 10495 14303 2195 10496 14304 2210 10497 14305 2207 10498 14306 2195 10499 14307 2207 10500 14308 2183 10501 14309 2195 10502 14310 2183 10503 14311 2184 10504 14312 2184 10505 14313 2183 10506 14314 2164 10507 14315 2109 10508 14316 2195 10508 14317 2184 10508 14318 2109 10509 14319 2242 10509 14320 2195 10509 14321 2186 10510 14322 2208 10510 14323 2109 10510 14324 2109 10511 14325 2208 10511 14326 2242 10511 14327 2109 10512 14328 2111 10512 14329 2186 10512 14330 2058 10513 14331 2079 10513 14332 2109 10513 14333 2109 10514 14334 2079 10514 14335 2111 10514 14336 2056 10515 14337 2039 10515 14338 2109 10515 14339 2109 10516 14340 2039 10516 14341 2058 10516 14342 2109 10517 14343 2067 10517 14344 2056 10517 14345 2140 10518 14346 2044 10519 14347 2132 10520 14348 2096 10521 14349 2044 10522 14350 2082 10523 14351 2044 10524 14352 2096 10525 14353 2132 10526 14354 2155 10527 14355 2140 10528 14356 2132 10529 14357 2169 10530 14358 2170 10531 14359 2155 10532 14360 2155 10533 14361 2170 10534 14362 2140 10535 14363 2096 10536 14364 2082 10537 14365 2107 10538 14366 2146 10539 14367 2107 10540 14368 2082 10541 14369 2107 10542 14370 2146 10543 14371 2150 10544 14372 2150 10545 14373 2146 10546 14374 2170 10547 14375 2150 10548 14376 2170 10549 14377 2169 10550 14378 2066 10551 14379 2124 10552 14380 2122 10553 14381 2066 10554 14382 2086 10555 14383 2124 10556 14384 2086 10557 14385 2066 10558 14386 2101 10559 14387 2101 10560 14388 2066 10561 14389 2112 10562 14390 2112 10563 14391 2154 10564 14392 2101 10565 14393 2154 10566 14394 2112 10567 14395 2161 10568 14396 2154 10569 14397 2161 10570 14398 2165 10571 14399 2161 10572 14400 2173 10573 14401 2165 10574 14402 2165 10575 14403 2173 10576 14404 2122 10577 14405 2165 10578 14406 2122 10579 14407 2124 10580 14408 2097 10581 14409 2131 10582 14410 2095 10583 14411 2131 10584 14412 2097 10585 14413 2141 10586 14414 2131 10587 14415 2141 10588 14416 2171 10589 14417 2131 10590 14418 2171 10591 14419 2172 10592 14420 2172 10593 14421 2171 10594 14422 2162 10595 14423 2172 10596 14424 2162 10597 14425 2130 10598 14426 2130 10599 14427 2162 10600 14428 2121 10601 14429 2121 10602 14430 2104 10603 14431 2130 10604 14432 2121 10605 14433 2100 10606 14434 2104 10607 14435 2104 10608 14436 2100 10609 14437 2095 10610 14438 2100 10611 14439 2097 10612 14440 2095 10613 14441 2077 10614 14442 2085 10615 14443 2120 10616 14444 2120 10617 14445 2085 10618 14446 2123 10619 14447 2085 10620 14448 2077 10621 14449 2099 10622 14450 2085 10623 14451 2099 10624 14452 2106 10625 14453 2099 10626 14454 2113 10627 14455 2106 10628 14456 2113 10629 14457 2148 10630 14458 2106 10631 14459 2148 10632 14460 2113 10633 14461 2153 10634 14462 2153 10635 14463 2163 10636 14464 2148 10637 14465 2148 10638 14466 2163 10639 14467 2164 10640 14468 2120 10641 14469 2123 10642 14470 2163 10643 14471 2163 10644 14472 2123 10645 14473 2164 10646 14474 1945 10647 14475 1947 10648 14476 2040 10649 14477 2040 10650 14478 1947 10651 14479 2034 10652 14480 2034 10653 14481 1947 10654 14482 1946 10655 14483 2034 10656 14484 1946 10657 14485 2052 10658 14486 1946 10659 14487 1942 10660 14488 2052 10661 14489 2052 10662 14490 1942 10663 14491 1937 10664 14492 2052 10665 14493 1937 10666 14494 2035 10667 14495 2035 10668 14496 1937 10669 14497 1938 10670 14498 1943 10671 14499 2041 10672 14500 1938 10673 14501 1938 10674 14502 2041 10675 14503 2035 10676 14504 2041 10677 14505 1943 10678 14506 2040 10679 14507 2040 10680 14508 1943 10681 14509 1945 10682 14510 2212 10683 14511 2321 10684 14512 2322 10685 14513 2212 10686 14514 2322 10687 14515 2233 10688 14516 2320 10689 14517 2210 10690 14518 2233 10691 14519 2320 10692 14520 2233 10693 14521 2322 10694 14522 2210 10695 14523 2320 10696 14524 2318 10697 14525 2210 10698 14526 2318 10699 14527 2214 10700 14528 2214 10701 14529 2318 10702 14530 2243 10703 14531 2243 10704 14532 2318 10705 14533 2317 10706 14534 2243 10707 14535 2317 10708 14536 2216 10709 14537 2216 10710 14538 2317 10711 14539 2319 10712 14540 2216 10713 14541 2319 10714 14542 2212 10715 14543 2319 10716 14544 2321 10717 14545 2212 10718 14546 2042 10719 14547 1935 10720 14548 2036 10721 14549 2036 10722 14550 1935 10723 14551 1936 10724 14552 1936 10725 14553 2053 10726 14554 2036 10727 14555 1936 10728 14556 1912 10729 14557 2053 10730 14558 2053 10731 14559 1912 10732 14560 2054 10733 14561 2054 10734 14562 1912 10735 14563 1917 10736 14564 2054 10737 14565 1917 10738 14566 2037 10739 14567 1923 10740 14568 2043 10741 14569 1917 10742 14570 1917 10743 14571 2043 10744 14572 2037 10745 14573 2043 10746 14574 1923 10747 14575 2042 10748 14576 2042 10749 14577 1923 10750 14578 1935 10751 14579 2213 10752 14580 2327 10753 14581 2341 10754 14582 2213 10755 14583 2341 10756 14584 2235 10757 14585 2328 10758 14586 2215 10759 14587 2341 10760 14588 2341 10761 14589 2215 10762 14590 2235 10763 14591 2215 10764 14592 2328 10765 14593 2211 10766 14594 2326 10767 14595 2234 10768 14596 2211 10769 14597 2326 10770 14598 2211 10771 14599 2328 10772 14600 2234 10773 14601 2326 10774 14602 2324 10775 14603 2234 10776 14604 2324 10777 14605 2217 10778 14606 2324 10779 14607 2327 10780 14608 2217 10781 14609 2217 10782 14610 2327 10783 14611 2213 10784 14612 2093 10785 14613 2105 10786 14614 2094 10787 14615 2093 10788 14616 2094 10789 14617 2103 10790 14618 2103 10791 14619 2094 10792 14620 2119 10793 14621 2119 10794 14622 2144 10795 14623 2103 10796 14624 2144 10797 14625 2119 10798 14626 2168 10799 14627 2144 10800 14628 2168 10801 14629 2176 10802 14630 2176 10803 14631 2168 10804 14632 2160 10805 14633 2176 10806 14634 2160 10807 14635 2145 10808 14636 2105 10809 14637 2145 10810 14638 2160 10811 14639 2093 10812 14640 2145 10813 14641 2105 10814 14642 2159 10815 14643 2152 10816 14644 2167 10817 14645 2159 10818 14646 2167 10819 14647 2158 10820 14648 2117 10821 14649 2158 10822 14650 2167 10823 14651 2158 10824 14652 2117 10825 14653 2118 10826 14654 2118 10827 14655 2117 10828 14656 2091 10829 14657 2118 10830 14658 2091 10831 14659 2092 10832 14660 2128 10833 14661 2129 10834 14662 2092 10835 14663 2128 10836 14664 2092 10837 14665 2091 10838 14666 2129 10839 14667 2128 10840 14668 2152 10841 14669 2129 10842 14670 2152 10843 14671 2159 10844 14672 2116 10845 14673 2127 10846 14674 2090 10847 14675 2116 10848 14676 2090 10849 14677 2089 10850 14678 2089 10851 14679 2090 10852 14680 2102 10853 14681 2102 10854 14682 2090 10855 14683 2114 10856 14684 2143 10857 14685 2142 10858 14686 2114 10859 14687 2114 10860 14688 2142 10861 14689 2102 10862 14690 2142 10863 14691 2143 10864 14692 2175 10865 14693 2142 10866 14694 2175 10867 14695 2174 10868 14696 2174 10869 14697 2175 10870 14698 2127 10871 14699 2174 10872 14700 2127 10873 14701 2151 10874 14702 2127 10875 14703 2116 10876 14704 2151 10877 14705 2157 10878 14706 2126 10879 14707 2166 10880 14708 2149 10881 14709 2156 10882 14710 2166 10883 14711 2166 10884 14712 2156 10885 14713 2157 10886 14714 2156 10887 14715 2149 10888 14716 2125 10889 14717 2125 10890 14718 2149 10891 14719 2098 10892 14720 2125 10893 14721 2098 10894 14722 2088 10895 14723 2088 10896 14724 2098 10897 14725 2087 10898 14726 2126 10899 14727 2115 10900 14728 2087 10901 14729 2087 10902 14730 2115 10903 14731 2088 10904 14732 2115 10905 14733 2126 10906 14734 2157 10907 14735 2010 10908 14736 1902 10908 14737 2002 10908 14738 2002 10909 14739 1902 10909 14740 1901 10909 14741 2002 10910 14742 1901 10910 14743 1944 10910 14744 2011 10911 14745 1934 10911 14746 2010 10911 14747 2010 10912 14748 1934 10912 14749 1902 10912 14750 1934 10913 14751 2011 10913 14752 1927 10913 14753 1927 10914 14754 2011 10914 14755 2008 10914 14756 1927 10915 14757 2008 10915 14758 1941 10915 14759 2329 10916 14760 2255 10916 14761 2325 10916 14762 2325 10917 14763 2255 10917 14764 2202 10917 14765 2325 10918 14766 2257 10918 14767 2316 10918 14768 2325 10919 14769 2202 10919 14770 2257 10919 14771 2357 10920 14772 2256 10920 14773 2329 10920 14774 2329 10921 14775 2256 10921 14776 2255 10921 14777 2256 10922 14778 2357 10922 14779 2252 10922 14780 2252 10923 14781 2357 10923 14782 2323 10923 14783 2252 10924 14784 2261 10924 14785 2187 10924 14786 2252 10925 14787 2323 10925 14788 2261 10925 14789 2279 10926 14790 2274 10926 14791 2286 10926 14792 2279 10927 14793 2286 10927 14794 2283 10927 14795 2283 10928 14796 2286 10928 14797 2288 10928 14798 2283 8582 14799 2288 8582 14800 2284 8582 14801 2284 10929 14802 2288 10929 14803 2276 10929 14804 2284 10930 14805 2276 10930 14806 2280 10930 14807 2280 10931 14808 2276 10931 14809 2268 10931 14810 2280 10932 14811 2268 10932 14812 2271 10932 14813 2271 10933 14814 2268 10933 14815 2264 10933 14816 2271 10934 14817 2264 10934 14818 2272 10934 14819 2272 10935 14820 2264 10935 14821 2266 10935 14822 2272 10936 14823 2266 10936 14824 2279 10936 14825 2279 10937 14826 2266 10937 14827 2274 10937 14828 2276 10938 14829 2335 10939 14830 2268 10940 14831 2268 10941 14832 2335 10942 14833 2264 10943 14834 2264 10944 14835 2335 10945 14836 2331 10946 14837 2264 10947 14838 2331 10948 14839 2266 10949 14840 2266 10950 14841 2331 10951 14842 2333 10952 14843 2266 10953 14844 2333 10954 14845 2274 10955 14846 2274 10956 14847 2333 10957 14848 2337 10958 14849 2274 10959 14850 2337 10960 14851 2286 10961 14852 2286 10962 14853 2337 10963 14854 2288 10964 14855 2288 10965 14856 2337 10966 14857 2342 10967 14858 2288 10968 14859 2342 10969 14860 2339 10970 14861 2288 10971 14862 2339 10972 14863 2276 10973 14864 2276 10974 14865 2339 10975 14866 2335 10976 14867 2302 10977 14868 2298 10977 14869 2309 10977 14870 2302 10978 14871 2309 10978 14872 2306 10978 14873 2306 10979 14874 2309 10979 14875 2313 10979 14876 2306 10980 14877 2313 10980 14878 2307 10980 14879 2307 10981 14880 2313 10981 14881 2301 10981 14882 2307 10982 14883 2301 10982 14884 2303 10982 14885 2303 10983 14886 2301 10983 14887 2293 10983 14888 2303 10984 14889 2293 10984 14890 2295 10984 14891 2295 10985 14892 2293 10985 14893 2289 10985 14894 2295 10986 14895 2289 10986 14896 2297 10986 14897 2297 10987 14898 2289 10987 14899 2292 10987 14900 2297 10988 14901 2292 10988 14902 2302 10988 14903 2302 10989 14904 2292 10989 14905 2298 10989 14906 2301 10990 14907 2348 10991 14908 2293 10992 14909 2293 10993 14910 2348 10994 14911 2344 10995 14912 2293 10996 14913 2344 10997 14914 2289 10998 14915 2289 10999 14916 2344 11000 14917 2342 11001 14918 2289 11002 14919 2342 11003 14920 2292 8658 14921 2292 11004 14922 2342 11005 14923 2346 11006 14924 2292 11007 14925 2346 11008 14926 2298 11009 14927 2298 11010 14928 2346 11011 14929 2349 11012 14930 2298 11013 14931 2349 11014 14932 2309 11015 14933 2309 11016 14934 2349 11017 14935 2354 11018 14936 2309 11019 14937 2354 11020 14938 2313 11021 14939 2313 11022 14940 2354 11023 14941 2356 11024 14942 2313 11025 14943 2356 11026 14944 2301 11027 14945 2301 11028 14946 2356 11029 14947 2352 11030 14948 2301 11031 14949 2352 11032 14950 2348 11033 14951 2265 11034 14952 2273 11034 14953 2277 11034 14954 2277 11035 14955 2273 11035 14956 2285 11035 14957 2277 11036 14958 2285 11036 14959 2281 11036 14960 2281 11037 14961 2285 11037 14962 2287 11037 14963 2281 11038 14964 2287 11038 14965 2282 11038 14966 2282 11039 14967 2287 11039 14968 2275 11039 14969 2282 11040 14970 2275 11040 14971 2278 11040 14972 2278 11041 14973 2275 11041 14974 2267 11041 14975 2278 11042 14976 2267 11042 14977 2269 11042 14978 2269 11043 14979 2267 11043 14980 2263 11043 14981 2269 11044 14982 2263 11044 14983 2270 11044 14984 2270 11045 14985 2263 11045 14986 2265 11045 14987 2270 11046 14988 2265 11046 14989 2277 11046 14990 2275 11047 14991 2334 11048 14992 2267 11049 14993 2267 11050 14994 2334 11051 14995 2263 11052 14996 2263 11053 14997 2334 11054 14998 2330 11055 14999 2263 11056 15000 2330 11057 15001 2265 11058 15002 2265 11059 15003 2330 11060 15004 2332 11061 15005 2265 11062 15006 2332 11063 15007 2273 11064 15008 2273 11065 15009 2332 11066 15010 2336 11067 15011 2273 11068 15012 2336 11069 15013 2285 11070 15014 2285 11071 15015 2336 11072 15016 2340 11073 15017 2285 11074 15018 2340 11075 15019 2287 11076 15020 2287 11077 15021 2340 11078 15022 2343 11079 15023 2287 11080 15024 2343 11081 15025 2338 11082 15026 2287 11083 15027 2338 11084 15028 2275 11085 15029 2275 11086 15030 2338 11087 15031 2334 11088 15032 2304 11089 15033 2299 11089 15034 2310 11089 15035 2304 11090 15036 2310 11090 15037 2308 11090 15038 2308 11091 15039 2310 11091 15040 2312 11091 15041 2308 11092 15042 2312 11092 15043 2305 11092 15044 2305 11093 15045 2312 11093 15046 2311 11093 15047 2305 11094 15048 2311 11094 15049 2294 11094 15050 2305 11095 15051 2294 11095 15052 2300 11095 15053 2300 11096 15054 2294 11096 15055 2290 11096 15056 2300 11097 15057 2290 11097 15058 2296 11097 15059 2296 11098 15060 2290 11098 15061 2291 11098 15062 2296 11099 15063 2291 11099 15064 2304 11099 15065 2304 11100 15066 2291 11100 15067 2299 11100 15068 2294 11101 15069 2351 11102 15070 2347 11103 15071 2294 11104 15072 2347 11105 15073 2290 11106 15074 2290 11107 15075 2347 11108 15076 2343 11109 15077 2290 11110 15078 2343 11111 15079 2291 11112 15080 2291 11113 15081 2343 11114 15082 2345 11115 15083 2291 11116 15084 2345 11117 15085 2299 11118 15086 2299 11119 15087 2345 11120 15088 2350 11121 15089 2299 11122 15090 2350 11123 15091 2310 11124 15092 2310 11125 15093 2350 11126 15094 2355 11127 15095 2310 11128 15096 2355 11129 15097 2312 11130 15098 2312 11131 15099 2355 11132 15100 2353 11133 15101 2312 11134 15102 2353 11135 15103 2311 11136 15104 2311 11137 15105 2353 11138 15106 2294 11139 15107 2294 11140 15108 2353 11141 15109 2351 11142 15110 1965 11143 15111 1967 11143 15112 1973 11143 15113 1965 11144 15114 1973 11144 15115 1971 11144 15116 1971 11145 15117 1973 11145 15118 1975 11145 15119 1971 11146 15120 1975 11146 15121 1969 11146 15122 1969 11147 15123 1975 11147 15124 1963 11147 15125 1969 11148 15126 1963 11148 15127 1961 11148 15128 1961 11149 15129 1963 11149 15130 1957 11149 15131 1961 11150 15132 1957 11150 15133 1959 11150 15134 1959 11151 15135 1957 11151 15136 1953 11151 15137 1959 11152 15138 1953 11152 15139 1955 11152 15140 1959 11153 15141 1955 11153 15142 1965 11153 15143 1965 11154 15144 1955 11154 15145 1967 11154 15146 1963 11155 15147 1911 11156 15148 1957 11157 15149 1957 11158 15150 1911 11159 15151 1907 11160 15152 1957 11161 15153 1907 11162 15154 1953 11163 15155 1953 11164 15156 1907 11165 15157 1904 11166 15158 1953 11167 15159 1904 11168 15160 1906 11169 15161 1953 11170 15162 1906 11171 15163 1955 11172 15164 1955 11173 15165 1906 11174 15166 1909 11175 15167 1955 11176 15168 1909 11177 15169 1967 11178 15170 1967 11179 15171 1909 11180 15172 1914 11181 15173 1967 11182 15174 1914 11183 15175 1973 11184 15176 1973 11185 15177 1914 11186 15178 1918 11187 15179 1973 11188 15180 1918 11189 15181 1975 11190 15182 1975 11191 15183 1918 11192 15184 1916 11193 15185 1975 11194 15186 1916 11195 15187 1963 11196 15188 1963 8849 15189 1916 11197 15190 1911 8851 15191 1988 8852 15192 1990 8852 15193 1997 8852 15194 1988 11198 15195 1997 11198 15196 1994 11198 15197 1994 11199 15198 1997 11199 15199 1999 11199 15200 1994 11200 15201 1999 11200 15202 1992 11200 15203 1992 11201 15204 1999 11201 15205 1987 11201 15206 1992 11202 15207 1987 11202 15208 1985 11202 15209 1985 11149 15210 1987 11149 15211 1981 11149 15212 1985 11203 15213 1981 11203 15214 1983 11203 15215 1983 11204 15216 1981 11204 15217 1976 11204 15218 1983 11205 15219 1976 11205 15220 1978 11205 15221 1983 11206 15222 1978 11206 15223 1988 11206 15224 1988 11207 15225 1978 11207 15226 1990 11207 15227 1987 11208 15228 1926 11209 15229 1981 11210 15230 1981 11211 15231 1926 11212 15232 1920 11213 15233 1981 11214 15234 1920 11215 15235 1976 11216 15236 1976 11217 15237 1920 11218 15238 1918 11219 15239 1976 11220 15240 1918 11221 15241 1978 11222 15242 1978 11223 15243 1918 11224 15244 1922 11225 15245 1978 11226 15246 1922 11227 15247 1925 11228 15248 1978 11229 15249 1925 11230 15250 1990 11231 15251 1990 11232 15252 1925 11233 15253 1930 11234 15254 1990 11235 15255 1930 11236 15256 1997 11237 15257 1997 11238 15258 1930 11239 15259 1932 11240 15260 1997 11241 15261 1932 11242 15262 1999 11243 15263 1999 11244 15264 1932 11245 15265 1987 11246 15266 1987 11247 15267 1932 11248 15268 1926 11249 15269 1964 11250 15270 1966 11250 15271 1972 11250 15272 1964 11251 15273 1972 11251 15274 1970 11251 15275 1970 11252 15276 1972 11252 15277 1974 11252 15278 1970 11253 15279 1974 11253 15280 1968 11253 15281 1968 11254 15282 1974 11254 15283 1962 11254 15284 1968 11255 15285 1962 11255 15286 1960 11255 15287 1960 11256 15288 1962 11256 15289 1956 11256 15290 1960 11257 15291 1956 11257 15292 1958 11257 15293 1958 11258 15294 1956 11258 15295 1952 11258 15296 1958 11259 15297 1952 11259 15298 1954 11259 15299 1958 11260 15300 1954 11260 15301 1964 11260 15302 1964 11261 15303 1954 11261 15304 1966 11261 15305 1962 11262 15306 1908 11263 15307 1956 11264 15308 1956 11265 15309 1908 11266 15310 1952 11267 15311 1952 11268 15312 1908 11269 15313 1903 11270 15314 1952 11271 15315 1903 11272 15316 1905 11273 15317 1952 11274 15318 1905 11275 15319 1954 11276 15320 1954 11277 15321 1905 11278 15322 1910 11279 15323 1954 11280 15324 1910 11281 15325 1966 11282 15326 1966 11283 15327 1910 11284 15328 1913 11285 15329 1966 11286 15330 1913 11287 15331 1972 11288 15332 1972 11289 15333 1913 11290 15334 1919 11291 15335 1972 11292 15336 1919 11293 15337 1974 11294 15338 1974 11295 15339 1919 11296 15340 1915 11297 15341 1974 11298 15342 1915 11299 15343 1962 11300 15344 1962 11301 15345 1915 11302 15346 1908 11303 15347 1989 11304 15348 1991 11304 15349 1998 11304 15350 1989 11305 15351 1998 11305 15352 1995 11305 15353 1995 11306 15354 1998 11306 15355 2000 11306 15356 1995 11307 15357 2000 11307 15358 1993 11307 15359 1993 11308 15360 2000 11308 15361 1996 11308 15362 1993 11309 15363 1996 11309 15364 1982 11309 15365 1993 11310 15366 1982 11310 15367 1986 11310 15368 1986 11311 15369 1982 11311 15370 1979 11311 15371 1986 11312 15372 1979 11312 15373 1984 11312 15374 1984 11313 15375 1979 11313 15376 1977 11313 15377 1984 11314 15378 1977 11314 15379 1980 11314 15380 1984 11315 15381 1980 11315 15382 1989 11315 15383 1989 11316 15384 1980 11316 15385 1991 11316 15386 1982 11317 15387 1929 11318 15388 1924 11319 15389 1982 11320 15390 1924 11321 15391 1979 11322 15392 1979 11323 15393 1924 11324 15394 1919 11325 15395 1979 11326 15396 1919 11327 15397 1977 11328 15398 1977 11329 15399 1919 11330 15400 1921 11331 15401 1977 11332 15402 1921 11333 15403 1980 11334 15404 1980 11335 15405 1921 11336 15406 1991 11337 15407 1991 11338 15408 1921 11339 15409 1928 11340 15410 1991 11341 15411 1928 11342 15412 1998 11343 15413 1998 11344 15414 1928 11345 15415 1931 11346 15416 1998 11347 15417 1931 11348 15418 2000 11349 15419 2000 11350 15420 1931 11351 15421 1933 11352 15422 2000 11353 15423 1933 11354 15424 1996 11355 15425 1996 11356 15426 1933 11357 15427 1929 11358 15428 1996 11359 15429 1929 11360 15430 1982 11361 15431</p>
        </triangles>
      </mesh>
    </geometry>
  </library_geometries>
  <library_visual_scenes>
    <visual_scene id="Scene" name="Scene">
      <node id="Shape_IndexedFaceSet_006" name="Shape_IndexedFaceSet.006" type="NODE">
        <matrix sid="transform">1 0 0 0 0 1 0 0 0 0 1 0 0 0 0 1</matrix>
        <instance_geometry url="#Shape_IndexedFaceSet_006-mesh" name="Shape_IndexedFaceSet.006">
          <bind_material>
            <technique_common>
              <instance_material symbol="Shape_006-material" target="#Shape_006-material">
                <bind_vertex_input semantic="UVMap" input_semantic="TEXCOORD" input_set="0"/>
              </instance_material>
              <instance_material symbol="Shape_001-material" target="#Shape_001-material">
                <bind_vertex_input semantic="UVMap" input_semantic="TEXCOORD" input_set="0"/>
              </instance_material>
              <instance_material symbol="Shape_005-material" target="#Shape_005-material">
                <bind_vertex_input semantic="UVMap" input_semantic="TEXCOORD" input_set="0"/>
              </instance_material>
              <instance_material symbol="Shape_007-material" target="#Shape_007-material">
                <bind_vertex_input semantic="UVMap" input_semantic="TEXCOORD" input_set="0"/>
              </instance_material>
              <instance_material symbol="Shape_008-material" target="#Shape_008-material">
                <bind_vertex_input semantic="UVMap" input_semantic="TEXCOORD" input_set="0"/>
              </instance_material>
              <instance_material symbol="Shape_009-material" target="#Shape_009-material">
                <bind_vertex_input semantic="UVMap" input_semantic="TEXCOORD" input_set="0"/>
              </instance_material>
            </technique_common>
          </bind_material>
        </instance_geometry>
      </node>
      <node id="Camera" name="Camera" type="NODE">
        <matrix sid="transform">0.6859207 -0.3240135 0.6515582 7.358891 0.7276763 0.3054208 -0.6141704 -6.925791 0 0.8953956 0.4452714 4.958309 0 0 0 1</matrix>
        <instance_camera url="#Camera-camera"/>
      </node>
      <node id="Light" name="Light" type="NODE">
        <matrix sid="transform">-0.2908646 -0.7711008 0.5663932 4.076245 0.9551712 -0.1998834 0.2183912 1.005454 -0.05518906 0.6045247 0.7946723 5.903862 0 0 0 1</matrix>
        <instance_light url="#Light-light"/>
      </node>
    </visual_scene>
  </library_visual_scenes>
  <scene>
    <instance_visual_scene url="#Scene"/>
  </scene>
</COLLADA>